/*
 * font_inter.c — GENERATED by tools/mkfont.c; do not edit by hand.
 *
 * Inter 4.1 by Rasmus Andersson, SIL Open Font License 1.1
 * (third_party/inter/LICENSE.txt).  Regular and SemiBold, ASCII 32-126,
 * 13px per display scale, light hinting, 8-bit coverage.
 */

#include "font.h"

static const UINT8 inter_regular_1_bits[5264] = {
  0xcf,0x8f,0xcb,0x8c,0xc8,0x89,0xc6,0x86,0xc3,0x84,0xc0,0x80,0x3a,0x27,0x7f,0x54,
  0xcd,0x91,0xb2,0x97,0x8d,0xbc,0xa9,0x8e,0x84,0xb3,0xa0,0x84,0x7a,0xaa,0x56,0x46,
  0x41,0x5c,0x00,0x00,0x6b,0xa4,0x00,0x12,0xeb,0x00,0x00,0x00,0x9e,0x71,0x00,0x4f,
  0xbf,0x00,0x2e,0xf2,0xfd,0xf3,0xf2,0xf9,0xf8,0xe3,0x00,0x00,0xee,0x0f,0x00,0xaa,
  0x68,0x00,0x00,0x29,0xdd,0x00,0x00,0xd2,0x36,0x00,0xae,0xf1,0xf8,0xeb,0xeb,0xfd,
  0xeb,0x66,0x00,0x83,0x8e,0x00,0x30,0xda,0x00,0x00,0x00,0xa3,0x6b,0x00,0x56,0xba,
  0x00,0x00,0x00,0xc3,0x47,0x00,0x79,0x9a,0x00,0x00,0x00,0x00,0x00,0x25,0x55,0x00,
  0x00,0x00,0x00,0x00,0x00,0x42,0x99,0x00,0x00,0x00,0x00,0x16,0xa8,0xee,0xfc,0xde,
  0x6c,0x00,0x00,0xc6,0xac,0x54,0x9b,0x58,0xf5,0x4d,0x00,0xf6,0x49,0x42,0x99,0x00,
  0x47,0x2e,0x00,0xac,0xdf,0x91,0x9a,0x00,0x00,0x00,0x00,0x04,0x71,0xcf,0xfd,0xcb,
  0x57,0x00,0x00,0x00,0x00,0x42,0xa5,0x76,0xf1,0x5b,0x1f,0x76,0x06,0x42,0x99,0x00,
  0xa9,0xa0,0x12,0xef,0x90,0x4f,0x9b,0x52,0xef,0x67,0x00,0x44,0xcb,0xf6,0xfc,0xe4,
  0x80,0x00,0x00,0x00,0x00,0x42,0x99,0x00,0x00,0x00,0x22,0xc7,0xd2,0x95,0x00,0x00,
  0x00,0x5b,0xcb,0x06,0x00,0x89,0x94,0x02,0xe5,0x25,0x00,0x23,0xe0,0x2b,0x00,0x00,
  0x84,0x9b,0x09,0xea,0x20,0x02,0xc4,0x64,0x00,0x00,0x00,0x18,0xb8,0xd2,0x83,0x00,
  0x85,0xa8,0x00,0x00,0x00,0x00,0x00,0x00,0x00,0x00,0x43,0xd9,0x12,0x00,0x00,0x00,
  0x00,0x00,0x00,0x00,0x13,0xdb,0x3f,0x09,0xa5,0xd2,0x97,0x02,0x00,0x00,0x00,0xad,
  0x80,0x00,0x61,0xbb,0x02,0xd1,0x47,0x00,0x00,0x69,0xc0,0x02,0x00,0x66,0xb1,0x00,
  0xca,0x4e,0x00,0x2d,0xdf,0x21,0x00,0x00,0x13,0xbd,0xd0,0xb1,0x09,0x00,0x17,0xbb,
  0xf2,0xdd,0x5f,0x00,0x00,0x00,0x00,0x8a,0xcf,0x0f,0x5e,0xf6,0x06,0x00,0x00,0x00,
  0x83,0xbf,0x00,0x5e,0xe1,0x00,0x00,0x00,0x00,0x10,0xd6,0x9b,0xd2,0x2e,0x00,0x00,
  0x00,0x00,0x46,0xe7,0xef,0x7c,0x00,0x21,0x27,0x00,0x20,0xf1,0x5f,0x38,0xf0,0x5a,
  0xa1,0x99,0x00,0x5b,0xe7,0x00,0x00,0x53,0xf1,0xeb,0x5a,0x00,0x29,0xf8,0x62,0x06,
  0x38,0xdc,0xf8,0x21,0x00,0x00,0x57,0xd6,0xf7,0xe3,0x8b,0xa2,0xc9,0x07,0xb2,0x97,
  0xa9,0x8e,0xa0,0x84,0x56,0x46,0x00,0x17,0x8b,0x07,0x00,0x8c,0xbf,0x00,0x00,0xe4,
  0x5e,0x00,0x35,0xfb,0x13,0x00,0x75,0xce,0x00,0x00,0x91,0xb0,0x00,0x00,0xa2,0x9e,
  0x00,0x00,0x96,0xab,0x00,0x00,0x6f,0xd3,0x00,0x00,0x29,0xfc,0x21,0x00,0x00,0xc6,
  0x82,0x00,0x00,0x4e,0xe5,0x07,0x30,0x7c,0x00,0x00,0x10,0xf1,0x49,0x00,0x00,0xa0,
  0xa8,0x00,0x00,0x5a,0xe7,0x00,0x00,0x13,0xfe,0x2e,0x00,0x00,0xeb,0x4f,0x00,0x00,
  0xd8,0x64,0x00,0x00,0xe4,0x57,0x00,0x18,0xfe,0x29,0x00,0x66,0xdf,0x00,0x00,0xc0,
  0x87,0x00,0x37,0xee,0x16,0x00,0x00,0x04,0x3d,0xbc,0x00,0x04,0x20,0xd8,0x78,0xbf,
  0x9f,0x9a,0x00,0x2f,0xe2,0xff,0x90,0x04,0x20,0xda,0x9f,0xcd,0xc7,0x89,0x00,0x20,
  0x3a,0xba,0x02,0x1f,0x00,0x00,0x0f,0x2e,0x00,0x00,0x00,0x00,0x48,0xd7,0x00,0x00,
  0x00,0x00,0x00,0x4b,0xdd,0x00,0x00,0x00,0x00,0x00,0x4b,0xdd,0x00,0x00,0x00,0xc6,
  0xf9,0xfa,0xfe,0xf9,0xf9,0x68,0x00,0x00,0x4b,0xdd,0x00,0x00,0x00,0x00,0x00,0x4b,
  0xdd,0x00,0x00,0x00,0x00,0x64,0x5b,0x00,0xd0,0x72,0x00,0xf3,0x27,0x26,0xd9,0x00,
  0x1b,0xef,0xef,0xef,0xef,0x16,0x02,0x22,0x22,0x22,0x22,0x02,0x82,0x58,0xcd,0x94,
  0x00,0x00,0x00,0xd3,0x4f,0x00,0x00,0x1d,0xf3,0x0b,0x00,0x00,0x68,0xbc,0x00,0x00,
  0x00,0xac,0x7a,0x00,0x00,0x00,0xea,0x30,0x00,0x00,0x3b,0xe2,0x00,0x00,0x00,0x84,
  0xa2,0x00,0x00,0x00,0xc5,0x5e,0x00,0x00,0x10,0xf5,0x14,0x00,0x00,0x59,0xc9,0x00,
  0x00,0x00,0x9e,0x89,0x00,0x00,0x00,0x00,0x07,0x9a,0xef,0xf6,0xb4,0x1b,0x00,0x00,
  0x89,0xdd,0x3a,0x29,0xbe,0xb8,0x00,0x04,0xed,0x57,0x00,0x00,0x22,0xfb,0x2e,0x26,
  0xff,0x0d,0x00,0x00,0x00,0xda,0x5d,0x3f,0xf7,0x00,0x00,0x00,0x00,0xca,0x73,0x26,
  0xff,0x0d,0x00,0x00,0x00,0xda,0x5d,0x04,0xef,0x57,0x00,0x00,0x22,0xfb,0x2f,0x00,
  0x8e,0xdd,0x3e,0x2d,0xbf,0xbb,0x00,0x00,0x09,0x9e,0xf0,0xf6,0xb6,0x1d,0x00,0x00,
  0x42,0xdd,0xff,0x30,0x54,0xec,0x71,0xff,0x30,0x43,0x27,0x13,0xff,0x30,0x00,0x00,
  0x13,0xff,0x30,0x00,0x00,0x13,0xff,0x30,0x00,0x00,0x13,0xff,0x30,0x00,0x00,0x13,
  0xff,0x30,0x00,0x00,0x13,0xff,0x30,0x00,0x00,0x13,0xff,0x30,0x00,0x1d,0xb4,0xf5,
  0xf1,0xa5,0x10,0x00,0xbd,0xb4,0x21,0x2d,0xc8,0xa2,0x00,0xac,0x2f,0x00,0x00,0x69,
  0xd3,0x00,0x00,0x00,0x00,0x00,0xb2,0xa2,0x00,0x00,0x00,0x00,0x7f,0xe5,0x1c,0x00,
  0x00,0x00,0x76,0xea,0x35,0x00,0x00,0x00,0x72,0xea,0x37,0x00,0x00,0x00,0x6f,0xf0,
  0x48,0x18,0x18,0x18,0x06,0xfd,0xff,0xff,0xff,0xff,0xff,0x00,0x1c,0xac,0xf1,0xf5,
  0xb4,0x1c,0x00,0x00,0xc2,0xb9,0x2c,0x23,0xc0,0xb3,0x00,0x00,0x7a,0x25,0x00,0x00,
  0x5f,0xe3,0x00,0x00,0x00,0x00,0x00,0x14,0xb9,0xa8,0x00,0x00,0x00,0x00,0xdc,0xfc,
  0xd0,0x1b,0x00,0x00,0x00,0x00,0x23,0x3d,0xa7,0xd9,0x0c,0x13,0x53,0x07,0x00,0x00,
  0x07,0xfc,0x42,0x12,0xef,0x95,0x22,0x21,0x8d,0xf1,0x17,0x00,0x3e,0xc3,0xf6,0xf6,
  0xc4,0x3f,0x00,0x00,0x00,0x00,0x00,0x7e,0xff,0x6b,0x00,0x00,0x00,0x00,0x30,0xed,
  0xe7,0x6b,0x00,0x00,0x00,0x04,0xcc,0x7b,0xcf,0x6b,0x00,0x00,0x00,0x82,0xc8,0x02,
  0xcf,0x6b,0x00,0x00,0x34,0xef,0x2f,0x00,0xcf,0x6b,0x00,0x06,0xcf,0x7d,0x00,0x00,
  0xcf,0x6b,0x00,0x47,0xff,0xf0,0xef,0xef,0xfc,0xf5,0xa6,0x0b,0x27,0x27,0x27,0x27,
  0xd5,0x7c,0x1b,0x00,0x00,0x00,0x00,0x00,0xcf,0x6b,0x00,0x00,0x9a,0xff,0xff,0xff,
  0xff,0x8e,0x00,0xb7,0x8c,0x13,0x13,0x13,0x0b,0x00,0xd4,0x66,0x00,0x00,0x00,0x00,
  0x00,0xf0,0xb7,0xde,0xdd,0x86,0x04,0x04,0x8f,0x74,0x34,0x5c,0xef,0x89,0x00,0x00,
  0x00,0x00,0x00,0x6d,0xe1,0x16,0x6e,0x07,0x00,0x00,0x6b,0xe4,0x0c,0xea,0x94,0x1f,
  0x43,0xdf,0x93,0x00,0x3a,0xc7,0xf8,0xeb,0x95,0x07,0x00,0x00,0x84,0xe7,0xf8,0xc5,
  0x29,0x00,0x00,0x7b,0xde,0x46,0x1d,0x95,0xe4,0x0b,0x00,0xe6,0x51,0x00,0x00,0x06,
  0x5a,0x14,0x28,0xfd,0x48,0xcb,0xe4,0xb0,0x25,0x00,0x41,0xfc,0xd4,0x46,0x35,0xb9,
  0xd8,0x04,0x3a,0xff,0x43,0x00,0x00,0x0c,0xf5,0x42,0x10,0xfb,0x46,0x00,0x00,0x09,
  0xf4,0x45,0x00,0xa6,0xd1,0x31,0x23,0xb1,0xde,0x06,0x00,0x0f,0xa0,0xea,0xf6,0xbe,
  0x2d,0x00,0x6f,0xff,0xff,0xff,0xff,0xff,0xc5,0x0c,0x1d,0x1d,0x1d,0x1d,0xd1,0x94,
  0x00,0x00,0x00,0x00,0x59,0xf0,0x18,0x00,0x00,0x00,0x02,0xd6,0x85,0x00,0x00,0x00,
  0x00,0x68,0xe9,0x0f,0x00,0x00,0x00,0x07,0xe0,0x76,0x00,0x00,0x00,0x00,0x78,0xdf,
  0x07,0x00,0x00,0x00,0x10,0xea,0x66,0x00,0x00,0x00,0x00,0x86,0xd5,0x02,0x00,0x00,
  0x00,0x00,0x1c,0xb0,0xf3,0xf4,0xb1,0x1d,0x00,0x00,0xb3,0xbf,0x22,0x20,0xbb,0xb8,
  0x00,0x00,0xdc,0x63,0x00,0x00,0x5c,0xe2,0x00,0x00,0x96,0xc0,0x1f,0x1d,0xbd,0x9d,
  0x00,0x00,0x20,0xd5,0xff,0xff,0xda,0x23,0x00,0x04,0xd8,0x98,0x17,0x1d,0x97,0xdc,
  0x0b,0x36,0xfe,0x0c,0x00,0x00,0x04,0xfb,0x42,0x14,0xf0,0x90,0x1d,0x1c,0x8b,0xf3,
  0x1b,0x00,0x40,0xc5,0xf6,0xf6,0xc7,0x44,0x00,0x00,0x1d,0xaf,0xf3,0xeb,0xa8,0x14,
  0x00,0x00,0xcb,0xc5,0x2e,0x34,0xcf,0xb3,0x00,0x2f,0xfe,0x1c,0x00,0x00,0x2d,0xfe,
  0x1c,0x37,0xfd,0x18,0x00,0x00,0x25,0xff,0x4b,0x04,0xdf,0xa4,0x09,0x13,0xbd,0xfc,
  0x51,0x00,0x37,0xd5,0xf6,0xf0,0x78,0xee,0x39,0x0b,0x42,0x07,0x16,0x07,0x35,0xef,
  0x07,0x06,0xe4,0x9b,0x22,0x40,0xd2,0x89,0x00,0x00,0x2b,0xc1,0xf8,0xec,0x90,0x02,
  0x00,0x82,0x58,0xcd,0x94,0x00,0x00,0x00,0x00,0x00,0x00,0x82,0x58,0xcd,0x94,0x00,
  0x66,0x75,0x00,0xa6,0xbb,0x00,0x00,0x00,0x00,0x00,0x00,0x00,0x00,0x00,0x00,0x64,
  0x5b,0x00,0xd0,0x72,0x00,0xf3,0x27,0x26,0xd9,0x00,0x00,0x00,0x00,0x00,0x36,0xb0,
  0x1f,0x00,0x00,0x3a,0xb4,0xf2,0x9b,0x0c,0x3f,0xb8,0xea,0x88,0x18,0x00,0x00,0xdd,
  0xe6,0x39,0x00,0x00,0x00,0x00,0x13,0x86,0xeb,0xb6,0x42,0x00,0x00,0x00,0x00,0x12,
  0x84,0xeb,0xc7,0x12,0x00,0x00,0x00,0x00,0x0f,0x80,0x1a,0x90,0xeb,0xeb,0xeb,0xeb,
  0xeb,0x34,0x14,0x22,0x22,0x22,0x22,0x22,0x07,0x00,0x00,0x00,0x00,0x00,0x00,0x00,
  0x92,0xef,0xef,0xef,0xef,0xef,0x35,0x17,0x27,0x27,0x27,0x27,0x27,0x07,0x77,0x81,
  0x10,0x00,0x00,0x00,0x00,0x40,0xc7,0xed,0x85,0x14,0x00,0x00,0x00,0x00,0x41,0xb3,
  0xec,0x8a,0x17,0x00,0x00,0x00,0x04,0x81,0xff,0x82,0x00,0x0c,0x73,0xdd,0xcc,0x56,
  0x00,0x59,0xea,0xc9,0x52,0x00,0x00,0x00,0x5d,0x4d,0x00,0x00,0x00,0x00,0x00,0x00,
  0x7e,0xe6,0xf7,0xcb,0x36,0x54,0xf5,0x42,0x0b,0x99,0xd6,0x35,0x53,0x00,0x00,0x48,
  0xf7,0x00,0x00,0x00,0x26,0xcf,0xad,0x00,0x00,0x33,0xf0,0x95,0x0b,0x00,0x00,0x91,
  0xbe,0x00,0x00,0x00,0x00,0x25,0x27,0x00,0x00,0x00,0x00,0x66,0x6d,0x00,0x00,0x00,
  0x00,0xaa,0xb4,0x00,0x00,0x00,0x00,0x00,0x55,0xb2,0xdc,0xe4,0xde,0xac,0x43,0x00,
  0x00,0x00,0x02,0xa7,0xd4,0x5a,0x0f,0x00,0x10,0x5f,0xdb,0x7f,0x00,0x00,0x80,0xce,
  0x0b,0x67,0xe0,0xe4,0xae,0xcd,0x1a,0xe1,0x46,0x02,0xe5,0x45,0x37,0xe9,0x35,0x0d,
  0xa6,0xd3,0x00,0x79,0xa9,0x27,0xf1,0x00,0x82,0x9d,0x00,0x00,0x46,0xd3,0x00,0x50,
  0xca,0x40,0xde,0x00,0x81,0x9e,0x00,0x00,0x4b,0xd3,0x00,0x58,0xc0,0x2f,0xec,0x00,
  0x3d,0xe8,0x1d,0x02,0xa7,0xe9,0x06,0x91,0x92,0x04,0xef,0x39,0x00,0x7b,0xe4,0xe4,
  0x69,0xb9,0xeb,0xd0,0x1a,0x00,0x91,0xc0,0x04,0x00,0x00,0x00,0x00,0x00,0x00,0x00,
  0x00,0x00,0x0b,0xbf,0xc7,0x4d,0x07,0x00,0x07,0x4f,0x1b,0x00,0x00,0x00,0x00,0x04,
  0x6d,0xc3,0xe9,0xe8,0xea,0xc7,0x39,0x00,0x00,0x00,0x00,0x00,0x7c,0xfe,0x68,0x00,
  0x00,0x00,0x00,0x00,0x00,0xd6,0x9f,0xc5,0x00,0x00,0x00,0x00,0x00,0x3e,0xe7,0x12,
  0xf1,0x2d,0x00,0x00,0x00,0x00,0xa0,0x92,0x00,0xa4,0x90,0x00,0x00,0x00,0x0b,0xee,
  0x2d,0x00,0x40,0xe6,0x04,0x00,0x00,0x65,0xfd,0xeb,0xeb,0xeb,0xff,0x57,0x00,0x00,
  0xc1,0x80,0x22,0x22,0x22,0x89,0xb6,0x00,0x27,0xfc,0x21,0x00,0x00,0x00,0x29,0xfa,
  0x1d,0x89,0xcc,0x00,0x00,0x00,0x00,0x00,0xd1,0x81,0xe1,0xff,0xff,0xfc,0xe0,0x6e,
  0x00,0xe1,0x6e,0x13,0x18,0x5e,0xf8,0x3e,0xe1,0x67,0x00,0x00,0x00,0xd4,0x6a,0xe1,
  0x67,0x00,0x09,0x64,0xea,0x26,0xe1,0xff,0xff,0xff,0xfc,0x7a,0x00,0xe1,0x67,0x00,
  0x06,0x44,0xe3,0x7a,0xe1,0x67,0x00,0x00,0x00,0x85,0xc4,0xe1,0x6c,0x0d,0x10,0x38,
  0xd0,0x9d,0xe1,0xff,0xff,0xfe,0xed,0xa6,0x12,0x00,0x00,0x47,0xc2,0xf3,0xf4,0xbf,
  0x40,0x00,0x00,0x52,0xf7,0x8c,0x30,0x39,0x96,0xf5,0x3e,0x00,0xda,0x85,0x00,0x00,
  0x00,0x00,0x97,0xa0,0x27,0xff,0x1c,0x00,0x00,0x00,0x00,0x00,0x00,0x3f,0xfb,0x00,
  0x00,0x00,0x00,0x00,0x00,0x00,0x27,0xff,0x1c,0x00,0x00,0x00,0x00,0x00,0x00,0x00,
  0xdb,0x84,0x00,0x00,0x00,0x00,0x9a,0xa2,0x00,0x52,0xf6,0x8c,0x34,0x3d,0x98,0xf5,
  0x3d,0x00,0x00,0x47,0xc3,0xf3,0xf5,0xc1,0x41,0x00,0xe1,0xff,0xff,0xf8,0xd9,0x81,
  0x06,0x00,0xe1,0x6e,0x13,0x26,0x5e,0xe0,0xb0,0x00,0xe1,0x67,0x00,0x00,0x00,0x2b,
  0xf8,0x47,0xe1,0x67,0x00,0x00,0x00,0x00,0xbe,0x8e,0xe1,0x67,0x00,0x00,0x00,0x00,
  0xa5,0xa2,0xe1,0x67,0x00,0x00,0x00,0x00,0xbf,0x8d,0xe1,0x67,0x00,0x00,0x00,0x2c,
  0xf8,0x46,0xe1,0x6c,0x0d,0x25,0x5e,0xe0,0xad,0x00,0xe1,0xff,0xff,0xf6,0xd7,0x7f,
  0x04,0x00,0xe1,0xff,0xff,0xff,0xff,0xeb,0xe1,0x6e,0x13,0x13,0x13,0x10,0xe1,0x67,
  0x00,0x00,0x00,0x00,0xe1,0x67,0x00,0x00,0x00,0x00,0xe1,0xf4,0xef,0xef,0xef,0x99,
  0xe1,0x79,0x27,0x27,0x27,0x18,0xe1,0x67,0x00,0x00,0x00,0x00,0xe1,0x6c,0x0d,0x0d,
  0x0d,0x0c,0xe1,0xff,0xff,0xff,0xff,0xf9,0xe1,0xff,0xff,0xff,0xff,0xe1,0xe1,0x6e,
  0x13,0x13,0x13,0x10,0xe1,0x67,0x00,0x00,0x00,0x00,0xe1,0x67,0x00,0x00,0x00,0x00,
  0xe1,0xf4,0xef,0xef,0xef,0x76,0xe1,0x79,0x27,0x27,0x27,0x13,0xe1,0x67,0x00,0x00,
  0x00,0x00,0xe1,0x67,0x00,0x00,0x00,0x00,0xe1,0x67,0x00,0x00,0x00,0x00,0x00,0x00,
  0x4c,0xc5,0xf4,0xf4,0xc2,0x48,0x00,0x00,0x54,0xf7,0x8a,0x2f,0x33,0x8e,0xf8,0x4f,
  0x00,0xda,0x84,0x00,0x00,0x00,0x00,0x7a,0x84,0x27,0xff,0x1c,0x00,0x00,0x00,0x00,
  0x00,0x00,0x3f,0xfb,0x00,0x00,0x00,0xb8,0xeb,0xeb,0xd5,0x27,0xff,0x1c,0x00,0x00,
  0x1b,0x22,0x78,0xdd,0x00,0xdb,0x85,0x00,0x00,0x00,0x00,0xb1,0xb1,0x00,0x53,0xf8,
  0x8d,0x35,0x35,0x99,0xf7,0x3a,0x00,0x00,0x49,0xc3,0xf3,0xf4,0xc2,0x40,0x00,0xe1,
  0x67,0x00,0x00,0x00,0x00,0xba,0x92,0xe1,0x67,0x00,0x00,0x00,0x00,0xba,0x92,0xe1,
  0x67,0x00,0x00,0x00,0x00,0xba,0x92,0xe1,0x67,0x00,0x00,0x00,0x00,0xba,0x92,0xe1,
  0xf4,0xef,0xef,0xef,0xef,0xfa,0x92,0xe1,0x79,0x27,0x27,0x27,0x27,0xc1,0x92,0xe1,
  0x67,0x00,0x00,0x00,0x00,0xba,0x92,0xe1,0x67,0x00,0x00,0x00,0x00,0xba,0x92,0xe1,
  0x67,0x00,0x00,0x00,0x00,0xba,0x92,0xe1,0x67,0xe1,0x67,0xe1,0x67,0xe1,0x67,0xe1,
  0x67,0xe1,0x67,0xe1,0x67,0xe1,0x67,0xe1,0x67,0x00,0x00,0x00,0x00,0x00,0xef,0x57,
  0x00,0x00,0x00,0x00,0x00,0xef,0x57,0x00,0x00,0x00,0x00,0x00,0xef,0x57,0x00,0x00,
  0x00,0x00,0x00,0xef,0x57,0x00,0x00,0x00,0x00,0x00,0xef,0x57,0x16,0x2d,0x00,0x00,
  0x00,0xef,0x57,0x61,0xe5,0x00,0x00,0x00,0xf6,0x4d,0x28,0xf8,0x6d,0x1b,0x80,0xf2,
  0x17,0x00,0x5e,0xdb,0xf7,0xd5,0x4f,0x00,0xe1,0x67,0x00,0x00,0x07,0xb9,0xd4,0x18,
  0xe1,0x67,0x00,0x06,0xb3,0xd7,0x1b,0x00,0xe1,0x67,0x02,0xac,0xda,0x1d,0x00,0x00,
  0xe1,0x65,0xa3,0xde,0x20,0x00,0x00,0x00,0xe1,0xcd,0xea,0xeb,0x22,0x00,0x00,0x00,
  0xe1,0xd6,0x1c,0xb5,0xc6,0x04,0x00,0x00,0xe1,0x67,0x00,0x17,0xe2,0x8e,0x00,0x00,
  0xe1,0x67,0x00,0x00,0x42,0xf7,0x51,0x00,0xe1,0x67,0x00,0x00,0x00,0x7e,0xeb,0x22,
  0xe1,0x67,0x00,0x00,0x00,0x00,0xe1,0x67,0x00,0x00,0x00,0x00,0xe1,0x67,0x00,0x00,
  0x00,0x00,0xe1,0x67,0x00,0x00,0x00,0x00,0xe1,0x67,0x00,0x00,0x00,0x00,0xe1,0x67,
  0x00,0x00,0x00,0x00,0xe1,0x67,0x00,0x00,0x00,0x00,0xe1,0x6c,0x0d,0x0d,0x0d,0x09,
  0xe1,0xff,0xff,0xff,0xff,0xc5,0xe1,0xfa,0x20,0x00,0x00,0x00,0x00,0x63,0xff,0xa4,
  0xe1,0xeb,0x87,0x00,0x00,0x00,0x00,0xc5,0xea,0xa4,0xe1,0xa2,0xe4,0x04,0x00,0x00,
  0x31,0xf6,0xac,0xa4,0xe1,0x5f,0xed,0x5b,0x00,0x00,0x99,0xae,0xa3,0xa4,0xe1,0x5b,
  0x95,0xbf,0x00,0x0c,0xef,0x48,0xa4,0xa4,0xe1,0x5b,0x2c,0xfc,0x2c,0x6a,0xd8,0x00,
  0xa4,0xa4,0xe1,0x5b,0x00,0xbd,0x88,0xc1,0x78,0x00,0xa4,0xa4,0xe1,0x5b,0x00,0x57,
  0xdf,0xf0,0x14,0x00,0xa4,0xa4,0xe1,0x5b,0x00,0x02,0xe0,0xa4,0x00,0x00,0xa4,0xa4,
  0xe1,0xdf,0x0f,0x00,0x00,0x00,0x99,0xb3,0xe1,0xe8,0x9c,0x00,0x00,0x00,0x99,0xb3,
  0xe1,0x7b,0xf4,0x4b,0x00,0x00,0x99,0xb3,0xe1,0x68,0x81,0xdf,0x0f,0x00,0x99,0xb3,
  0xe1,0x6b,0x04,0xcc,0x9c,0x00,0x99,0xb3,0xe1,0x6b,0x00,0x33,0xf6,0x4b,0x99,0xb3,
  0xe1,0x6b,0x00,0x00,0x81,0xdd,0x9c,0xb3,0xe1,0x6b,0x00,0x00,0x04,0xcd,0xe9,0xb3,
  0xe1,0x6b,0x00,0x00,0x00,0x33,0xf7,0xb3,0x00,0x00,0x47,0xc2,0xf3,0xf1,0xbe,0x3f,
  0x00,0x00,0x00,0x52,0xf7,0x8c,0x30,0x33,0x95,0xf6,0x44,0x00,0x00,0xda,0x85,0x00,
  0x00,0x00,0x00,0x97,0xcd,0x00,0x27,0xff,0x1c,0x00,0x00,0x00,0x00,0x31,0xff,0x17,
  0x3f,0xfb,0x00,0x00,0x00,0x00,0x00,0x10,0xff,0x31,0x27,0xff,0x1c,0x00,0x00,0x00,
  0x00,0x31,0xff,0x17,0x00,0xdb,0x85,0x00,0x00,0x00,0x00,0x95,0xcd,0x00,0x00,0x52,
  0xf7,0x8d,0x34,0x36,0x95,0xf6,0x44,0x00,0x00,0x00,0x47,0xc3,0xf3,0xf2,0xbf,0x3f,
  0x00,0x00,0xe1,0xff,0xff,0xfb,0xd9,0x63,0x00,0xe1,0x6e,0x13,0x1f,0x6b,0xfa,0x43,
  0xe1,0x67,0x00,0x00,0x00,0xbb,0x97,0xe1,0x67,0x00,0x00,0x00,0xb5,0x9b,0xe1,0x67,
  0x00,0x00,0x4b,0xf7,0x51,0xe1,0xf4,0xef,0xf6,0xf1,0x80,0x00,0xe1,0x79,0x27,0x21,
  0x04,0x00,0x00,0xe1,0x67,0x00,0x00,0x00,0x00,0x00,0xe1,0x67,0x00,0x00,0x00,0x00,
  0x00,0x00,0x00,0x47,0xc2,0xf3,0xf1,0xbe,0x3f,0x00,0x00,0x00,0x52,0xf7,0x8c,0x30,
  0x33,0x95,0xf6,0x44,0x00,0x00,0xda,0x85,0x00,0x00,0x00,0x00,0x97,0xce,0x00,0x27,
  0xff,0x1c,0x00,0x00,0x00,0x00,0x31,0xff,0x18,0x3f,0xfb,0x00,0x00,0x00,0x00,0x00,
  0x10,0xff,0x31,0x27,0xff,0x1c,0x00,0x00,0x00,0x00,0x30,0xfe,0x17,0x00,0xdb,0x85,
  0x00,0x26,0xd4,0x40,0x95,0xc7,0x00,0x00,0x52,0xf7,0x8d,0x34,0x82,0xf0,0xf2,0x3e,
  0x00,0x00,0x00,0x47,0xc3,0xf3,0xf5,0xd3,0xd5,0x10,0x00,0x00,0x00,0x00,0x00,0x00,
  0x00,0x00,0x71,0x4f,0x00,0xe1,0xff,0xff,0xfc,0xe0,0x81,0x00,0xe1,0x6e,0x13,0x1b,
  0x56,0xf0,0x66,0xe1,0x67,0x00,0x00,0x00,0xaf,0xa0,0xe1,0x67,0x00,0x00,0x2e,0xe6,
  0x75,0xe1,0xf4,0xef,0xf3,0xfc,0x9d,0x07,0xe1,0x79,0x27,0x51,0xfd,0x3a,0x00,0xe1,
  0x67,0x00,0x00,0xba,0xb9,0x00,0xe1,0x67,0x00,0x00,0x3e,0xfd,0x41,0xe1,0x67,0x00,
  0x00,0x00,0xb7,0xbf,0x00,0x1d,0xa9,0xed,0xf9,0xd5,0x5f,0x00,0x00,0xc7,0xba,0x31,
  0x1a,0x69,0xf6,0x45,0x00,0xf6,0x48,0x00,0x00,0x00,0x52,0x34,0x00,0xaa,0xd6,0x5e,
  0x12,0x00,0x00,0x00,0x00,0x02,0x6b,0xc0,0xf2,0xc4,0x52,0x00,0x00,0x00,0x00,0x00,
  0x0d,0x67,0xec,0x59,0x21,0x85,0x0f,0x00,0x00,0x00,0xa9,0x9f,0x0c,0xe9,0xab,0x33,
  0x25,0x71,0xf5,0x62,0x00,0x35,0xba,0xee,0xf9,0xd8,0x71,0x00,0x6f,0xff,0xff,0xff,
  0xff,0xff,0xff,0xcc,0x07,0x13,0x13,0x7e,0xd8,0x13,0x13,0x0f,0x00,0x00,0x00,0x77,
  0xd6,0x00,0x00,0x00,0x00,0x00,0x00,0x77,0xd6,0x00,0x00,0x00,0x00,0x00,0x00,0x77,
  0xd6,0x00,0x00,0x00,0x00,0x00,0x00,0x77,0xd6,0x00,0x00,0x00,0x00,0x00,0x00,0x77,
  0xd6,0x00,0x00,0x00,0x00,0x00,0x00,0x77,0xd6,0x00,0x00,0x00,0x00,0x00,0x00,0x77,
  0xd6,0x00,0x00,0x00,0xe1,0x67,0x00,0x00,0x00,0x00,0xb6,0x95,0xe1,0x67,0x00,0x00,
  0x00,0x00,0xb6,0x95,0xe1,0x67,0x00,0x00,0x00,0x00,0xb6,0x95,0xe1,0x67,0x00,0x00,
  0x00,0x00,0xb6,0x95,0xe1,0x67,0x00,0x00,0x00,0x00,0xb6,0x95,0xe0,0x68,0x00,0x00,
  0x00,0x00,0xb7,0x95,0xcb,0x8f,0x00,0x00,0x00,0x00,0xda,0x7d,0x66,0xfb,0x7c,0x28,
  0x36,0xa7,0xee,0x21,0x00,0x64,0xd2,0xf8,0xf1,0xb8,0x34,0x00,0x89,0xcf,0x00,0x00,
  0x00,0x00,0x00,0xd9,0x81,0x25,0xfc,0x35,0x00,0x00,0x00,0x3f,0xfb,0x20,0x00,0xbe,
  0x95,0x00,0x00,0x00,0x9c,0xb9,0x00,0x00,0x60,0xe9,0x06,0x00,0x07,0xeb,0x5c,0x00,
  0x00,0x09,0xec,0x57,0x00,0x5a,0xea,0x07,0x00,0x00,0x00,0x98,0xb1,0x00,0xb1,0x97,
  0x00,0x00,0x00,0x00,0x35,0xf6,0x1d,0xf6,0x35,0x00,0x00,0x00,0x00,0x00,0xcd,0xaf,
  0xce,0x00,0x00,0x00,0x00,0x00,0x00,0x71,0xff,0x73,0x00,0x00,0x00,0x95,0xbc,0x00,
  0x00,0x00,0x7b,0xff,0x48,0x00,0x00,0x00,0xea,0x65,0x4d,0xf4,0x07,0x00,0x00,0xbc,
  0xea,0x8f,0x00,0x00,0x38,0xfc,0x1a,0x07,0xf2,0x4c,0x00,0x09,0xf5,0x8b,0xcf,0x00,
  0x00,0x7f,0xcb,0x00,0x00,0xb6,0x90,0x00,0x4f,0xe4,0x20,0xfc,0x1a,0x00,0xbf,0x87,
  0x00,0x00,0x71,0xcf,0x00,0x95,0xa3,0x00,0xd3,0x63,0x09,0xf6,0x3d,0x00,0x00,0x25,
  0xfc,0x17,0xd4,0x5d,0x00,0x91,0xa5,0x4d,0xe9,0x00,0x00,0x00,0x00,0xd6,0x6a,0xf8,
  0x13,0x00,0x48,0xde,0x8d,0xa8,0x00,0x00,0x00,0x00,0x94,0xd5,0xc5,0x00,0x00,0x06,
  0xf0,0xd7,0x61,0x00,0x00,0x00,0x00,0x4c,0xff,0x83,0x00,0x00,0x00,0xb3,0xfb,0x14,
  0x00,0x00,0x2b,0xf2,0x61,0x00,0x00,0x00,0x74,0xe7,0x1b,0x00,0x66,0xef,0x25,0x00,
  0x35,0xf4,0x4c,0x00,0x00,0x00,0xaa,0xc5,0x0b,0xd6,0x8c,0x00,0x00,0x00,0x00,0x12,
  0xde,0xc9,0xc7,0x04,0x00,0x00,0x00,0x00,0x00,0x80,0xff,0x65,0x00,0x00,0x00,0x00,
  0x00,0x2c,0xf0,0x9d,0xe9,0x1c,0x00,0x00,0x00,0x07,0xcf,0x9b,0x00,0xbc,0xbb,0x00,
  0x00,0x00,0x97,0xd5,0x0b,0x00,0x1d,0xea,0x79,0x00,0x56,0xf4,0x33,0x00,0x00,0x00,
  0x52,0xf6,0x39,0x68,0xf3,0x26,0x00,0x00,0x00,0x47,0xf9,0x3e,0x00,0xba,0xbb,0x00,
  0x00,0x0b,0xdb,0x92,0x00,0x00,0x23,0xf1,0x64,0x00,0x8f,0xdb,0x0b,0x00,0x00,0x00,
  0x70,0xea,0x3e,0xf7,0x45,0x00,0x00,0x00,0x00,0x00,0xc1,0xf0,0x99,0x00,0x00,0x00,
  0x00,0x00,0x00,0x46,0xff,0x13,0x00,0x00,0x00,0x00,0x00,0x00,0x3e,0xff,0x07,0x00,
  0x00,0x00,0x00,0x00,0x00,0x3e,0xff,0x07,0x00,0x00,0x00,0x00,0x00,0x00,0x3e,0xff,
  0x07,0x00,0x00,0x00,0x46,0xff,0xff,0xff,0xff,0xff,0xff,0x64,0x02,0x0d,0x0d,0x0d,
  0x0d,0x79,0xdc,0x0f,0x00,0x00,0x00,0x00,0x39,0xf3,0x3e,0x00,0x00,0x00,0x00,0x0c,
  0xd8,0x83,0x00,0x00,0x00,0x00,0x00,0x9e,0xc5,0x02,0x00,0x00,0x00,0x00,0x56,0xef,
  0x26,0x00,0x00,0x00,0x00,0x1d,0xea,0x61,0x00,0x00,0x00,0x00,0x00,0xbb,0xa2,0x07,
  0x07,0x07,0x07,0x02,0x36,0xff,0xff,0xff,0xff,0xff,0xff,0x77,0x98,0xf6,0xeb,0x9d,
  0x95,0x00,0x9d,0x95,0x00,0x9d,0x95,0x00,0x9d,0x95,0x00,0x9d,0x95,0x00,0x9d,0x95,
  0x00,0x9d,0x95,0x00,0x9d,0x95,0x00,0x9d,0x95,0x00,0x9d,0x95,0x00,0x98,0xf6,0xeb,
  0x9e,0x88,0x00,0x00,0x00,0x59,0xc9,0x00,0x00,0x00,0x10,0xf5,0x14,0x00,0x00,0x00,
  0xc5,0x5e,0x00,0x00,0x00,0x84,0xa2,0x00,0x00,0x00,0x3b,0xe2,0x00,0x00,0x00,0x00,
  0xea,0x30,0x00,0x00,0x00,0xac,0x7a,0x00,0x00,0x00,0x68,0xbc,0x00,0x00,0x00,0x1d,
  0xf3,0x09,0x00,0x00,0x00,0xd2,0x4f,0x42,0xf2,0xf7,0x5c,0x00,0x00,0xcf,0x5f,0x00,
  0x00,0xcf,0x5f,0x00,0x00,0xcf,0x5f,0x00,0x00,0xcf,0x5f,0x00,0x00,0xcf,0x5f,0x00,
  0x00,0xcf,0x5f,0x00,0x00,0xcf,0x5f,0x00,0x00,0xcf,0x5f,0x00,0x00,0xcf,0x5f,0x00,
  0x00,0xcf,0x5f,0x42,0xf2,0xf7,0x5c,0x00,0x00,0xd4,0xe9,0x0c,0x00,0x00,0x58,0xd0,
  0xb5,0x76,0x00,0x00,0xcb,0x64,0x42,0xe3,0x07,0x4e,0xe3,0x06,0x00,0xc7,0x6d,0xef,
  0xef,0xef,0xef,0xef,0xde,0x27,0x27,0x27,0x27,0x27,0x23,0x00,0xac,0x68,0x00,0x00,
  0x3e,0xdb,0x06,0x00,0x59,0xd1,0xf6,0xe1,0x75,0x00,0x13,0xd8,0x64,0x09,0x45,0xf9,
  0x2e,0x00,0x00,0x00,0x18,0x44,0xf0,0x58,0x07,0x96,0xe6,0xd9,0xb6,0xef,0x5b,0x5f,
  0xe6,0x20,0x00,0x00,0xe9,0x5b,0x60,0xe6,0x2b,0x16,0x82,0xfd,0x5b,0x06,0x96,0xeb,
  0xed,0x8e,0xda,0x5b,0xff,0x30,0x00,0x00,0x00,0x00,0x00,0xff,0x30,0x00,0x00,0x00,
  0x00,0x00,0xff,0x6a,0xe0,0xf7,0xc0,0x27,0x00,0xff,0xcf,0x33,0x18,0xb3,0xd2,0x00,
  0xff,0x5c,0x00,0x00,0x18,0xfe,0x38,0xff,0x38,0x00,0x00,0x00,0xeb,0x54,0xff,0x5d,
  0x00,0x00,0x1a,0xfe,0x37,0xff,0xcd,0x2e,0x14,0xb4,0xd2,0x00,0xff,0x63,0xda,0xf6,
  0xc3,0x29,0x00,0x00,0x23,0xb9,0xf5,0xed,0x9c,0x0b,0x02,0xd3,0xb1,0x1a,0x2b,0xcc,
  0x95,0x42,0xfc,0x13,0x00,0x00,0x16,0x07,0x60,0xe4,0x00,0x00,0x00,0x00,0x00,0x44,
  0xfb,0x10,0x00,0x00,0x18,0x0d,0x02,0xd6,0xac,0x13,0x23,0xc7,0x9c,0x00,0x27,0xbc,
  0xf5,0xee,0xa1,0x0c,0x00,0x00,0x00,0x00,0x00,0x3e,0xf6,0x00,0x00,0x00,0x00,0x00,
  0x3e,0xf6,0x00,0x2e,0xc5,0xf7,0xdd,0x6f,0xf6,0x06,0xdd,0xa8,0x16,0x37,0xd5,0xf6,
  0x47,0xfb,0x0d,0x00,0x00,0x65,0xf6,0x61,0xe3,0x00,0x00,0x00,0x42,0xf6,0x46,0xfb,
  0x0f,0x00,0x00,0x67,0xf6,0x04,0xdd,0xab,0x12,0x34,0xd2,0xf6,0x00,0x30,0xc7,0xf8,
  0xdd,0x63,0xf6,0x00,0x22,0xb8,0xf5,0xe7,0x8b,0x04,0x02,0xd2,0xa7,0x13,0x30,0xda,
  0x86,0x42,0xf5,0x0b,0x00,0x00,0x67,0xd9,0x60,0xfd,0xf2,0xf2,0xf2,0xf3,0xea,0x44,
  0xee,0x04,0x00,0x00,0x00,0x00,0x02,0xd6,0x9d,0x18,0x21,0xa7,0x93,0x00,0x26,0xb9,
  0xf4,0xf2,0xb5,0x1f,0x00,0x2f,0xcb,0xf8,0x7e,0x00,0x84,0xcf,0x18,0x0b,0xdb,0xfa,
  0xfc,0xf6,0x57,0x00,0x86,0xb6,0x00,0x00,0x00,0x86,0xb6,0x00,0x00,0x00,0x86,0xb6,
  0x00,0x00,0x00,0x86,0xb6,0x00,0x00,0x00,0x86,0xb6,0x00,0x00,0x00,0x86,0xb6,0x00,
  0x00,0x00,0x28,0xc1,0xf7,0xdf,0x66,0xf9,0x02,0xd6,0xae,0x17,0x37,0xd5,0xf9,0x42,
  0xfc,0x12,0x00,0x00,0x65,0xf9,0x60,0xe2,0x00,0x00,0x00,0x3e,0xf9,0x4b,0xf6,0x0d,
  0x00,0x00,0x5e,0xf9,0x07,0xe1,0x9f,0x16,0x2e,0xcf,0xf9,0x00,0x34,0xc9,0xf8,0xdf,
  0x70,0xf9,0x00,0x02,0x00,0x00,0x00,0x45,0xf2,0x00,0xc5,0x7f,0x12,0x1c,0xb5,0xbe,
  0x00,0x46,0xcd,0xf6,0xf2,0xb6,0x21,0xff,0x30,0x00,0x00,0x00,0x00,0xff,0x30,0x00,
  0x00,0x00,0x00,0xff,0x74,0xe1,0xf5,0xb4,0x10,0xff,0xb6,0x20,0x2f,0xdf,0x86,0xff,
  0x41,0x00,0x00,0x8f,0xb3,0xff,0x30,0x00,0x00,0x86,0xba,0xff,0x30,0x00,0x00,0x86,
  0xba,0xff,0x30,0x00,0x00,0x86,0xba,0xff,0x30,0x00,0x00,0x86,0xba,0x22,0xea,0x46,
  0x06,0x6f,0x16,0x00,0xff,0x30,0x00,0xff,0x30,0x00,0xff,0x30,0x00,0xff,0x30,0x00,
  0xff,0x30,0x00,0xff,0x30,0x00,0xff,0x30,0x00,0x22,0xea,0x46,0x00,0x06,0x6f,0x16,
  0x00,0x00,0xff,0x30,0x00,0x00,0xff,0x30,0x00,0x00,0xff,0x30,0x00,0x00,0xff,0x30,
  0x00,0x00,0xff,0x30,0x00,0x00,0xff,0x30,0x00,0x00,0xff,0x30,0x00,0x00,0xff,0x2f,
  0x00,0x45,0xfc,0x13,0x39,0xf0,0x80,0x00,0xff,0x30,0x00,0x00,0x00,0x00,0xff,0x30,
  0x00,0x00,0x00,0x00,0xff,0x30,0x00,0x48,0xee,0x54,0xff,0x30,0x44,0xed,0x58,0x00,
  0xff,0x66,0xec,0x5b,0x00,0x00,0xff,0xef,0xf6,0x3e,0x00,0x00,0xff,0x4b,0x8e,0xe4,
  0x1c,0x00,0xff,0x30,0x02,0xbd,0xc5,0x06,0xff,0x30,0x00,0x17,0xdf,0x9a,0xff,0x30,
  0xff,0x30,0xff,0x30,0xff,0x30,0xff,0x30,0xff,0x30,0xff,0x30,0xff,0x30,0xff,0x30,
  0xff,0x7b,0xda,0xee,0x63,0x78,0xdd,0xf0,0x96,0x00,0xff,0x93,0x02,0x39,0xf0,0xa5,
  0x04,0x27,0xf0,0x4c,0xff,0x37,0x00,0x00,0xe4,0x56,0x00,0x00,0xc9,0x71,0xff,0x30,
  0x00,0x00,0xe4,0x53,0x00,0x00,0xc8,0x73,0xff,0x30,0x00,0x00,0xe4,0x53,0x00,0x00,
  0xc8,0x73,0xff,0x30,0x00,0x00,0xe4,0x53,0x00,0x00,0xc8,0x73,0xff,0x30,0x00,0x00,
  0xe4,0x53,0x00,0x00,0xc8,0x73,0xff,0x71,0xdc,0xf0,0xb4,0x10,0xff,0xa9,0x0c,0x1a,
  0xd8,0x84,0xff,0x3e,0x00,0x00,0x8e,0xaf,0xff,0x30,0x00,0x00,0x86,0xb6,0xff,0x30,
  0x00,0x00,0x86,0xb6,0xff,0x30,0x00,0x00,0x86,0xb6,0xff,0x30,0x00,0x00,0x86,0xb6,
  0x00,0x23,0xb9,0xf5,0xee,0x9e,0x0d,0x00,0x02,0xd3,0xb1,0x1a,0x2b,0xd5,0xa4,0x00,
  0x42,0xfc,0x13,0x00,0x00,0x49,0xf9,0x0d,0x60,0xe4,0x00,0x00,0x00,0x18,0xff,0x28,
  0x44,0xfb,0x10,0x00,0x00,0x46,0xfa,0x0d,0x02,0xd6,0xac,0x13,0x25,0xd1,0xa8,0x00,
  0x00,0x27,0xbc,0xf5,0xef,0xa2,0x0f,0x00,0xff,0x6a,0xdf,0xee,0xc0,0x27,0x00,0xff,
  0xc9,0x1a,0x07,0xa6,0xd2,0x00,0xff,0x57,0x00,0x00,0x13,0xfd,0x38,0xff,0x38,0x00,
  0x00,0x00,0xeb,0x54,0xff,0x5f,0x00,0x00,0x1c,0xff,0x37,0xff,0xcf,0x2f,0x14,0xb5,
  0xd2,0x00,0xff,0x6b,0xda,0xf6,0xc3,0x29,0x00,0xff,0x30,0x00,0x00,0x00,0x00,0x00,
  0xff,0x30,0x00,0x00,0x00,0x00,0x00,0xff,0x30,0x00,0x00,0x00,0x00,0x00,0x00,0x2e,
  0xc5,0xf7,0xdd,0x63,0xf6,0x06,0xdd,0xa8,0x16,0x37,0xd3,0xf6,0x47,0xfb,0x0d,0x00,
  0x00,0x65,0xf6,0x61,0xe3,0x00,0x00,0x00,0x42,0xf6,0x46,0xfb,0x0f,0x00,0x00,0x67,
  0xf6,0x04,0xdd,0xab,0x12,0x34,0xd4,0xf6,0x00,0x30,0xc7,0xf8,0xdd,0x6f,0xf6,0x00,
  0x00,0x00,0x00,0x00,0x3e,0xf6,0x00,0x00,0x00,0x00,0x00,0x3e,0xf6,0x00,0x00,0x00,
  0x00,0x00,0x3e,0xf6,0xff,0x86,0xea,0xa6,0xff,0xae,0x16,0x02,0xff,0x39,0x00,0x00,
  0xff,0x30,0x00,0x00,0xff,0x30,0x00,0x00,0xff,0x30,0x00,0x00,0xff,0x30,0x00,0x00,
  0x00,0x4d,0xd2,0xf3,0xdc,0x55,0x00,0x0c,0xf6,0x62,0x00,0x5c,0xc4,0x02,0x09,0xf2,
  0x82,0x17,0x00,0x00,0x00,0x00,0x46,0xbf,0xf3,0xd3,0x65,0x00,0x00,0x00,0x00,0x06,
  0x60,0xfc,0x29,0x2d,0xea,0x47,0x06,0x59,0xfc,0x25,0x00,0x78,0xe3,0xf6,0xd6,0x66,
  0x00,0x00,0x77,0x39,0x00,0x00,0xd6,0x67,0x00,0xdb,0xfd,0xf9,0xca,0x00,0xd6,0x67,
  0x00,0x00,0xd6,0x67,0x00,0x00,0xd6,0x67,0x00,0x00,0xd6,0x67,0x00,0x00,0xc9,0x8a,
  0x07,0x00,0x56,0xe7,0xe2,0xff,0x30,0x00,0x00,0x86,0xba,0xff,0x30,0x00,0x00,0x86,
  0xba,0xff,0x30,0x00,0x00,0x86,0xba,0xff,0x30,0x00,0x00,0x86,0xba,0xf9,0x3a,0x00,
  0x00,0x95,0xba,0xcf,0xaa,0x1a,0x45,0xe1,0xba,0x3d,0xd4,0xf8,0xc4,0x8e,0xba,0x85,
  0xce,0x00,0x00,0x00,0x85,0xcd,0x22,0xfc,0x30,0x00,0x00,0xda,0x71,0x00,0xbb,0x90,
  0x00,0x41,0xf5,0x13,0x00,0x5d,0xe3,0x02,0x9d,0xa7,0x00,0x00,0x07,0xea,0x47,0xea,
  0x46,0x00,0x00,0x00,0x95,0xc5,0xda,0x00,0x00,0x00,0x00,0x33,0xff,0x80,0x00,0x00,
  0x78,0xd2,0x00,0x00,0x7b,0xfe,0x1d,0x00,0x35,0xfb,0x16,0x26,0xfc,0x1f,0x00,0xbc,
  0xe4,0x68,0x00,0x7f,0xc3,0x00,0x00,0xd2,0x6a,0x09,0xef,0x7a,0xac,0x00,0xc1,0x7b,
  0x00,0x00,0x8a,0xac,0x4e,0xc7,0x27,0xe7,0x0d,0xf7,0x29,0x00,0x00,0x3a,0xe8,0x90,
  0x84,0x00,0xd8,0x77,0xd6,0x00,0x00,0x00,0x00,0xe3,0xdf,0x38,0x00,0x95,0xe2,0x8f,
  0x00,0x00,0x00,0x00,0x9c,0xe5,0x00,0x00,0x4c,0xff,0x41,0x00,0x00,0x2f,0xf3,0x47,
  0x00,0x29,0xf1,0x49,0x00,0x77,0xdc,0x09,0xc1,0x97,0x00,0x00,0x00,0xc0,0xbf,0xda,
  0x0c,0x00,0x00,0x00,0x55,0xff,0x6f,0x00,0x00,0x00,0x0c,0xd9,0x9e,0xe3,0x16,0x00,
  0x00,0x9a,0xc2,0x00,0xac,0xac,0x00,0x4f,0xf2,0x29,0x00,0x1a,0xea,0x64,0x87,0xcc,
  0x00,0x00,0x00,0x84,0xcf,0x27,0xfc,0x2c,0x00,0x00,0xd6,0x76,0x00,0xc3,0x87,0x00,
  0x36,0xf8,0x17,0x00,0x6a,0xd9,0x00,0x92,0xb2,0x00,0x00,0x10,0xf4,0x38,0xe1,0x55,
  0x00,0x00,0x00,0xa9,0xaf,0xe7,0x04,0x00,0x00,0x00,0x4d,0xfe,0x94,0x00,0x00,0x00,
  0x00,0x17,0xfd,0x33,0x00,0x00,0x00,0x1d,0x93,0xc7,0x00,0x00,0x00,0x09,0xf0,0xd9,
  0x35,0x00,0x00,0x00,0x1d,0xff,0xff,0xff,0xff,0xff,0x4d,0x02,0x18,0x18,0x18,0xa8,
  0xc9,0x06,0x00,0x00,0x00,0x66,0xeb,0x23,0x00,0x00,0x00,0x37,0xf3,0x51,0x00,0x00,
  0x00,0x14,0xdd,0x8a,0x00,0x00,0x00,0x00,0xb7,0xc9,0x1a,0x18,0x18,0x0b,0x3f,0xff,
  0xff,0xff,0xff,0xff,0x6f,0x00,0x00,0x2d,0xcc,0xbf,0x00,0x00,0xa0,0xa6,0x02,0x00,
  0x00,0xbc,0x6d,0x00,0x00,0x00,0xbf,0x6b,0x00,0x00,0x18,0xe3,0x55,0x00,0x1c,0xff,
  0x97,0x02,0x00,0x06,0x52,0xed,0x36,0x00,0x00,0x00,0xc2,0x69,0x00,0x00,0x00,0xbe,
  0x6b,0x00,0x00,0x00,0xb6,0x70,0x00,0x00,0x00,0x91,0xb2,0x07,0x00,0x00,0x1d,0xba,
  0xb8,0x67,0xb3,0x67,0xb3,0x67,0xb3,0x67,0xb3,0x67,0xb3,0x67,0xb3,0x67,0xb3,0x67,
  0xb3,0x67,0xb3,0x67,0xb3,0x67,0xb3,0x67,0xb3,0x67,0xb3,0x67,0xb3,0x67,0xb3,0x42,
  0xeb,0x8a,0x00,0x00,0x00,0x28,0xf5,0x26,0x00,0x00,0x00,0xd8,0x47,0x00,0x00,0x00,
  0xd6,0x4c,0x00,0x00,0x00,0xbd,0x84,0x00,0x00,0x00,0x33,0xe0,0xa9,0x00,0x00,0xa0,
  0xae,0x28,0x00,0x00,0xd3,0x50,0x00,0x00,0x00,0xd6,0x4b,0x00,0x00,0x00,0xdb,0x41,
  0x00,0x00,0x33,0xf4,0x1a,0x00,0x40,0xdf,0x72,0x00,0x00,0x60,0xd9,0xd3,0x70,0x06,
  0x7e,0x62,0xc7,0x62,0x52,0xcd,0xf9,0xe5,0x37,0x00,0x00,0x00,0x00,0x12,0x00,0x00,

};

static const GdiGlyph inter_regular_1_glyphs[95] = {
  {      0,   0,   0,    0,    0,   234 }, /* ' ' */
  {      0,   2,   9,    1,    9,   239 }, /* '!' */
  {     18,   4,   4,    1,    9,   388 }, /* '"' */
  {     34,   8,   9,    0,    9,   527 }, /* '#' */
  {    106,   8,  12,    0,   11,   534 }, /* '$' */
  {    202,  11,   9,    1,    9,   817 }, /* '%' */
  {    301,   9,   9,    0,    9,   536 }, /* '&' */
  {    382,   2,   4,    1,    9,   249 }, /* ''' */
  {    390,   4,  12,    1,   10,   303 }, /* '(' */
  {    438,   4,  12,    0,   10,   303 }, /* ')' */
  {    486,   6,   6,    0,    9,   417 }, /* '*' */
  {    522,   7,   6,    1,    7,   550 }, /* '+' */
  {    564,   3,   4,    0,    2,   240 }, /* ',' */
  {    576,   6,   2,    0,    5,   383 }, /* '-' */
  {    588,   2,   2,    1,    2,   240 }, /* '.' */
  {    592,   5,  11,    0,   10,   300 }, /* '/' */
  {    647,   8,   9,    0,    9,   525 }, /* '0' */
  {    719,   5,   9,    0,    9,   338 }, /* '1' */
  {    764,   7,   9,    0,    9,   507 }, /* '2' */
  {    827,   8,   9,    0,    9,   514 }, /* '3' */
  {    899,   8,   9,    0,    9,   537 }, /* '4' */
  {    971,   7,   9,    0,    9,   494 }, /* '5' */
  {   1034,   8,   9,    0,    9,   516 }, /* '6' */
  {   1106,   7,   9,    0,    9,   471 }, /* '7' */
  {   1169,   8,   9,    0,    9,   515 }, /* '8' */
  {   1241,   8,   9,    0,    9,   516 }, /* '9' */
  {   1313,   2,   7,    1,    7,   240 }, /* ':' */
  {   1327,   3,   9,    0,    7,   251 }, /* ';' */
  {   1354,   7,   7,    1,    7,   550 }, /* '<' */
  {   1403,   7,   5,    1,    6,   550 }, /* '=' */
  {   1438,   7,   7,    1,    7,   550 }, /* '>' */
  {   1487,   6,   9,    0,    9,   425 }, /* '?' */
  {   1541,  12,  11,    0,    8,   804 }, /* '@' */
  {   1673,   9,   9,    0,    9,   574 }, /* 'A' */
  {   1754,   7,   9,    1,    9,   544 }, /* 'B' */
  {   1817,   9,   9,    0,    9,   608 }, /* 'C' */
  {   1898,   8,   9,    1,    9,   600 }, /* 'D' */
  {   1970,   6,   9,    1,    9,   500 }, /* 'E' */
  {   2024,   6,   9,    1,    9,   491 }, /* 'F' */
  {   2078,   9,   9,    0,    9,   621 }, /* 'G' */
  {   2159,   8,   9,    1,    9,   618 }, /* 'H' */
  {   2231,   2,   9,    1,    9,   223 }, /* 'I' */
  {   2249,   7,   9,    0,    9,   475 }, /* 'J' */
  {   2312,   8,   9,    1,    9,   559 }, /* 'K' */
  {   2384,   6,   9,    1,    9,   470 }, /* 'L' */
  {   2438,  10,   9,    1,    9,   752 }, /* 'M' */
  {   2528,   8,   9,    1,    9,   627 }, /* 'N' */
  {   2600,  10,   9,    0,    9,   636 }, /* 'O' */
  {   2690,   7,   9,    1,    9,   531 }, /* 'P' */
  {   2753,  10,  10,    0,    9,   636 }, /* 'Q' */
  {   2853,   7,   9,    1,    9,   535 }, /* 'R' */
  {   2916,   8,   9,    0,    9,   534 }, /* 'S' */
  {   2988,   8,   9,    0,    9,   537 }, /* 'T' */
  {   3060,   8,   9,    1,    9,   619 }, /* 'U' */
  {   3132,   9,   9,    0,    9,   574 }, /* 'V' */
  {   3213,  13,   9,    0,    9,   820 }, /* 'W' */
  {   3330,   9,   9,    0,    9,   568 }, /* 'X' */
  {   3411,   9,   9,    0,    9,   565 }, /* 'Y' */
  {   3492,   8,   9,    0,    9,   523 }, /* 'Z' */
  {   3564,   3,  12,    1,   10,   303 }, /* '[' */
  {   3600,   5,  11,    0,   10,   300 }, /* '/' */
  {   3655,   4,  12,    0,   10,   303 }, /* ']' */
  {   3703,   6,   4,    0,    9,   392 }, /* '^' */
  {   3727,   6,   2,    0,    0,   379 }, /* '_' */
  {   3739,   4,   2,    0,   10,   269 }, /* '`' */
  {   3747,   7,   7,    0,    7,   467 }, /* 'a' */
  {   3796,   7,   9,    1,    9,   509 }, /* 'b' */
  {   3859,   7,   7,    0,    7,   475 }, /* 'c' */
  {   3908,   7,   9,    0,    9,   509 }, /* 'd' */
  {   3971,   7,   7,    0,    7,   485 }, /* 'e' */
  {   4020,   5,   9,    0,    9,   308 }, /* 'f' */
  {   4065,   7,  10,    0,    7,   510 }, /* 'g' */
  {   4135,   6,   9,    1,    9,   492 }, /* 'h' */
  {   4189,   3,   9,    0,    9,   202 }, /* 'i' */
  {   4216,   4,  12,   -1,    9,   202 }, /* 'j' */
  {   4264,   6,   9,    1,    9,   457 }, /* 'k' */
  {   4318,   2,   9,    1,    9,   202 }, /* 'l' */
  {   4336,  10,   7,    1,    7,   729 }, /* 'm' */
  {   4406,   6,   7,    1,    7,   492 }, /* 'n' */
  {   4448,   8,   7,    0,    7,   499 }, /* 'o' */
  {   4504,   7,  10,    1,    7,   509 }, /* 'p' */
  {   4574,   7,  10,    0,    7,   509 }, /* 'q' */
  {   4644,   4,   7,    1,    7,   313 }, /* 'r' */
  {   4672,   7,   7,    0,    7,   439 }, /* 's' */
  {   4721,   4,   9,    0,    9,   272 }, /* 't' */
  {   4757,   6,   7,    1,    7,   492 }, /* 'u' */
  {   4799,   7,   7,    0,    7,   468 }, /* 'v' */
  {   4848,  11,   7,    0,    7,   681 }, /* 'w' */
  {   4925,   7,   7,    0,    7,   454 }, /* 'x' */
  {   4974,   7,  10,    0,    7,   468 }, /* 'y' */
  {   5044,   7,   7,    0,    7,   459 }, /* 'z' */
  {   5093,   5,  12,    0,    9,   355 }, /* '{' */
  {   5153,   2,  15,    1,   12,   277 }, /* '|' */
  {   5183,   5,  12,    0,    9,   355 }, /* '}' */
  {   5243,   7,   3,    1,    5,   550 }, /* '~' */
};

static const UINT8 inter_regular_2_bits[21411] = {
  0x9c,0xff,0xff,0x09,0x99,0xff,0xff,0x04,0x96,0xff,0xff,0x00,0x94,0xff,0xfc,0x00,
  0x91,0xff,0xf9,0x00,0x8e,0xff,0xf6,0x00,0x8b,0xff,0xf4,0x00,0x88,0xff,0xf0,0x00,
  0x85,0xff,0xee,0x00,0x83,0xff,0xeb,0x00,0x80,0xff,0xe9,0x00,0x7d,0xff,0xe5,0x00,
  0x7a,0xff,0xe3,0x00,0x36,0x73,0x65,0x00,0x00,0x00,0x00,0x00,0x00,0x00,0x00,0x00,
  0x22,0x8d,0x5f,0x00,0xcc,0xff,0xff,0x4f,0xeb,0xff,0xff,0x72,0x70,0xf2,0xca,0x14,
  0x5f,0xff,0xff,0x25,0x02,0xfe,0xff,0x7d,0x55,0xff,0xff,0x1a,0x00,0xf7,0xff,0x74,
  0x4b,0xff,0xff,0x0c,0x00,0xef,0xff,0x6a,0x41,0xff,0xfd,0x00,0x00,0xe7,0xff,0x61,
  0x36,0xff,0xf6,0x00,0x00,0xde,0xff,0x57,0x2c,0xff,0xed,0x00,0x00,0xd6,0xff,0x4d,
  0x20,0xff,0xe5,0x00,0x00,0xce,0xff,0x43,0x0c,0x8e,0x7c,0x00,0x00,0x6e,0x8e,0x21,
  0x00,0x00,0x00,0x00,0x00,0xa0,0xff,0x68,0x00,0x00,0x00,0x00,0xee,0xfb,0x06,0x00,
  0x00,0x00,0x00,0x00,0x00,0x00,0xc0,0xff,0x42,0x00,0x00,0x00,0x18,0xff,0xde,0x00,
  0x00,0x00,0x00,0x00,0x00,0x00,0x00,0xe1,0xff,0x18,0x00,0x00,0x00,0x44,0xff,0xbf,
  0x00,0x00,0x00,0x00,0x00,0x00,0x00,0x09,0xfc,0xed,0x00,0x00,0x00,0x00,0x6a,0xff,
  0x9e,0x00,0x00,0x00,0x00,0x00,0x00,0x00,0x33,0xff,0xce,0x00,0x00,0x00,0x00,0x8f,
  0xff,0x7c,0x00,0x00,0x00,0x00,0x00,0x07,0x07,0x5b,0xff,0xae,0x07,0x07,0x07,0x07,
  0xb2,0xff,0x5b,0x07,0x07,0x00,0x00,0x47,0xff,0xff,0xff,0xff,0xff,0xff,0xff,0xff,
  0xff,0xff,0xff,0xff,0xff,0xf2,0x00,0x00,0x6f,0xff,0xff,0xff,0xff,0xff,0xff,0xff,
  0xff,0xff,0xff,0xff,0xff,0xff,0xd1,0x00,0x00,0x00,0x00,0x00,0xc8,0xff,0x38,0x00,
  0x00,0x00,0x27,0xff,0xd9,0x00,0x00,0x00,0x00,0x00,0x00,0x00,0x00,0xea,0xfd,0x0c,
  0x00,0x00,0x00,0x52,0xff,0xb6,0x00,0x00,0x00,0x00,0x00,0x00,0x00,0x16,0xff,0xe2,
  0x00,0x00,0x00,0x00,0x79,0xff,0x93,0x00,0x00,0x00,0x00,0x00,0x00,0x00,0x43,0xff,
  0xbf,0x00,0x00,0x00,0x00,0x9e,0xff,0x6d,0x00,0x00,0x00,0x00,0x00,0x00,0x00,0x6b,
  0xff,0x9c,0x00,0x00,0x00,0x00,0xc1,0xff,0x45,0x00,0x00,0x00,0x00,0x64,0xff,0xff,
  0xff,0xff,0xff,0xff,0xff,0xff,0xff,0xff,0xff,0xff,0xff,0xdc,0x00,0x00,0x8a,0xff,
  0xff,0xff,0xff,0xff,0xff,0xff,0xff,0xff,0xff,0xff,0xff,0xff,0xb6,0x00,0x00,0x00,
  0x00,0x00,0xdc,0xff,0x1f,0x00,0x00,0x00,0x41,0xff,0xc2,0x00,0x00,0x00,0x00,0x00,
  0x00,0x00,0x09,0xfc,0xec,0x00,0x00,0x00,0x00,0x6e,0xff,0x9b,0x00,0x00,0x00,0x00,
  0x00,0x00,0x00,0x39,0xff,0xc6,0x00,0x00,0x00,0x00,0x98,0xff,0x72,0x00,0x00,0x00,
  0x00,0x00,0x00,0x00,0x66,0xff,0x9e,0x00,0x00,0x00,0x00,0xc0,0xff,0x46,0x00,0x00,
  0x00,0x00,0x00,0x00,0x00,0x90,0xff,0x74,0x00,0x00,0x00,0x00,0xe6,0xff,0x16,0x00,
  0x00,0x00,0x00,0x00,0x00,0x00,0x00,0x00,0x00,0x00,0x7b,0xff,0x27,0x00,0x00,0x00,
  0x00,0x00,0x00,0x00,0x00,0x00,0x00,0x00,0x00,0x7b,0xff,0x27,0x00,0x00,0x00,0x00,
  0x00,0x00,0x00,0x00,0x00,0x00,0x00,0x00,0x7b,0xff,0x27,0x00,0x00,0x00,0x00,0x00,
  0x00,0x00,0x00,0x00,0x1a,0x88,0xd6,0xfc,0xff,0xf6,0xda,0x90,0x1f,0x00,0x00,0x00,
  0x00,0x00,0x47,0xe9,0xff,0xff,0xff,0xff,0xff,0xff,0xff,0xec,0x4c,0x00,0x00,0x00,
  0x2b,0xf0,0xff,0xf4,0x8e,0xa0,0xff,0x69,0x99,0xf8,0xff,0xf0,0x2b,0x00,0x00,0xa5,
  0xff,0xf2,0x30,0x00,0x7b,0xff,0x27,0x00,0x41,0xf6,0xff,0xa2,0x00,0x00,0xe5,0xff,
  0x94,0x00,0x00,0x7b,0xff,0x27,0x00,0x00,0xa5,0xff,0xdd,0x00,0x00,0xfa,0xff,0x76,
  0x00,0x00,0x7b,0xff,0x27,0x00,0x00,0x17,0x30,0x2d,0x00,0x00,0xe4,0xff,0xb9,0x00,
  0x00,0x7b,0xff,0x27,0x00,0x00,0x00,0x00,0x00,0x00,0x00,0x95,0xff,0xff,0xb5,0x1d,
  0x7b,0xff,0x27,0x00,0x00,0x00,0x00,0x00,0x00,0x00,0x12,0xcd,0xff,0xff,0xf9,0xdd,
  0xff,0x39,0x00,0x00,0x00,0x00,0x00,0x00,0x00,0x00,0x09,0x92,0xf6,0xff,0xff,0xff,
  0xfe,0xc9,0x6f,0x06,0x00,0x00,0x00,0x00,0x00,0x00,0x00,0x17,0x79,0xd6,0xff,0xff,
  0xff,0xff,0xda,0x48,0x00,0x00,0x00,0x00,0x00,0x00,0x00,0x00,0x7b,0xff,0x82,0xc5,
  0xfe,0xff,0xf8,0x45,0x00,0x00,0x00,0x00,0x00,0x00,0x00,0x7b,0xff,0x27,0x00,0x45,
  0xea,0xff,0xd1,0x00,0x00,0x00,0x00,0x00,0x00,0x00,0x7b,0xff,0x27,0x00,0x00,0x66,
  0xff,0xff,0x21,0x3b,0x6b,0x69,0x02,0x00,0x00,0x7b,0xff,0x27,0x00,0x00,0x38,0xff,
  0xff,0x39,0x75,0xff,0xff,0x3b,0x00,0x00,0x7b,0xff,0x27,0x00,0x00,0x6a,0xff,0xff,
  0x1b,0x29,0xfd,0xff,0xc7,0x0b,0x00,0x7b,0xff,0x27,0x00,0x2b,0xe4,0xff,0xce,0x00,
  0x00,0xa3,0xff,0xff,0xe0,0x7a,0x99,0xff,0x67,0x93,0xf6,0xff,0xfc,0x51,0x00,0x00,
  0x0c,0xbc,0xff,0xff,0xff,0xff,0xff,0xff,0xff,0xff,0xf8,0x70,0x00,0x00,0x00,0x00,
  0x02,0x67,0xc1,0xee,0xfd,0xff,0xf6,0xde,0xa0,0x34,0x00,0x00,0x00,0x00,0x00,0x00,
  0x00,0x00,0x00,0x7b,0xff,0x27,0x00,0x00,0x00,0x00,0x00,0x00,0x00,0x00,0x00,0x00,
  0x00,0x00,0x7b,0xff,0x27,0x00,0x00,0x00,0x00,0x00,0x00,0x00,0x00,0x00,0x00,0x00,
  0x00,0x44,0x8e,0x16,0x00,0x00,0x00,0x00,0x00,0x00,0x00,0x00,0x64,0xd6,0xf8,0xe6,
  0x90,0x07,0x00,0x00,0x00,0x00,0x00,0x00,0x00,0x44,0xfc,0xe9,0x17,0x00,0x00,0x00,
  0x67,0xff,0xf9,0xd0,0xef,0xff,0xa6,0x00,0x00,0x00,0x00,0x00,0x00,0x09,0xd9,0xff,
  0x5d,0x00,0x00,0x00,0x00,0xdd,0xff,0x54,0x00,0x1f,0xef,0xfd,0x25,0x00,0x00,0x00,
  0x00,0x00,0x8e,0xff,0xb2,0x00,0x00,0x00,0x00,0x10,0xff,0xec,0x00,0x00,0x00,0xb3,
  0xff,0x58,0x00,0x00,0x00,0x00,0x39,0xfb,0xee,0x1f,0x00,0x00,0x00,0x00,0x1c,0xff,
  0xe1,0x00,0x00,0x00,0xa8,0xff,0x62,0x00,0x00,0x00,0x06,0xd0,0xff,0x69,0x00,0x00,
  0x00,0x00,0x00,0x09,0xfd,0xf3,0x06,0x00,0x00,0xbf,0xff,0x51,0x00,0x00,0x00,0x83,
  0xff,0xbe,0x00,0x00,0x00,0x00,0x00,0x00,0x00,0xc8,0xff,0x88,0x14,0x54,0xfa,0xf6,
  0x12,0x00,0x00,0x2f,0xf7,0xf3,0x27,0x00,0x00,0x00,0x00,0x00,0x00,0x00,0x41,0xf4,
  0xff,0xff,0xff,0xfe,0x75,0x00,0x00,0x02,0xc7,0xff,0x76,0x00,0x00,0x00,0x00,0x00,
  0x00,0x00,0x00,0x00,0x30,0x9b,0xbd,0xab,0x4f,0x00,0x00,0x00,0x76,0xff,0xc8,0x02,
  0x00,0x00,0x00,0x00,0x00,0x00,0x00,0x00,0x00,0x00,0x00,0x00,0x00,0x00,0x00,0x00,
  0x26,0xf3,0xf7,0x30,0x00,0x00,0x00,0x00,0x00,0x00,0x00,0x00,0x00,0x00,0x00,0x00,
  0x00,0x00,0x00,0x00,0x00,0xbd,0xff,0x83,0x00,0x00,0x00,0x00,0x00,0x00,0x00,0x00,
  0x00,0x00,0x00,0x00,0x00,0x00,0x00,0x00,0x00,0x69,0xff,0xd2,0x06,0x00,0x00,0x38,
  0xc0,0xf4,0xf0,0xb2,0x22,0x00,0x00,0x00,0x00,0x00,0x00,0x00,0x00,0x1d,0xee,0xfb,
  0x3a,0x00,0x00,0x26,0xf0,0xff,0xd6,0xe0,0xff,0xdc,0x0c,0x00,0x00,0x00,0x00,0x00,
  0x00,0x00,0xb2,0xff,0x8f,0x00,0x00,0x00,0x98,0xff,0x9e,0x00,0x04,0xc4,0xff,0x69,
  0x00,0x00,0x00,0x00,0x00,0x00,0x5c,0xff,0xda,0x0b,0x00,0x00,0x00,0xc7,0xff,0x42,
  0x00,0x00,0x72,0xff,0x9c,0x00,0x00,0x00,0x00,0x00,0x16,0xe8,0xfd,0x45,0x00,0x00,
  0x00,0x00,0xd3,0xff,0x30,0x00,0x00,0x63,0xff,0xa8,0x00,0x00,0x00,0x00,0x00,0xa6,
  0xff,0x9b,0x00,0x00,0x00,0x00,0x00,0xc7,0xff,0x41,0x00,0x00,0x73,0xff,0x9b,0x00,
  0x00,0x00,0x00,0x50,0xfe,0xe2,0x10,0x00,0x00,0x00,0x00,0x00,0x96,0xff,0x9c,0x00,
  0x06,0xc7,0xff,0x68,0x00,0x00,0x00,0x0f,0xe1,0xff,0x51,0x00,0x00,0x00,0x00,0x00,
  0x00,0x25,0xf0,0xff,0xd9,0xe3,0xff,0xd9,0x0b,0x00,0x00,0x00,0x9a,0xff,0xa7,0x00,
  0x00,0x00,0x00,0x00,0x00,0x00,0x00,0x39,0xc2,0xf5,0xf0,0xb1,0x20,0x00,0x00,0x00,
  0x00,0x28,0xa9,0xe9,0xfa,0xe6,0xa2,0x22,0x00,0x00,0x00,0x00,0x00,0x00,0x00,0x00,
  0x2f,0xec,0xff,0xff,0xff,0xff,0xff,0xea,0x29,0x00,0x00,0x00,0x00,0x00,0x00,0x00,
  0xbf,0xff,0xeb,0x5e,0x21,0x55,0xe8,0xff,0xb8,0x00,0x00,0x00,0x00,0x00,0x00,0x12,
  0xfc,0xff,0x6e,0x00,0x00,0x00,0x6e,0xff,0xfb,0x06,0x00,0x00,0x00,0x00,0x00,0x28,
  0xff,0xff,0x3f,0x00,0x00,0x00,0x51,0xff,0xff,0x14,0x00,0x00,0x00,0x00,0x00,0x0c,
  0xfd,0xff,0x6a,0x00,0x00,0x00,0xa4,0xff,0xe7,0x00,0x00,0x00,0x00,0x00,0x00,0x00,
  0xc1,0xff,0xd8,0x09,0x00,0x7e,0xff,0xff,0x81,0x00,0x00,0x00,0x00,0x00,0x00,0x00,
  0x46,0xfe,0xff,0x9c,0xac,0xff,0xff,0xbe,0x04,0x00,0x00,0x00,0x00,0x00,0x00,0x00,
  0x00,0x99,0xff,0xff,0xff,0xff,0xb5,0x0c,0x00,0x00,0x00,0x00,0x00,0x00,0x00,0x00,
  0x00,0x56,0xff,0xff,0xff,0x97,0x00,0x00,0x00,0x00,0x00,0x00,0x00,0x00,0x00,0x00,
  0x76,0xfb,0xff,0xff,0xff,0xd8,0x12,0x00,0x00,0x00,0x00,0x00,0x00,0x00,0x00,0x7b,
  0xff,0xff,0xca,0x5e,0xf9,0xff,0xb6,0x00,0x00,0x04,0xbf,0xc1,0x2f,0x00,0x33,0xfa,
  0xff,0xba,0x0b,0x00,0x6b,0xff,0xff,0x89,0x00,0x26,0xff,0xff,0x2e,0x00,0x90,0xff,
  0xf1,0x14,0x00,0x00,0x00,0x95,0xff,0xfd,0x5b,0x60,0xff,0xf7,0x0b,0x00,0xaf,0xff,
  0xc0,0x00,0x00,0x00,0x00,0x04,0xbb,0xff,0xf3,0xcf,0xff,0xbf,0x00,0x00,0x9f,0xff,
  0xd6,0x00,0x00,0x00,0x00,0x00,0x13,0xd8,0xff,0xff,0xff,0x56,0x00,0x00,0x63,0xff,
  0xfd,0x4d,0x00,0x00,0x00,0x00,0x00,0x6f,0xff,0xff,0xe4,0x04,0x00,0x00,0x07,0xd7,
  0xff,0xf2,0x84,0x3b,0x26,0x50,0xaa,0xfc,0xff,0xff,0xff,0x89,0x00,0x00,0x00,0x2b,
  0xda,0xff,0xff,0xff,0xff,0xff,0xff,0xff,0xc5,0x93,0xff,0xfc,0x4c,0x00,0x00,0x00,
  0x0c,0x7b,0xcb,0xed,0xfa,0xe8,0xb7,0x5e,0x02,0x04,0xca,0xff,0xe8,0x1d,0x5f,0xff,
  0xff,0x25,0x55,0xff,0xff,0x1a,0x4b,0xff,0xff,0x0c,0x41,0xff,0xfd,0x00,0x36,0xff,
  0xf6,0x00,0x2c,0xff,0xed,0x00,0x20,0xff,0xe5,0x00,0x0c,0x8e,0x7c,0x00,0x00,0x00,
  0x00,0x10,0x8d,0x8e,0x1d,0x00,0x00,0x00,0x85,0xff,0xd9,0x00,0x00,0x00,0x0b,0xed,
  0xff,0x75,0x00,0x00,0x00,0x64,0xff,0xf9,0x17,0x00,0x00,0x00,0xbc,0xff,0xb6,0x00,
  0x00,0x00,0x0f,0xf7,0xff,0x6d,0x00,0x00,0x00,0x58,0xff,0xfe,0x21,0x00,0x00,0x00,
  0x93,0xff,0xdc,0x00,0x00,0x00,0x00,0xc6,0xff,0xab,0x00,0x00,0x00,0x00,0xeb,0xff,
  0x7e,0x00,0x00,0x00,0x12,0xff,0xff,0x5b,0x00,0x00,0x00,0x31,0xff,0xff,0x3b,0x00,
  0x00,0x00,0x40,0xff,0xff,0x2d,0x00,0x00,0x00,0x45,0xff,0xff,0x27,0x00,0x00,0x00,
  0x34,0xff,0xff,0x3a,0x00,0x00,0x00,0x1f,0xff,0xff,0x4f,0x00,0x00,0x00,0x04,0xf6,
  0xff,0x73,0x00,0x00,0x00,0x00,0xcb,0xff,0xa6,0x00,0x00,0x00,0x00,0x9a,0xff,0xd7,
  0x00,0x00,0x00,0x00,0x59,0xff,0xff,0x2b,0x00,0x00,0x00,0x07,0xee,0xff,0x82,0x00,
  0x00,0x00,0x00,0xa3,0xff,0xd1,0x00,0x00,0x00,0x00,0x3d,0xfe,0xff,0x40,0x00,0x00,
  0x00,0x00,0xbb,0xff,0xab,0x00,0x00,0x00,0x00,0x41,0xff,0xf9,0x1f,0x65,0x8e,0x57,
  0x00,0x00,0x00,0x68,0xff,0xeb,0x10,0x00,0x00,0x09,0xea,0xff,0x7b,0x00,0x00,0x00,
  0x9b,0xff,0xd6,0x00,0x00,0x00,0x42,0xff,0xff,0x3b,0x00,0x00,0x00,0xe9,0xff,0x89,
  0x00,0x00,0x00,0xa9,0xff,0xce,0x00,0x00,0x00,0x6c,0xff,0xfa,0x0c,0x00,0x00,0x35,
  0xff,0xff,0x46,0x00,0x00,0x02,0xf6,0xff,0x71,0x00,0x00,0x00,0xd9,0xff,0x94,0x00,
  0x00,0x00,0xbe,0xff,0xac,0x00,0x00,0x00,0xb1,0xff,0xb7,0x00,0x00,0x00,0xac,0xff,
  0xbc,0x00,0x00,0x00,0xbc,0xff,0xad,0x00,0x00,0x00,0xcc,0xff,0x9c,0x00,0x00,0x00,
  0xed,0xff,0x82,0x00,0x00,0x2c,0xff,0xff,0x4c,0x00,0x00,0x66,0xff,0xfc,0x10,0x00,
  0x00,0xb1,0xff,0xcd,0x00,0x00,0x0c,0xf4,0xff,0x7b,0x00,0x00,0x5e,0xff,0xfc,0x20,
  0x00,0x00,0xc1,0xff,0xb5,0x00,0x00,0x33,0xfe,0xfe,0x3b,0x00,0x00,0x9f,0xff,0xb9,
  0x00,0x00,0x00,0x00,0x00,0x00,0x00,0x72,0xff,0x76,0x00,0x00,0x00,0x00,0x00,0x02,
  0x00,0x00,0x68,0xff,0x6d,0x00,0x00,0x02,0x00,0x10,0xd4,0x5c,0x00,0x5d,0xff,0x65,
  0x00,0x57,0xd5,0x14,0x60,0xfe,0xff,0xae,0x64,0xff,0x6b,0xa8,0xff,0xff,0x68,0x00,
  0x40,0xc5,0xff,0xf9,0xff,0xf9,0xff,0xc7,0x44,0x00,0x00,0x00,0x00,0x7f,0xff,0xff,
  0xff,0x86,0x00,0x00,0x00,0x00,0x25,0xa7,0xfc,0xfd,0xff,0xfd,0xfd,0xab,0x28,0x00,
  0x58,0xf7,0xff,0xc3,0x70,0xff,0x76,0xbe,0xff,0xf8,0x5e,0x1a,0xe4,0x75,0x00,0x5c,
  0xff,0x64,0x00,0x6f,0xe5,0x1f,0x00,0x0b,0x00,0x00,0x67,0xff,0x6d,0x00,0x00,0x0b,
  0x00,0x00,0x00,0x00,0x00,0x71,0xff,0x75,0x00,0x00,0x00,0x00,0x00,0x00,0x00,0x00,
  0x0f,0x22,0x10,0x00,0x00,0x00,0x00,0x00,0x00,0x00,0x00,0x00,0x6e,0xd3,0x96,0x00,
  0x00,0x00,0x00,0x00,0x00,0x00,0x00,0x00,0x00,0x86,0xff,0xb6,0x00,0x00,0x00,0x00,
  0x00,0x00,0x00,0x00,0x00,0x00,0x86,0xff,0xb6,0x00,0x00,0x00,0x00,0x00,0x00,0x00,
  0x00,0x00,0x00,0x86,0xff,0xb6,0x00,0x00,0x00,0x00,0x00,0x00,0x00,0x00,0x00,0x00,
  0x86,0xff,0xb6,0x00,0x00,0x00,0x00,0x00,0x16,0x27,0x27,0x27,0x27,0x94,0xff,0xbf,
  0x27,0x27,0x27,0x27,0x1d,0x95,0xff,0xff,0xff,0xff,0xff,0xff,0xff,0xff,0xff,0xff,
  0xff,0xc5,0x95,0xff,0xff,0xff,0xff,0xff,0xff,0xff,0xff,0xff,0xff,0xff,0xc5,0x00,
  0x00,0x00,0x00,0x00,0x86,0xff,0xb6,0x00,0x00,0x00,0x00,0x00,0x00,0x00,0x00,0x00,
  0x00,0x86,0xff,0xb6,0x00,0x00,0x00,0x00,0x00,0x00,0x00,0x00,0x00,0x00,0x86,0xff,
  0xb6,0x00,0x00,0x00,0x00,0x00,0x00,0x00,0x00,0x00,0x00,0x86,0xff,0xb6,0x00,0x00,
  0x00,0x00,0x00,0x00,0x00,0x00,0x00,0x00,0x86,0xff,0xb6,0x00,0x00,0x00,0x00,0x00,
  0x00,0x31,0x8e,0x8e,0x31,0x00,0x76,0xff,0xff,0x22,0x00,0x9a,0xff,0xda,0x00,0x00,
  0xbe,0xff,0x9d,0x00,0x00,0xdf,0xff,0x5b,0x00,0x07,0xfc,0xfc,0x14,0x00,0x34,0xff,
  0xcd,0x00,0x00,0x5c,0xff,0x8f,0x00,0x00,0x0d,0x42,0x42,0x42,0x42,0x42,0x42,0x42,
  0x42,0x0b,0x39,0xff,0xff,0xff,0xff,0xff,0xff,0xff,0xff,0x2c,0x39,0xff,0xff,0xff,
  0xff,0xff,0xff,0xff,0xff,0x2c,0x23,0x91,0x63,0x00,0xcd,0xff,0xff,0x50,0xeb,0xff,
  0xff,0x72,0x70,0xf2,0xca,0x14,0x00,0x00,0x00,0x00,0x00,0x00,0x40,0x8e,0x6a,0x00,
  0x00,0x00,0x00,0x00,0x00,0xa3,0xff,0x93,0x00,0x00,0x00,0x00,0x00,0x00,0xde,0xff,
  0x52,0x00,0x00,0x00,0x00,0x00,0x26,0xff,0xf9,0x0d,0x00,0x00,0x00,0x00,0x00,0x6d,
  0xff,0xc7,0x00,0x00,0x00,0x00,0x00,0x00,0xac,0xff,0x89,0x00,0x00,0x00,0x00,0x00,
  0x00,0xe6,0xff,0x47,0x00,0x00,0x00,0x00,0x00,0x31,0xff,0xf4,0x07,0x00,0x00,0x00,
  0x00,0x00,0x76,0xff,0xbe,0x00,0x00,0x00,0x00,0x00,0x00,0xb5,0xff,0x81,0x00,0x00,
  0x00,0x00,0x00,0x02,0xed,0xff,0x3d,0x00,0x00,0x00,0x00,0x00,0x3d,0xff,0xee,0x02,
  0x00,0x00,0x00,0x00,0x00,0x80,0xff,0xb6,0x00,0x00,0x00,0x00,0x00,0x00,0xbd,0xff,
  0x77,0x00,0x00,0x00,0x00,0x00,0x06,0xf3,0xff,0x33,0x00,0x00,0x00,0x00,0x00,0x46,
  0xff,0xe8,0x00,0x00,0x00,0x00,0x00,0x00,0x88,0xff,0xac,0x00,0x00,0x00,0x00,0x00,
  0x00,0xc6,0xff,0x6e,0x00,0x00,0x00,0x00,0x00,0x0c,0xf8,0xff,0x28,0x00,0x00,0x00,
  0x00,0x00,0x51,0xff,0xdf,0x00,0x00,0x00,0x00,0x00,0x00,0x92,0xff,0xa4,0x00,0x00,
  0x00,0x00,0x00,0x00,0xce,0xff,0x64,0x00,0x00,0x00,0x00,0x00,0x14,0xfc,0xfe,0x1d,
  0x00,0x00,0x00,0x00,0x00,0x5a,0xff,0xd7,0x00,0x00,0x00,0x00,0x00,0x00,0x00,0x00,
  0x00,0x00,0x67,0xc5,0xee,0xf6,0xdc,0x94,0x1c,0x00,0x00,0x00,0x00,0x00,0x07,0xb5,
  0xff,0xff,0xff,0xff,0xff,0xff,0xe8,0x3b,0x00,0x00,0x00,0x00,0x9d,0xff,0xff,0xb6,
  0x58,0x49,0x85,0xf1,0xff,0xe5,0x1b,0x00,0x00,0x37,0xfd,0xff,0x98,0x00,0x00,0x00,
  0x00,0x3b,0xf7,0xff,0x99,0x00,0x00,0xa5,0xff,0xe4,0x09,0x00,0x00,0x00,0x00,0x00,
  0x8c,0xff,0xf6,0x0f,0x02,0xec,0xff,0x8b,0x00,0x00,0x00,0x00,0x00,0x00,0x21,0xfe,
  0xff,0x5f,0x2e,0xff,0xff,0x45,0x00,0x00,0x00,0x00,0x00,0x00,0x00,0xd6,0xff,0x95,
  0x5a,0xff,0xff,0x13,0x00,0x00,0x00,0x00,0x00,0x00,0x00,0xb0,0xff,0xbc,0x70,0xff,
  0xf2,0x00,0x00,0x00,0x00,0x00,0x00,0x00,0x00,0x95,0xff,0xcf,0x7d,0xff,0xe9,0x00,
  0x00,0x00,0x00,0x00,0x00,0x00,0x00,0x8b,0xff,0xdb,0x7d,0xff,0xe8,0x00,0x00,0x00,
  0x00,0x00,0x00,0x00,0x00,0x8c,0xff,0xdb,0x71,0xff,0xf2,0x00,0x00,0x00,0x00,0x00,
  0x00,0x00,0x00,0x95,0xff,0xd0,0x5b,0xff,0xff,0x13,0x00,0x00,0x00,0x00,0x00,0x00,
  0x00,0xb0,0xff,0xbe,0x2f,0xff,0xff,0x45,0x00,0x00,0x00,0x00,0x00,0x00,0x00,0xd6,
  0xff,0x97,0x04,0xee,0xff,0x8b,0x00,0x00,0x00,0x00,0x00,0x00,0x21,0xfe,0xff,0x63,
  0x00,0xa8,0xff,0xe4,0x09,0x00,0x00,0x00,0x00,0x00,0x8c,0xff,0xf8,0x13,0x00,0x3d,
  0xfe,0xff,0x98,0x00,0x00,0x00,0x00,0x3b,0xf7,0xff,0xa1,0x00,0x00,0x00,0xa2,0xff,
  0xff,0xb7,0x5b,0x4d,0x88,0xf2,0xff,0xea,0x20,0x00,0x00,0x00,0x09,0xba,0xff,0xff,
  0xff,0xff,0xff,0xff,0xec,0x43,0x00,0x00,0x00,0x00,0x00,0x00,0x6b,0xc7,0xf0,0xf8,
  0xde,0x98,0x20,0x00,0x00,0x00,0x00,0x00,0x00,0x69,0xf6,0xff,0xff,0x5b,0x00,0x09,
  0x9f,0xff,0xff,0xff,0xff,0x5b,0x25,0xcd,0xff,0xff,0xb3,0xff,0xff,0x5b,0xc9,0xff,
  0xf8,0x70,0x1d,0xff,0xff,0x5b,0xcf,0xe4,0x40,0x00,0x1d,0xff,0xff,0x5b,0x8f,0x1b,
  0x00,0x00,0x1d,0xff,0xff,0x5b,0x00,0x00,0x00,0x00,0x1d,0xff,0xff,0x5b,0x00,0x00,
  0x00,0x00,0x1d,0xff,0xff,0x5b,0x00,0x00,0x00,0x00,0x1d,0xff,0xff,0x5b,0x00,0x00,
  0x00,0x00,0x1d,0xff,0xff,0x5b,0x00,0x00,0x00,0x00,0x1d,0xff,0xff,0x5b,0x00,0x00,
  0x00,0x00,0x1d,0xff,0xff,0x5b,0x00,0x00,0x00,0x00,0x1d,0xff,0xff,0x5b,0x00,0x00,
  0x00,0x00,0x1d,0xff,0xff,0x5b,0x00,0x00,0x00,0x00,0x1d,0xff,0xff,0x5b,0x00,0x00,
  0x00,0x00,0x1d,0xff,0xff,0x5b,0x00,0x00,0x00,0x00,0x1d,0xff,0xff,0x5b,0x00,0x00,
  0x00,0x00,0x1d,0xff,0xff,0x5b,0x00,0x00,0x00,0x00,0x1d,0xff,0xff,0x5b,0x00,0x00,
  0x00,0x00,0x1d,0xff,0xff,0x5b,0x00,0x00,0x00,0x1d,0x8e,0xd9,0xf5,0xf0,0xcf,0x79,
  0x09,0x00,0x00,0x00,0x00,0x42,0xe9,0xff,0xff,0xff,0xff,0xff,0xff,0xd1,0x20,0x00,
  0x00,0x1f,0xe9,0xff,0xea,0x7d,0x46,0x5b,0xa2,0xfc,0xff,0xc7,0x00,0x00,0x90,0xff,
  0xf6,0x2e,0x00,0x00,0x00,0x00,0x58,0xff,0xff,0x53,0x00,0xda,0xff,0x9c,0x00,0x00,
  0x00,0x00,0x00,0x00,0xc9,0xff,0x9b,0x00,0xd6,0xe1,0x62,0x00,0x00,0x00,0x00,0x00,
  0x00,0xaa,0xff,0xb3,0x00,0x00,0x00,0x00,0x00,0x00,0x00,0x00,0x00,0x00,0xc3,0xff,
  0xa2,0x00,0x00,0x00,0x00,0x00,0x00,0x00,0x00,0x00,0x27,0xfa,0xff,0x64,0x00,0x00,
  0x00,0x00,0x00,0x00,0x00,0x00,0x00,0xb7,0xff,0xe4,0x09,0x00,0x00,0x00,0x00,0x00,
  0x00,0x00,0x00,0x7d,0xff,0xff,0x5b,0x00,0x00,0x00,0x00,0x00,0x00,0x00,0x00,0x57,
  0xfc,0xff,0xa0,0x00,0x00,0x00,0x00,0x00,0x00,0x00,0x00,0x3e,0xf4,0xff,0xcb,0x0b,
  0x00,0x00,0x00,0x00,0x00,0x00,0x00,0x2b,0xea,0xff,0xe0,0x1c,0x00,0x00,0x00,0x00,
  0x00,0x00,0x00,0x1a,0xdc,0xff,0xed,0x30,0x00,0x00,0x00,0x00,0x00,0x00,0x00,0x0c,
  0xca,0xff,0xf5,0x42,0x00,0x00,0x00,0x00,0x00,0x00,0x00,0x02,0xb5,0xff,0xfb,0x56,
  0x00,0x00,0x00,0x00,0x00,0x00,0x00,0x00,0x9c,0xff,0xfe,0x6c,0x00,0x00,0x00,0x00,
  0x00,0x00,0x00,0x00,0x7f,0xff,0xff,0xc0,0x5b,0x5b,0x5b,0x5b,0x5b,0x5b,0x5b,0x5b,
  0x10,0xfd,0xff,0xff,0xff,0xff,0xff,0xff,0xff,0xff,0xff,0xff,0xff,0x13,0xff,0xff,
  0xff,0xff,0xff,0xff,0xff,0xff,0xff,0xff,0xff,0xff,0x00,0x00,0x00,0x16,0x85,0xd1,
  0xf0,0xf6,0xdc,0x93,0x21,0x00,0x00,0x00,0x00,0x00,0x47,0xe9,0xff,0xff,0xff,0xff,
  0xff,0xff,0xeb,0x45,0x00,0x00,0x00,0x2e,0xf2,0xff,0xf0,0x8b,0x4e,0x50,0x88,0xf3,
  0xff,0xea,0x1c,0x00,0x00,0xa9,0xff,0xea,0x2b,0x00,0x00,0x00,0x00,0x3f,0xfb,0xff,
  0x86,0x00,0x00,0xe5,0xff,0x86,0x00,0x00,0x00,0x00,0x00,0x00,0xbb,0xff,0xc2,0x00,
  0x00,0x48,0x4b,0x1d,0x00,0x00,0x00,0x00,0x00,0x00,0x9d,0xff,0xd0,0x00,0x00,0x00,
  0x00,0x00,0x00,0x00,0x00,0x00,0x00,0x00,0xbf,0xff,0xb4,0x00,0x00,0x00,0x00,0x00,
  0x00,0x00,0x00,0x00,0x00,0x51,0xfd,0xff,0x5c,0x00,0x00,0x00,0x00,0x00,0x00,0x33,
  0x3f,0x5c,0xa2,0xfc,0xff,0xab,0x00,0x00,0x00,0x00,0x00,0x00,0x00,0xd3,0xff,0xff,
  0xff,0xec,0x6e,0x04,0x00,0x00,0x00,0x00,0x00,0x00,0x00,0xd3,0xff,0xff,0xff,0xff,
  0xd6,0x6b,0x00,0x00,0x00,0x00,0x00,0x00,0x00,0x00,0x02,0x25,0x52,0xc0,0xff,0xff,
  0x88,0x00,0x00,0x00,0x00,0x00,0x00,0x00,0x00,0x00,0x00,0x00,0x9b,0xff,0xfc,0x29,
  0x00,0x00,0x00,0x00,0x00,0x00,0x00,0x00,0x00,0x00,0x16,0xfb,0xff,0x76,0x13,0x2c,
  0x2c,0x02,0x00,0x00,0x00,0x00,0x00,0x00,0x00,0xea,0xff,0x8a,0x5b,0xff,0xff,0x38,
  0x00,0x00,0x00,0x00,0x00,0x00,0x1f,0xfc,0xff,0x6f,0x1c,0xf6,0xff,0xbf,0x0c,0x00,
  0x00,0x00,0x00,0x09,0xb6,0xff,0xf9,0x25,0x00,0x8b,0xff,0xff,0xe4,0x84,0x58,0x57,
  0x81,0xe3,0xff,0xff,0x8f,0x00,0x00,0x00,0x97,0xfd,0xff,0xff,0xff,0xff,0xff,0xff,
  0xfd,0x97,0x00,0x00,0x00,0x00,0x00,0x41,0xa3,0xde,0xf5,0xf6,0xdf,0xa4,0x41,0x00,
  0x00,0x00,0x00,0x00,0x00,0x00,0x00,0x00,0x00,0x00,0x8e,0xff,0xff,0xc5,0x00,0x00,
  0x00,0x00,0x00,0x00,0x00,0x00,0x00,0x00,0x2c,0xf7,0xff,0xff,0xc5,0x00,0x00,0x00,
  0x00,0x00,0x00,0x00,0x00,0x00,0x00,0xb9,0xff,0xff,0xff,0xc5,0x00,0x00,0x00,0x00,
  0x00,0x00,0x00,0x00,0x00,0x55,0xff,0xfa,0xc2,0xff,0xc5,0x00,0x00,0x00,0x00,0x00,
  0x00,0x00,0x00,0x09,0xdd,0xff,0x95,0x9d,0xff,0xc5,0x00,0x00,0x00,0x00,0x00,0x00,
  0x00,0x00,0x84,0xff,0xe9,0x13,0x9d,0xff,0xc5,0x00,0x00,0x00,0x00,0x00,0x00,0x00,
  0x25,0xf5,0xff,0x6b,0x00,0x9d,0xff,0xc5,0x00,0x00,0x00,0x00,0x00,0x00,0x00,0xb1,
  0xff,0xcd,0x02,0x00,0x9d,0xff,0xc5,0x00,0x00,0x00,0x00,0x00,0x00,0x4c,0xff,0xfd,
  0x41,0x00,0x00,0x9d,0xff,0xc5,0x00,0x00,0x00,0x00,0x00,0x06,0xd7,0xff,0xa7,0x00,
  0x00,0x00,0x9d,0xff,0xc5,0x00,0x00,0x00,0x00,0x00,0x7c,0xff,0xf1,0x1f,0x00,0x00,
  0x00,0x9d,0xff,0xc5,0x00,0x00,0x00,0x00,0x1d,0xf1,0xff,0x7e,0x00,0x00,0x00,0x00,
  0x9d,0xff,0xc5,0x00,0x00,0x00,0x00,0xa8,0xff,0xdb,0x07,0x00,0x00,0x00,0x00,0x9d,
  0xff,0xc5,0x00,0x00,0x00,0x42,0xfe,0xff,0x84,0x42,0x42,0x42,0x42,0x42,0xb1,0xff,
  0xd0,0x42,0x42,0x17,0x86,0xff,0xff,0xff,0xff,0xff,0xff,0xff,0xff,0xff,0xff,0xff,
  0xff,0xff,0x5b,0x86,0xff,0xff,0xff,0xff,0xff,0xff,0xff,0xff,0xff,0xff,0xff,0xff,
  0xff,0x5b,0x00,0x00,0x00,0x00,0x00,0x00,0x00,0x00,0x00,0xa1,0xff,0xc5,0x00,0x00,
  0x00,0x00,0x00,0x00,0x00,0x00,0x00,0x00,0x00,0x00,0xa1,0xff,0xc5,0x00,0x00,0x00,
  0x00,0x00,0x00,0x00,0x00,0x00,0x00,0x00,0x00,0xa1,0xff,0xc5,0x00,0x00,0x00,0x00,
  0x00,0x00,0x00,0x00,0x00,0x00,0x00,0x00,0xa1,0xff,0xc5,0x00,0x00,0x00,0x00,0x0c,
  0xff,0xff,0xff,0xff,0xff,0xff,0xff,0xff,0xff,0xfc,0x00,0x00,0x30,0xff,0xff,0xff,
  0xff,0xff,0xff,0xff,0xff,0xff,0xfc,0x00,0x00,0x50,0xff,0xff,0x46,0x42,0x42,0x42,
  0x42,0x42,0x42,0x41,0x00,0x00,0x6d,0xff,0xed,0x00,0x00,0x00,0x00,0x00,0x00,0x00,
  0x00,0x00,0x00,0x89,0xff,0xd5,0x00,0x00,0x00,0x00,0x00,0x00,0x00,0x00,0x00,0x00,
  0xa4,0xff,0xbb,0x00,0x00,0x00,0x00,0x00,0x00,0x00,0x00,0x00,0x00,0xbf,0xff,0xa1,
  0x00,0x13,0x3d,0x2e,0x07,0x00,0x00,0x00,0x00,0x00,0xd9,0xff,0xa2,0xb4,0xfb,0xff,
  0xff,0xf4,0x9c,0x17,0x00,0x00,0x00,0xf2,0xff,0xff,0xff,0xff,0xff,0xff,0xff,0xff,
  0xdc,0x26,0x00,0x0b,0xd9,0xf6,0xd8,0x6b,0x23,0x0c,0x39,0xa8,0xff,0xff,0xc6,0x02,
  0x00,0x00,0x00,0x04,0x00,0x00,0x00,0x00,0x00,0x8e,0xff,0xff,0x55,0x00,0x00,0x00,
  0x00,0x00,0x00,0x00,0x00,0x00,0x06,0xe6,0xff,0xab,0x00,0x00,0x00,0x00,0x00,0x00,
  0x00,0x00,0x00,0x00,0xa5,0xff,0xce,0x00,0x00,0x00,0x00,0x00,0x00,0x00,0x00,0x00,
  0x00,0x91,0xff,0xdd,0x22,0x53,0x52,0x00,0x00,0x00,0x00,0x00,0x00,0x00,0xa9,0xff,
  0xc7,0x4e,0xff,0xff,0x3d,0x00,0x00,0x00,0x00,0x00,0x0d,0xed,0xff,0x99,0x12,0xf0,
  0xff,0xc7,0x09,0x00,0x00,0x00,0x02,0xa5,0xff,0xfe,0x37,0x00,0x82,0xff,0xff,0xdc,
  0x75,0x50,0x6a,0xc8,0xff,0xff,0x99,0x00,0x00,0x00,0x9a,0xff,0xff,0xff,0xff,0xff,
  0xff,0xff,0xa6,0x09,0x00,0x00,0x00,0x00,0x4e,0xb3,0xe7,0xf9,0xe7,0xba,0x56,0x00,
  0x00,0x00,0x00,0x00,0x00,0x00,0x41,0xae,0xe6,0xf9,0xe8,0xb3,0x49,0x00,0x00,0x00,
  0x00,0x00,0x00,0x7e,0xfc,0xff,0xff,0xff,0xff,0xff,0xfe,0x92,0x00,0x00,0x00,0x00,
  0x64,0xff,0xff,0xca,0x6c,0x4f,0x70,0xd6,0xff,0xff,0x75,0x00,0x00,0x12,0xec,0xff,
  0xa3,0x02,0x00,0x00,0x00,0x07,0xc7,0xff,0xed,0x0f,0x00,0x80,0xff,0xde,0x07,0x00,
  0x00,0x00,0x00,0x00,0x38,0xff,0xff,0x54,0x00,0xcd,0xff,0x79,0x00,0x00,0x00,0x00,
  0x00,0x00,0x00,0x17,0x18,0x0b,0x12,0xfd,0xff,0x2d,0x00,0x00,0x12,0x33,0x1a,0x00,
  0x00,0x00,0x00,0x00,0x42,0xff,0xf5,0x02,0x3a,0xbf,0xfd,0xff,0xff,0xdb,0x6c,0x00,
  0x00,0x00,0x66,0xff,0xe3,0x55,0xf7,0xff,0xff,0xff,0xff,0xff,0xff,0xa8,0x02,0x00,
  0x75,0xff,0xf0,0xf0,0xf8,0x86,0x27,0x10,0x4c,0xca,0xff,0xff,0x7d,0x00,0x7f,0xff,
  0xff,0xfd,0x52,0x00,0x00,0x00,0x00,0x09,0xc5,0xff,0xf1,0x0d,0x78,0xff,0xff,0xa9,
  0x00,0x00,0x00,0x00,0x00,0x00,0x35,0xff,0xff,0x62,0x69,0xff,0xff,0x58,0x00,0x00,
  0x00,0x00,0x00,0x00,0x00,0xe2,0xff,0x89,0x4d,0xff,0xff,0x41,0x00,0x00,0x00,0x00,
  0x00,0x00,0x00,0xd2,0xff,0x99,0x12,0xfc,0xff,0x63,0x00,0x00,0x00,0x00,0x00,0x00,
  0x02,0xed,0xff,0x81,0x00,0xc9,0xff,0xbb,0x00,0x00,0x00,0x00,0x00,0x00,0x59,0xff,
  0xff,0x49,0x00,0x64,0xff,0xff,0x75,0x00,0x00,0x00,0x00,0x29,0xe4,0xff,0xdd,0x00,
  0x00,0x02,0xc1,0xff,0xff,0xb2,0x60,0x52,0x88,0xee,0xff,0xfd,0x4d,0x00,0x00,0x00,
  0x1a,0xc9,0xff,0xff,0xff,0xff,0xff,0xff,0xf7,0x67,0x00,0x00,0x00,0x00,0x00,0x06,
  0x71,0xc8,0xf1,0xf6,0xdd,0x9d,0x2f,0x00,0x00,0x00,0xc8,0xff,0xff,0xff,0xff,0xff,
  0xff,0xff,0xff,0xff,0xff,0xff,0x86,0xc8,0xff,0xff,0xff,0xff,0xff,0xff,0xff,0xff,
  0xff,0xff,0xff,0x86,0x44,0x57,0x57,0x57,0x57,0x57,0x57,0x57,0x57,0x82,0xff,0xff,
  0x6b,0x00,0x00,0x00,0x00,0x00,0x00,0x00,0x00,0x00,0xaf,0xff,0xe7,0x0b,0x00,0x00,
  0x00,0x00,0x00,0x00,0x00,0x00,0x2d,0xfc,0xff,0x7e,0x00,0x00,0x00,0x00,0x00,0x00,
  0x00,0x00,0x00,0xa2,0xff,0xee,0x10,0x00,0x00,0x00,0x00,0x00,0x00,0x00,0x00,0x22,
  0xf8,0xff,0x8a,0x00,0x00,0x00,0x00,0x00,0x00,0x00,0x00,0x00,0x96,0xff,0xf4,0x1a,
  0x00,0x00,0x00,0x00,0x00,0x00,0x00,0x00,0x18,0xf3,0xff,0x96,0x00,0x00,0x00,0x00,
  0x00,0x00,0x00,0x00,0x00,0x89,0xff,0xf8,0x22,0x00,0x00,0x00,0x00,0x00,0x00,0x00,
  0x00,0x0f,0xed,0xff,0xa2,0x00,0x00,0x00,0x00,0x00,0x00,0x00,0x00,0x00,0x7d,0xff,
  0xfc,0x2d,0x00,0x00,0x00,0x00,0x00,0x00,0x00,0x00,0x09,0xe5,0xff,0xae,0x00,0x00,
  0x00,0x00,0x00,0x00,0x00,0x00,0x00,0x6f,0xff,0xfe,0x38,0x00,0x00,0x00,0x00,0x00,
  0x00,0x00,0x00,0x02,0xdd,0xff,0xba,0x00,0x00,0x00,0x00,0x00,0x00,0x00,0x00,0x00,
  0x62,0xff,0xff,0x44,0x00,0x00,0x00,0x00,0x00,0x00,0x00,0x00,0x00,0xd2,0xff,0xc6,
  0x00,0x00,0x00,0x00,0x00,0x00,0x00,0x00,0x00,0x54,0xff,0xff,0x52,0x00,0x00,0x00,
  0x00,0x00,0x00,0x00,0x00,0x00,0xc7,0xff,0xd0,0x00,0x00,0x00,0x00,0x00,0x00,0x00,
  0x00,0x00,0x45,0xff,0xff,0x5f,0x00,0x00,0x00,0x00,0x00,0x00,0x00,0x00,0x00,0x00,
  0x00,0x17,0x89,0xd6,0xf3,0xf4,0xd7,0x8c,0x1a,0x00,0x00,0x00,0x00,0x00,0x38,0xe4,
  0xff,0xff,0xff,0xff,0xff,0xff,0xe8,0x40,0x00,0x00,0x00,0x12,0xe3,0xff,0xf6,0x8f,
  0x51,0x4e,0x8a,0xf5,0xff,0xe9,0x1a,0x00,0x00,0x79,0xff,0xfd,0x4d,0x00,0x00,0x00,
  0x00,0x41,0xfc,0xff,0x86,0x00,0x00,0xb4,0xff,0xc8,0x00,0x00,0x00,0x00,0x00,0x00,
  0xbb,0xff,0xc1,0x00,0x00,0xc3,0xff,0xaa,0x00,0x00,0x00,0x00,0x00,0x00,0x9c,0xff,
  0xd0,0x00,0x00,0xa6,0xff,0xc9,0x00,0x00,0x00,0x00,0x00,0x00,0xbd,0xff,0xb3,0x00,
  0x00,0x50,0xff,0xfe,0x4c,0x00,0x00,0x00,0x00,0x43,0xfc,0xff,0x5c,0x00,0x00,0x00,
  0xac,0xff,0xf5,0x84,0x40,0x3e,0x80,0xf3,0xff,0xb6,0x02,0x00,0x00,0x00,0x06,0x79,
  0xf4,0xff,0xff,0xff,0xff,0xfa,0x83,0x0b,0x00,0x00,0x00,0x00,0x5f,0xe4,0xff,0xff,
  0xff,0xff,0xff,0xff,0xea,0x6c,0x00,0x00,0x00,0x65,0xfe,0xff,0xca,0x53,0x1f,0x14,
  0x4e,0xbf,0xff,0xff,0x73,0x00,0x0d,0xee,0xff,0xae,0x00,0x00,0x00,0x00,0x00,0x00,
  0xaa,0xff,0xf4,0x18,0x5a,0xff,0xff,0x25,0x00,0x00,0x00,0x00,0x00,0x00,0x1d,0xfd,
  0xff,0x6c,0x7b,0xff,0xf3,0x00,0x00,0x00,0x00,0x00,0x00,0x00,0x00,0xea,0xff,0x8d,
  0x66,0xff,0xfe,0x1f,0x00,0x00,0x00,0x00,0x00,0x00,0x16,0xfb,0xff,0x79,0x25,0xfa,
  0xff,0xac,0x02,0x00,0x00,0x00,0x00,0x02,0xa4,0xff,0xfd,0x35,0x00,0x97,0xff,0xff,
  0xd8,0x77,0x50,0x4e,0x73,0xd5,0xff,0xff,0xa5,0x00,0x00,0x02,0x9e,0xfe,0xff,0xff,
  0xff,0xff,0xff,0xff,0xff,0xa9,0x07,0x00,0x00,0x00,0x00,0x42,0xa3,0xde,0xf5,0xf6,
  0xe0,0xa8,0x49,0x00,0x00,0x00,0x00,0x00,0x00,0x20,0x8c,0xd6,0xf3,0xf4,0xcf,0x7e,
  0x0d,0x00,0x00,0x00,0x00,0x00,0x4d,0xed,0xff,0xff,0xff,0xff,0xff,0xff,0xda,0x28,
  0x00,0x00,0x00,0x33,0xf6,0xff,0xf6,0x96,0x56,0x5b,0xa2,0xfb,0xff,0xd6,0x0b,0x00,
  0x00,0xc4,0xff,0xf2,0x3d,0x00,0x00,0x00,0x00,0x54,0xfc,0xff,0x82,0x00,0x2c,0xfe,
  0xff,0x78,0x00,0x00,0x00,0x00,0x00,0x00,0x99,0xff,0xe3,0x00,0x64,0xff,0xfe,0x14,
  0x00,0x00,0x00,0x00,0x00,0x00,0x3a,0xff,0xff,0x33,0x7b,0xff,0xf1,0x00,0x00,0x00,
  0x00,0x00,0x00,0x00,0x18,0xff,0xff,0x6c,0x68,0xff,0xfe,0x0f,0x00,0x00,0x00,0x00,
  0x00,0x00,0x3b,0xff,0xff,0x87,0x39,0xff,0xff,0x6c,0x00,0x00,0x00,0x00,0x00,0x00,
  0x9c,0xff,0xff,0x95,0x00,0xd5,0xff,0xeb,0x2e,0x00,0x00,0x00,0x00,0x5a,0xfc,0xff,
  0xff,0x9c,0x00,0x48,0xfc,0xff,0xf0,0x89,0x4f,0x58,0xa4,0xfc,0xef,0xda,0xff,0x92,
  0x00,0x00,0x67,0xf7,0xff,0xff,0xff,0xff,0xff,0xf0,0x4e,0xc7,0xff,0x84,0x00,0x00,
  0x00,0x34,0xa6,0xe3,0xf9,0xe4,0xa2,0x29,0x00,0xdd,0xff,0x61,0x00,0x00,0x00,0x00,
  0x00,0x00,0x00,0x00,0x00,0x00,0x0f,0xfb,0xff,0x34,0x17,0x46,0x46,0x0c,0x00,0x00,
  0x00,0x00,0x00,0x00,0x5e,0xff,0xe6,0x00,0x28,0xff,0xff,0x6a,0x00,0x00,0x00,0x00,
  0x00,0x00,0xcb,0xff,0x9c,0x00,0x00,0xcf,0xff,0xe4,0x1b,0x00,0x00,0x00,0x00,0x8b,
  0xff,0xf8,0x27,0x00,0x00,0x4e,0xfc,0xff,0xe6,0x7b,0x51,0x64,0xbd,0xff,0xff,0x83,
  0x00,0x00,0x00,0x00,0x6f,0xf9,0xff,0xff,0xff,0xff,0xff,0xff,0x9b,0x00,0x00,0x00,
  0x00,0x00,0x00,0x38,0xa7,0xe4,0xf9,0xea,0xbc,0x54,0x00,0x00,0x00,0x00,0x23,0x91,
  0x63,0x00,0xcd,0xff,0xff,0x50,0xeb,0xff,0xff,0x72,0x70,0xf2,0xca,0x14,0x00,0x00,
  0x00,0x00,0x00,0x00,0x00,0x00,0x00,0x00,0x00,0x00,0x00,0x00,0x00,0x00,0x00,0x00,
  0x00,0x00,0x00,0x00,0x00,0x00,0x00,0x00,0x00,0x00,0x23,0x91,0x63,0x00,0xcd,0xff,
  0xff,0x50,0xeb,0xff,0xff,0x72,0x70,0xf2,0xca,0x14,0x00,0x2c,0xda,0xea,0x4f,0x00,
  0x98,0xff,0xff,0xc7,0x00,0x7a,0xff,0xff,0xaa,0x00,0x06,0x78,0x89,0x16,0x00,0x00,
  0x00,0x00,0x00,0x00,0x00,0x00,0x00,0x00,0x00,0x00,0x00,0x00,0x00,0x00,0x00,0x00,
  0x00,0x00,0x00,0x00,0x00,0x00,0x00,0x00,0x00,0x00,0x00,0x00,0x00,0x00,0x00,0x00,
  0x00,0x00,0x31,0x8e,0x8e,0x31,0x00,0x76,0xff,0xff,0x22,0x00,0x9a,0xff,0xda,0x00,
  0x00,0xbe,0xff,0x9d,0x00,0x00,0xdf,0xff,0x5b,0x00,0x07,0xfc,0xfc,0x14,0x00,0x34,
  0xff,0xcd,0x00,0x00,0x5c,0xff,0x8f,0x00,0x00,0x00,0x00,0x00,0x00,0x00,0x00,0x00,
  0x00,0x00,0x00,0x14,0x8d,0x33,0x00,0x00,0x00,0x00,0x00,0x00,0x00,0x00,0x0d,0x81,
  0xee,0xff,0x3e,0x00,0x00,0x00,0x00,0x00,0x00,0x07,0x74,0xe7,0xff,0xff,0xf9,0x31,
  0x00,0x00,0x00,0x00,0x02,0x67,0xdf,0xff,0xff,0xf8,0x9f,0x25,0x00,0x00,0x00,0x00,
  0x5a,0xd6,0xff,0xff,0xf7,0x9c,0x23,0x00,0x00,0x00,0x00,0x4d,0xcc,0xff,0xff,0xf6,
  0x9a,0x21,0x00,0x00,0x00,0x00,0x00,0xa9,0xff,0xff,0xf6,0x97,0x1f,0x00,0x00,0x00,
  0x00,0x00,0x00,0x00,0xd3,0xff,0xff,0x99,0x12,0x00,0x00,0x00,0x00,0x00,0x00,0x00,
  0x00,0x50,0xd1,0xff,0xff,0xed,0x84,0x13,0x00,0x00,0x00,0x00,0x00,0x00,0x00,0x00,
  0x61,0xdc,0xff,0xff,0xef,0x87,0x14,0x00,0x00,0x00,0x00,0x00,0x00,0x00,0x04,0x6e,
  0xe4,0xff,0xff,0xf0,0x8a,0x16,0x00,0x00,0x00,0x00,0x00,0x00,0x00,0x0b,0x7c,0xeb,
  0xff,0xff,0xf0,0x8c,0x0f,0x00,0x00,0x00,0x00,0x00,0x00,0x00,0x12,0x89,0xf2,0xff,
  0xff,0x3e,0x00,0x00,0x00,0x00,0x00,0x00,0x00,0x00,0x00,0x1b,0x96,0xf7,0x3e,0x00,
  0x00,0x00,0x00,0x00,0x00,0x00,0x00,0x00,0x00,0x00,0x23,0x1a,0x2c,0xff,0xff,0xff,
  0xff,0xff,0xff,0xff,0xff,0xff,0xff,0xff,0x67,0x2c,0xff,0xff,0xff,0xff,0xff,0xff,
  0xff,0xff,0xff,0xff,0xff,0x67,0x0b,0x42,0x42,0x42,0x42,0x42,0x42,0x42,0x42,0x42,
  0x42,0x42,0x1a,0x00,0x00,0x00,0x00,0x00,0x00,0x00,0x00,0x00,0x00,0x00,0x00,0x00,
  0x00,0x00,0x00,0x00,0x00,0x00,0x00,0x00,0x00,0x00,0x00,0x00,0x00,0x0b,0x42,0x42,
  0x42,0x42,0x42,0x42,0x42,0x42,0x42,0x42,0x42,0x1a,0x2c,0xff,0xff,0xff,0xff,0xff,
  0xff,0xff,0xff,0xff,0xff,0xff,0x67,0x2c,0xff,0xff,0xff,0xff,0xff,0xff,0xff,0xff,
  0xff,0xff,0xff,0x67,0xa3,0x27,0x00,0x00,0x00,0x00,0x00,0x00,0x00,0x00,0x00,0x00,
  0xfc,0xf8,0x9a,0x1d,0x00,0x00,0x00,0x00,0x00,0x00,0x00,0x00,0xec,0xff,0xff,0xf4,
  0x8e,0x14,0x00,0x00,0x00,0x00,0x00,0x00,0x13,0x86,0xee,0xff,0xff,0xef,0x82,0x0d,
  0x00,0x00,0x00,0x00,0x00,0x00,0x12,0x84,0xec,0xff,0xff,0xe8,0x75,0x07,0x00,0x00,
  0x00,0x00,0x00,0x00,0x10,0x82,0xeb,0xff,0xff,0xe0,0x68,0x02,0x00,0x00,0x00,0x00,
  0x00,0x00,0x0f,0x7f,0xea,0xff,0xff,0xd6,0x00,0x00,0x00,0x00,0x00,0x00,0x00,0x04,
  0x72,0xfd,0xff,0xff,0x00,0x00,0x00,0x00,0x00,0x06,0x6c,0xdd,0xff,0xff,0xe4,0x6f,
  0x00,0x00,0x00,0x07,0x6e,0xe0,0xff,0xff,0xeb,0x7c,0x0b,0x00,0x00,0x07,0x71,0xe2,
  0xff,0xff,0xf2,0x89,0x12,0x00,0x00,0x00,0x73,0xe3,0xff,0xff,0xf6,0x96,0x1a,0x00,
  0x00,0x00,0x00,0x00,0xfc,0xff,0xfb,0xa2,0x23,0x00,0x00,0x00,0x00,0x00,0x00,0x00,
  0xfa,0xaf,0x2e,0x00,0x00,0x00,0x00,0x00,0x00,0x00,0x00,0x00,0x38,0x00,0x00,0x00,
  0x00,0x00,0x00,0x00,0x00,0x00,0x00,0x00,0x00,0x00,0x38,0xa8,0xe4,0xf9,0xea,0xb8,
  0x4f,0x00,0x00,0x00,0x6b,0xfa,0xff,0xff,0xff,0xff,0xff,0xfe,0x8c,0x00,0x3b,0xfb,
  0xff,0xdd,0x66,0x34,0x56,0xc9,0xff,0xff,0x57,0xac,0xff,0xec,0x22,0x00,0x00,0x00,
  0x09,0xd4,0xff,0xc1,0xde,0xff,0xa8,0x00,0x00,0x00,0x00,0x00,0x82,0xff,0xee,0x3e,
  0x42,0x22,0x00,0x00,0x00,0x00,0x00,0x77,0xff,0xf6,0x00,0x00,0x00,0x00,0x00,0x00,
  0x00,0x00,0xb8,0xff,0xdb,0x00,0x00,0x00,0x00,0x00,0x00,0x00,0x6e,0xff,0xff,0x8b,
  0x00,0x00,0x00,0x00,0x00,0x09,0x9a,0xff,0xff,0xd8,0x10,0x00,0x00,0x00,0x00,0x17,
  0xd0,0xff,0xff,0xc4,0x1d,0x00,0x00,0x00,0x00,0x00,0xa3,0xff,0xff,0x8b,0x04,0x00,
  0x00,0x00,0x00,0x00,0x00,0xef,0xff,0xab,0x00,0x00,0x00,0x00,0x00,0x00,0x00,0x1c,
  0xff,0xff,0x54,0x00,0x00,0x00,0x00,0x00,0x00,0x00,0x26,0xdd,0xdd,0x33,0x00,0x00,
  0x00,0x00,0x00,0x00,0x00,0x00,0x00,0x00,0x00,0x00,0x00,0x00,0x00,0x00,0x00,0x00,
  0x00,0x00,0x00,0x00,0x00,0x00,0x00,0x00,0x00,0x00,0x00,0x07,0x78,0x81,0x0c,0x00,
  0x00,0x00,0x00,0x00,0x00,0x00,0x86,0xff,0xff,0x99,0x00,0x00,0x00,0x00,0x00,0x00,
  0x00,0xa8,0xff,0xff,0xb9,0x00,0x00,0x00,0x00,0x00,0x00,0x00,0x38,0xe0,0xe7,0x45,
  0x00,0x00,0x00,0x00,0x00,0x00,0x00,0x00,0x00,0x00,0x04,0x57,0xa2,0xcf,0xed,0xfa,
  0xf6,0xe2,0xc7,0x85,0x33,0x00,0x00,0x00,0x00,0x00,0x00,0x00,0x00,0x00,0x00,0x00,
  0x64,0xe0,0xff,0xff,0xff,0xfc,0xf0,0xf6,0xff,0xff,0xff,0xfd,0xac,0x26,0x00,0x00,
  0x00,0x00,0x00,0x00,0x00,0x09,0xac,0xff,0xff,0xdb,0x7e,0x36,0x06,0x00,0x00,0x10,
  0x4b,0x96,0xf2,0xff,0xec,0x43,0x00,0x00,0x00,0x00,0x00,0x02,0xb6,0xff,0xf8,0x79,
  0x04,0x00,0x00,0x00,0x00,0x00,0x00,0x00,0x00,0x1c,0xb3,0xff,0xf6,0x3a,0x00,0x00,
  0x00,0x00,0x82,0xff,0xf9,0x4f,0x00,0x00,0x00,0x00,0x00,0x00,0x00,0x00,0x00,0x00,
  0x00,0x02,0xa3,0xff,0xde,0x10,0x00,0x00,0x22,0xf6,0xff,0x79,0x00,0x00,0x00,0x30,
  0xac,0xe7,0xf7,0xd6,0x6f,0x59,0xba,0x74,0x00,0x09,0xd3,0xff,0x7f,0x00,0x00,0x8e,
  0xff,0xd8,0x04,0x00,0x00,0x49,0xf2,0xff,0xff,0xff,0xff,0xff,0xe1,0xff,0xa1,0x00,
  0x00,0x57,0xff,0xe6,0x00,0x00,0xdd,0xff,0x75,0x00,0x00,0x16,0xe8,0xff,0xad,0x2e,
  0x12,0x41,0xbc,0xff,0xff,0xa1,0x00,0x00,0x00,0xe6,0xff,0x3a,0x25,0xff,0xff,0x23,
  0x00,0x00,0x82,0xff,0xbd,0x00,0x00,0x00,0x00,0x04,0xd6,0xff,0xa1,0x00,0x00,0x00,
  0xac,0xff,0x76,0x54,0xff,0xe5,0x00,0x00,0x00,0xcc,0xff,0x4b,0x00,0x00,0x00,0x00,
  0x00,0x8d,0xff,0xa1,0x00,0x00,0x00,0x91,0xff,0x8e,0x71,0xff,0xc7,0x00,0x00,0x00,
  0xeb,0xff,0x0c,0x00,0x00,0x00,0x00,0x00,0x6f,0xff,0xa1,0x00,0x00,0x00,0x84,0xff,
  0x98,0x7d,0xff,0xbb,0x00,0x00,0x00,0xf7,0xfd,0x02,0x00,0x00,0x00,0x00,0x00,0x6b,
  0xff,0xa1,0x00,0x00,0x00,0x8a,0xff,0x8c,0x7a,0xff,0xbd,0x00,0x00,0x00,0xe9,0xff,
  0x1f,0x00,0x00,0x00,0x00,0x00,0x7e,0xff,0xa1,0x00,0x00,0x00,0x98,0xff,0x80,0x68,
  0xff,0xcc,0x00,0x00,0x00,0xc6,0xff,0x60,0x00,0x00,0x00,0x00,0x00,0xad,0xff,0xa1,
  0x00,0x00,0x00,0xb4,0xff,0x63,0x54,0xff,0xe4,0x00,0x00,0x00,0x86,0xff,0xcc,0x06,
  0x00,0x00,0x00,0x26,0xf6,0xff,0xad,0x00,0x00,0x00,0xe3,0xff,0x2c,0x1c,0xfe,0xff,
  0x25,0x00,0x00,0x1a,0xf1,0xff,0xba,0x4c,0x34,0x65,0xde,0xf6,0xff,0xf0,0x2d,0x00,
  0x76,0xff,0xd2,0x00,0x00,0xdc,0xff,0x72,0x00,0x00,0x00,0x5d,0xfc,0xff,0xff,0xff,
  0xff,0xf7,0x53,0xf1,0xff,0xfc,0xef,0xff,0xfc,0x4f,0x00,0x00,0x8f,0xff,0xd8,0x00,
  0x00,0x00,0x00,0x44,0xbe,0xec,0xf5,0xc9,0x48,0x00,0x39,0xb6,0xe9,0xf6,0xcf,0x54,
  0x00,0x00,0x00,0x1f,0xf8,0xff,0x79,0x00,0x00,0x00,0x00,0x00,0x00,0x00,0x00,0x00,
  0x00,0x00,0x00,0x00,0x00,0x00,0x00,0x00,0x00,0x00,0x00,0x89,0xff,0xf9,0x50,0x00,
  0x00,0x00,0x00,0x00,0x00,0x00,0x00,0x00,0x00,0x00,0x00,0x00,0x00,0x00,0x00,0x00,
  0x00,0x00,0x02,0xbf,0xff,0xfb,0x7f,0x09,0x00,0x00,0x00,0x00,0x00,0x00,0x00,0x00,
  0x00,0x00,0x00,0x00,0x00,0x00,0x00,0x00,0x00,0x00,0x0d,0xae,0xff,0xff,0xe5,0x8c,
  0x4b,0x14,0x00,0x00,0x13,0x40,0x85,0xd0,0x65,0x00,0x00,0x00,0x00,0x00,0x00,0x00,
  0x00,0x00,0x00,0x6a,0xdd,0xff,0xff,0xff,0xff,0xfb,0xf4,0xff,0xff,0xff,0xff,0xa7,
  0x00,0x00,0x00,0x00,0x00,0x00,0x00,0x00,0x00,0x00,0x00,0x04,0x55,0x96,0xcc,0xe4,
  0xf4,0xfb,0xeb,0xd1,0xa1,0x65,0x12,0x00,0x00,0x00,0x00,0x00,0x00,0x00,0x00,0x00,
  0x00,0x00,0x00,0xb0,0xff,0xff,0x8d,0x00,0x00,0x00,0x00,0x00,0x00,0x00,0x00,0x00,
  0x00,0x00,0x00,0x00,0x0f,0xf5,0xff,0xff,0xdd,0x00,0x00,0x00,0x00,0x00,0x00,0x00,
  0x00,0x00,0x00,0x00,0x00,0x00,0x64,0xff,0xd0,0xf2,0xff,0x3f,0x00,0x00,0x00,0x00,
  0x00,0x00,0x00,0x00,0x00,0x00,0x00,0x00,0xb7,0xff,0x8b,0xb5,0xff,0x97,0x00,0x00,
  0x00,0x00,0x00,0x00,0x00,0x00,0x00,0x00,0x00,0x14,0xf8,0xff,0x42,0x6f,0xff,0xe6,
  0x02,0x00,0x00,0x00,0x00,0x00,0x00,0x00,0x00,0x00,0x00,0x6c,0xff,0xea,0x02,0x1f,
  0xfd,0xff,0x4b,0x00,0x00,0x00,0x00,0x00,0x00,0x00,0x00,0x00,0x00,0xbf,0xff,0xa5,
  0x00,0x00,0xcb,0xff,0xa2,0x00,0x00,0x00,0x00,0x00,0x00,0x00,0x00,0x00,0x1b,0xfb,
  0xff,0x58,0x00,0x00,0x7f,0xff,0xed,0x07,0x00,0x00,0x00,0x00,0x00,0x00,0x00,0x00,
  0x74,0xff,0xf1,0x0b,0x00,0x00,0x26,0xfe,0xff,0x56,0x00,0x00,0x00,0x00,0x00,0x00,
  0x00,0x00,0xc6,0xff,0xac,0x00,0x00,0x00,0x00,0xcb,0xff,0xac,0x00,0x00,0x00,0x00,
  0x00,0x00,0x00,0x21,0xfc,0xff,0x5a,0x00,0x00,0x00,0x00,0x7a,0xff,0xf3,0x0d,0x00,
  0x00,0x00,0x00,0x00,0x00,0x7c,0xff,0xf2,0x0b,0x00,0x00,0x00,0x00,0x21,0xfc,0xff,
  0x61,0x00,0x00,0x00,0x00,0x00,0x00,0xcd,0xff,0xff,0xff,0xff,0xff,0xff,0xff,0xff,
  0xff,0xff,0xb6,0x00,0x00,0x00,0x00,0x00,0x28,0xfe,0xff,0xff,0xff,0xff,0xff,0xff,
  0xff,0xff,0xff,0xff,0xf8,0x14,0x00,0x00,0x00,0x00,0x84,0xff,0xf0,0x3e,0x3e,0x3e,
  0x3e,0x3e,0x3e,0x3e,0x47,0xfc,0xff,0x6c,0x00,0x00,0x00,0x00,0xd4,0xff,0xad,0x00,
  0x00,0x00,0x00,0x00,0x00,0x00,0x00,0xc4,0xff,0xbf,0x00,0x00,0x00,0x30,0xff,0xff,
  0x60,0x00,0x00,0x00,0x00,0x00,0x00,0x00,0x00,0x77,0xff,0xfc,0x1d,0x00,0x00,0x8b,
  0xff,0xf7,0x10,0x00,0x00,0x00,0x00,0x00,0x00,0x00,0x00,0x21,0xfd,0xff,0x77,0x00,
  0x00,0xda,0xff,0xba,0x00,0x00,0x00,0x00,0x00,0x00,0x00,0x00,0x00,0x00,0xc9,0xff,
  0xc9,0x00,0x38,0xff,0xff,0x6f,0x00,0x00,0x00,0x00,0x00,0x00,0x00,0x00,0x00,0x00,
  0x7d,0xff,0xfe,0x28,0xc1,0xff,0xff,0xff,0xff,0xff,0xff,0xf4,0xdd,0x9b,0x2e,0x00,
  0x00,0x00,0xc1,0xff,0xff,0xff,0xff,0xff,0xff,0xff,0xff,0xff,0xf4,0x58,0x00,0x00,
  0xc1,0xff,0xcc,0x46,0x46,0x46,0x46,0x5c,0x8d,0xf4,0xff,0xf1,0x23,0x00,0xc1,0xff,
  0xbe,0x00,0x00,0x00,0x00,0x00,0x00,0x38,0xfa,0xff,0x88,0x00,0xc1,0xff,0xbe,0x00,
  0x00,0x00,0x00,0x00,0x00,0x00,0xb4,0xff,0xbd,0x00,0xc1,0xff,0xbe,0x00,0x00,0x00,
  0x00,0x00,0x00,0x00,0x95,0xff,0xcc,0x00,0xc1,0xff,0xbe,0x00,0x00,0x00,0x00,0x00,
  0x00,0x00,0xb8,0xff,0xb4,0x00,0xc1,0xff,0xbe,0x00,0x00,0x00,0x00,0x00,0x00,0x48,
  0xfc,0xff,0x61,0x00,0xc1,0xff,0xc6,0x2c,0x2c,0x2c,0x2c,0x49,0x93,0xf9,0xff,0xa4,
  0x00,0x00,0xc1,0xff,0xff,0xff,0xff,0xff,0xff,0xff,0xff,0xee,0x62,0x00,0x00,0x00,
  0xc1,0xff,0xff,0xff,0xff,0xff,0xff,0xff,0xff,0xff,0xf9,0x91,0x04,0x00,0xc1,0xff,
  0xbe,0x00,0x00,0x00,0x00,0x0c,0x3e,0xac,0xff,0xff,0x97,0x00,0xc1,0xff,0xbe,0x00,
  0x00,0x00,0x00,0x00,0x00,0x00,0x96,0xff,0xfd,0x28,0xc1,0xff,0xbe,0x00,0x00,0x00,
  0x00,0x00,0x00,0x00,0x13,0xf6,0xff,0x78,0xc1,0xff,0xbe,0x00,0x00,0x00,0x00,0x00,
  0x00,0x00,0x00,0xd8,0xff,0x91,0xc1,0xff,0xbe,0x00,0x00,0x00,0x00,0x00,0x00,0x00,
  0x02,0xf1,0xff,0x83,0xc1,0xff,0xbe,0x00,0x00,0x00,0x00,0x00,0x00,0x00,0x81,0xff,
  0xff,0x4b,0xc1,0xff,0xcc,0x46,0x46,0x46,0x46,0x4b,0x65,0xae,0xfe,0xff,0xcf,0x00,
  0xc1,0xff,0xff,0xff,0xff,0xff,0xff,0xff,0xff,0xff,0xff,0xda,0x28,0x00,0xc1,0xff,
  0xff,0xff,0xff,0xff,0xff,0xfa,0xe8,0xc5,0x79,0x0c,0x00,0x00,0x00,0x00,0x00,0x00,
  0x00,0x4e,0xac,0xe2,0xf9,0xf2,0xda,0x9c,0x3d,0x00,0x00,0x00,0x00,0x00,0x00,0x00,
  0x1a,0xb9,0xff,0xff,0xff,0xff,0xff,0xff,0xff,0xfd,0x9f,0x0b,0x00,0x00,0x00,0x00,
  0x1a,0xd7,0xff,0xff,0xea,0x97,0x72,0x71,0x9c,0xea,0xff,0xff,0xb7,0x06,0x00,0x00,
  0x00,0xb8,0xff,0xff,0x98,0x0b,0x00,0x00,0x00,0x00,0x10,0xa3,0xff,0xff,0x81,0x00,
  0x00,0x54,0xff,0xff,0x95,0x00,0x00,0x00,0x00,0x00,0x00,0x00,0x00,0xb6,0xff,0xf2,
  0x14,0x00,0xbf,0xff,0xe0,0x0c,0x00,0x00,0x00,0x00,0x00,0x00,0x00,0x00,0x2f,0xff,
  0xff,0x60,0x12,0xfb,0xff,0x86,0x00,0x00,0x00,0x00,0x00,0x00,0x00,0x00,0x00,0x00,
  0x6d,0x77,0x44,0x4c,0xff,0xff,0x37,0x00,0x00,0x00,0x00,0x00,0x00,0x00,0x00,0x00,
  0x00,0x00,0x00,0x00,0x6e,0xff,0xff,0x09,0x00,0x00,0x00,0x00,0x00,0x00,0x00,0x00,
  0x00,0x00,0x00,0x00,0x00,0x7d,0xff,0xf1,0x00,0x00,0x00,0x00,0x00,0x00,0x00,0x00,
  0x00,0x00,0x00,0x00,0x00,0x00,0x7e,0xff,0xf0,0x00,0x00,0x00,0x00,0x00,0x00,0x00,
  0x00,0x00,0x00,0x00,0x00,0x00,0x00,0x6e,0xff,0xff,0x0b,0x00,0x00,0x00,0x00,0x00,
  0x00,0x00,0x00,0x00,0x00,0x00,0x00,0x00,0x4c,0xff,0xff,0x38,0x00,0x00,0x00,0x00,
  0x00,0x00,0x00,0x00,0x00,0x00,0x00,0x00,0x00,0x12,0xfb,0xff,0x88,0x00,0x00,0x00,
  0x00,0x00,0x00,0x00,0x00,0x00,0x00,0x6d,0x77,0x44,0x00,0xbf,0xff,0xe1,0x0d,0x00,
  0x00,0x00,0x00,0x00,0x00,0x00,0x00,0x30,0xff,0xff,0x60,0x00,0x56,0xff,0xff,0x98,
  0x00,0x00,0x00,0x00,0x00,0x00,0x00,0x00,0xb6,0xff,0xf1,0x13,0x00,0x00,0xba,0xff,
  0xff,0x97,0x09,0x00,0x00,0x00,0x00,0x10,0xa4,0xff,0xff,0x81,0x00,0x00,0x00,0x1a,
  0xd9,0xff,0xff,0xe9,0x97,0x72,0x70,0x9b,0xea,0xff,0xff,0xb9,0x07,0x00,0x00,0x00,
  0x00,0x1c,0xbd,0xff,0xff,0xff,0xff,0xff,0xff,0xff,0xfe,0xa2,0x0c,0x00,0x00,0x00,
  0x00,0x00,0x00,0x00,0x51,0xae,0xe3,0xf9,0xf4,0xdc,0x9f,0x40,0x00,0x00,0x00,0x00,
  0xc1,0xff,0xff,0xff,0xff,0xff,0xfd,0xf0,0xd0,0x95,0x30,0x00,0x00,0x00,0x00,0x00,
  0xc1,0xff,0xff,0xff,0xff,0xff,0xff,0xff,0xff,0xff,0xfc,0x99,0x09,0x00,0x00,0x00,
  0xc1,0xff,0xcc,0x46,0x46,0x46,0x4c,0x62,0x9a,0xe9,0xff,0xff,0xbe,0x07,0x00,0x00,
  0xc1,0xff,0xbe,0x00,0x00,0x00,0x00,0x00,0x00,0x12,0xa8,0xff,0xff,0x91,0x00,0x00,
  0xc1,0xff,0xbe,0x00,0x00,0x00,0x00,0x00,0x00,0x00,0x00,0xb5,0xff,0xf9,0x29,0x00,
  0xc1,0xff,0xbe,0x00,0x00,0x00,0x00,0x00,0x00,0x00,0x00,0x20,0xf7,0xff,0x90,0x00,
  0xc1,0xff,0xbe,0x00,0x00,0x00,0x00,0x00,0x00,0x00,0x00,0x00,0xae,0xff,0xd6,0x00,
  0xc1,0xff,0xbe,0x00,0x00,0x00,0x00,0x00,0x00,0x00,0x00,0x00,0x71,0xff,0xfd,0x0b,
  0xc1,0xff,0xbe,0x00,0x00,0x00,0x00,0x00,0x00,0x00,0x00,0x00,0x46,0xff,0xff,0x30,
  0xc1,0xff,0xbe,0x00,0x00,0x00,0x00,0x00,0x00,0x00,0x00,0x00,0x34,0xff,0xff,0x40,
  0xc1,0xff,0xbe,0x00,0x00,0x00,0x00,0x00,0x00,0x00,0x00,0x00,0x36,0xff,0xff,0x3f,
  0xc1,0xff,0xbe,0x00,0x00,0x00,0x00,0x00,0x00,0x00,0x00,0x00,0x48,0xff,0xff,0x2e,
  0xc1,0xff,0xbe,0x00,0x00,0x00,0x00,0x00,0x00,0x00,0x00,0x00,0x76,0xff,0xfc,0x09,
  0xc1,0xff,0xbe,0x00,0x00,0x00,0x00,0x00,0x00,0x00,0x00,0x00,0xb6,0xff,0xd0,0x00,
  0xc1,0xff,0xbe,0x00,0x00,0x00,0x00,0x00,0x00,0x00,0x00,0x27,0xfa,0xff,0x89,0x00,
  0xc1,0xff,0xbe,0x00,0x00,0x00,0x00,0x00,0x00,0x00,0x04,0xbe,0xff,0xf6,0x22,0x00,
  0xc1,0xff,0xbe,0x00,0x00,0x00,0x00,0x00,0x00,0x18,0xb3,0xff,0xff,0x86,0x00,0x00,
  0xc1,0xff,0xcc,0x46,0x46,0x46,0x50,0x67,0xa2,0xf0,0xff,0xff,0xb3,0x04,0x00,0x00,
  0xc1,0xff,0xff,0xff,0xff,0xff,0xff,0xff,0xff,0xff,0xfa,0x90,0x06,0x00,0x00,0x00,
  0xc1,0xff,0xff,0xff,0xff,0xff,0xfc,0xee,0xca,0x8d,0x28,0x00,0x00,0x00,0x00,0x00,
  0xc1,0xff,0xff,0xff,0xff,0xff,0xff,0xff,0xff,0xff,0xff,0xd6,0xc1,0xff,0xff,0xff,
  0xff,0xff,0xff,0xff,0xff,0xff,0xff,0xd6,0xc1,0xff,0xcc,0x46,0x46,0x46,0x46,0x46,
  0x46,0x46,0x46,0x3a,0xc1,0xff,0xbe,0x00,0x00,0x00,0x00,0x00,0x00,0x00,0x00,0x00,
  0xc1,0xff,0xbe,0x00,0x00,0x00,0x00,0x00,0x00,0x00,0x00,0x00,0xc1,0xff,0xbe,0x00,
  0x00,0x00,0x00,0x00,0x00,0x00,0x00,0x00,0xc1,0xff,0xbe,0x00,0x00,0x00,0x00,0x00,
  0x00,0x00,0x00,0x00,0xc1,0xff,0xbe,0x00,0x00,0x00,0x00,0x00,0x00,0x00,0x00,0x00,
  0xc1,0xff,0xbe,0x00,0x00,0x00,0x00,0x00,0x00,0x00,0x00,0x00,0xc1,0xff,0xff,0xff,
  0xff,0xff,0xff,0xff,0xff,0xff,0xff,0x3e,0xc1,0xff,0xff,0xff,0xff,0xff,0xff,0xff,
  0xff,0xff,0xff,0x3e,0xc1,0xff,0xcd,0x4b,0x4b,0x4b,0x4b,0x4b,0x4b,0x4b,0x4b,0x12,
  0xc1,0xff,0xbe,0x00,0x00,0x00,0x00,0x00,0x00,0x00,0x00,0x00,0xc1,0xff,0xbe,0x00,
  0x00,0x00,0x00,0x00,0x00,0x00,0x00,0x00,0xc1,0xff,0xbe,0x00,0x00,0x00,0x00,0x00,
  0x00,0x00,0x00,0x00,0xc1,0xff,0xbe,0x00,0x00,0x00,0x00,0x00,0x00,0x00,0x00,0x00,
  0xc1,0xff,0xbe,0x00,0x00,0x00,0x00,0x00,0x00,0x00,0x00,0x00,0xc1,0xff,0xcc,0x46,
  0x46,0x46,0x46,0x46,0x46,0x46,0x46,0x41,0xc1,0xff,0xff,0xff,0xff,0xff,0xff,0xff,
  0xff,0xff,0xff,0xef,0xc1,0xff,0xff,0xff,0xff,0xff,0xff,0xff,0xff,0xff,0xff,0xef,
  0xc1,0xff,0xff,0xff,0xff,0xff,0xff,0xff,0xff,0xff,0xff,0xc1,0xc1,0xff,0xff,0xff,
  0xff,0xff,0xff,0xff,0xff,0xff,0xff,0xc1,0xc1,0xff,0xcc,0x46,0x46,0x46,0x46,0x46,
  0x46,0x46,0x46,0x35,0xc1,0xff,0xbe,0x00,0x00,0x00,0x00,0x00,0x00,0x00,0x00,0x00,
  0xc1,0xff,0xbe,0x00,0x00,0x00,0x00,0x00,0x00,0x00,0x00,0x00,0xc1,0xff,0xbe,0x00,
  0x00,0x00,0x00,0x00,0x00,0x00,0x00,0x00,0xc1,0xff,0xbe,0x00,0x00,0x00,0x00,0x00,
  0x00,0x00,0x00,0x00,0xc1,0xff,0xbe,0x00,0x00,0x00,0x00,0x00,0x00,0x00,0x00,0x00,
  0xc1,0xff,0xbe,0x00,0x00,0x00,0x00,0x00,0x00,0x00,0x00,0x00,0xc1,0xff,0xff,0xff,
  0xff,0xff,0xff,0xff,0xff,0xff,0xe1,0x00,0xc1,0xff,0xff,0xff,0xff,0xff,0xff,0xff,
  0xff,0xff,0xe1,0x00,0xc1,0xff,0xcc,0x46,0x46,0x46,0x46,0x46,0x46,0x46,0x3e,0x00,
  0xc1,0xff,0xbe,0x00,0x00,0x00,0x00,0x00,0x00,0x00,0x00,0x00,0xc1,0xff,0xbe,0x00,
  0x00,0x00,0x00,0x00,0x00,0x00,0x00,0x00,0xc1,0xff,0xbe,0x00,0x00,0x00,0x00,0x00,
  0x00,0x00,0x00,0x00,0xc1,0xff,0xbe,0x00,0x00,0x00,0x00,0x00,0x00,0x00,0x00,0x00,
  0xc1,0xff,0xbe,0x00,0x00,0x00,0x00,0x00,0x00,0x00,0x00,0x00,0xc1,0xff,0xbe,0x00,
  0x00,0x00,0x00,0x00,0x00,0x00,0x00,0x00,0xc1,0xff,0xbe,0x00,0x00,0x00,0x00,0x00,
  0x00,0x00,0x00,0x00,0xc1,0xff,0xbe,0x00,0x00,0x00,0x00,0x00,0x00,0x00,0x00,0x00,
  0x00,0x00,0x00,0x00,0x00,0x55,0xb2,0xe4,0xfa,0xf0,0xd8,0x99,0x3a,0x00,0x00,0x00,
  0x00,0x00,0x00,0x00,0x1f,0xbf,0xff,0xff,0xff,0xff,0xff,0xff,0xff,0xfd,0x9f,0x0d,
  0x00,0x00,0x00,0x00,0x1d,0xdd,0xff,0xff,0xe7,0x95,0x70,0x6f,0x9b,0xeb,0xff,0xff,
  0xbf,0x0b,0x00,0x00,0x00,0xbe,0xff,0xff,0x95,0x09,0x00,0x00,0x00,0x00,0x14,0xbb,
  0xff,0xff,0x90,0x00,0x00,0x58,0xff,0xff,0x94,0x00,0x00,0x00,0x00,0x00,0x00,0x00,
  0x0c,0xcd,0xff,0xf8,0x22,0x00,0xc1,0xff,0xdf,0x0c,0x00,0x00,0x00,0x00,0x00,0x00,
  0x00,0x00,0x4b,0xff,0xff,0x75,0x12,0xfb,0xff,0x85,0x00,0x00,0x00,0x00,0x00,0x00,
  0x00,0x00,0x00,0x00,0x55,0x5b,0x3a,0x4d,0xff,0xff,0x36,0x00,0x00,0x00,0x00,0x00,
  0x00,0x00,0x00,0x00,0x00,0x00,0x00,0x00,0x6e,0xff,0xff,0x09,0x00,0x00,0x00,0x00,
  0x00,0x00,0x00,0x00,0x00,0x00,0x00,0x00,0x00,0x7d,0xff,0xf1,0x00,0x00,0x00,0x00,
  0x00,0x00,0x23,0x42,0x42,0x42,0x42,0x42,0x42,0x35,0x7e,0xff,0xf0,0x00,0x00,0x00,
  0x00,0x00,0x00,0x8a,0xff,0xff,0xff,0xff,0xff,0xff,0xcf,0x6e,0xff,0xff,0x0b,0x00,
  0x00,0x00,0x00,0x00,0x8a,0xff,0xff,0xff,0xff,0xff,0xff,0xcf,0x4c,0xff,0xff,0x38,
  0x00,0x00,0x00,0x00,0x00,0x00,0x00,0x00,0x00,0x00,0xb2,0xff,0xc8,0x12,0xfb,0xff,
  0x89,0x00,0x00,0x00,0x00,0x00,0x00,0x00,0x00,0x00,0x00,0xd0,0xff,0xb1,0x00,0xc0,
  0xff,0xe3,0x0f,0x00,0x00,0x00,0x00,0x00,0x00,0x00,0x00,0x2b,0xfe,0xff,0x80,0x00,
  0x58,0xff,0xff,0x9c,0x00,0x00,0x00,0x00,0x00,0x00,0x00,0x00,0xb4,0xff,0xfc,0x28,
  0x00,0x00,0xbd,0xff,0xff,0x9e,0x0c,0x00,0x00,0x00,0x00,0x07,0x9e,0xff,0xff,0x9a,
  0x00,0x00,0x00,0x1c,0xdb,0xff,0xff,0xec,0x9a,0x74,0x71,0x95,0xe6,0xff,0xff,0xcf,
  0x0b,0x00,0x00,0x00,0x00,0x1d,0xbe,0xff,0xff,0xff,0xff,0xff,0xff,0xff,0xff,0xb0,
  0x12,0x00,0x00,0x00,0x00,0x00,0x00,0x00,0x52,0xad,0xe2,0xf9,0xf3,0xda,0xa8,0x46,
  0x00,0x00,0x00,0x00,0xc1,0xff,0xbe,0x00,0x00,0x00,0x00,0x00,0x00,0x00,0x00,0x00,
  0x6f,0xff,0xff,0x0d,0xc1,0xff,0xbe,0x00,0x00,0x00,0x00,0x00,0x00,0x00,0x00,0x00,
  0x6f,0xff,0xff,0x0d,0xc1,0xff,0xbe,0x00,0x00,0x00,0x00,0x00,0x00,0x00,0x00,0x00,
  0x6f,0xff,0xff,0x0d,0xc1,0xff,0xbe,0x00,0x00,0x00,0x00,0x00,0x00,0x00,0x00,0x00,
  0x6f,0xff,0xff,0x0d,0xc1,0xff,0xbe,0x00,0x00,0x00,0x00,0x00,0x00,0x00,0x00,0x00,
  0x6f,0xff,0xff,0x0d,0xc1,0xff,0xbe,0x00,0x00,0x00,0x00,0x00,0x00,0x00,0x00,0x00,
  0x6f,0xff,0xff,0x0d,0xc1,0xff,0xbe,0x00,0x00,0x00,0x00,0x00,0x00,0x00,0x00,0x00,
  0x6f,0xff,0xff,0x0d,0xc1,0xff,0xbe,0x00,0x00,0x00,0x00,0x00,0x00,0x00,0x00,0x00,
  0x6f,0xff,0xff,0x0d,0xc1,0xff,0xcc,0x46,0x46,0x46,0x46,0x46,0x46,0x46,0x46,0x46,
  0x91,0xff,0xff,0x0d,0xc1,0xff,0xff,0xff,0xff,0xff,0xff,0xff,0xff,0xff,0xff,0xff,
  0xff,0xff,0xff,0x0d,0xc1,0xff,0xff,0xff,0xff,0xff,0xff,0xff,0xff,0xff,0xff,0xff,
  0xff,0xff,0xff,0x0d,0xc1,0xff,0xbe,0x00,0x00,0x00,0x00,0x00,0x00,0x00,0x00,0x00,
  0x6f,0xff,0xff,0x0d,0xc1,0xff,0xbe,0x00,0x00,0x00,0x00,0x00,0x00,0x00,0x00,0x00,
  0x6f,0xff,0xff,0x0d,0xc1,0xff,0xbe,0x00,0x00,0x00,0x00,0x00,0x00,0x00,0x00,0x00,
  0x6f,0xff,0xff,0x0d,0xc1,0xff,0xbe,0x00,0x00,0x00,0x00,0x00,0x00,0x00,0x00,0x00,
  0x6f,0xff,0xff,0x0d,0xc1,0xff,0xbe,0x00,0x00,0x00,0x00,0x00,0x00,0x00,0x00,0x00,
  0x6f,0xff,0xff,0x0d,0xc1,0xff,0xbe,0x00,0x00,0x00,0x00,0x00,0x00,0x00,0x00,0x00,
  0x6f,0xff,0xff,0x0d,0xc1,0xff,0xbe,0x00,0x00,0x00,0x00,0x00,0x00,0x00,0x00,0x00,
  0x6f,0xff,0xff,0x0d,0xc1,0xff,0xbe,0x00,0x00,0x00,0x00,0x00,0x00,0x00,0x00,0x00,
  0x6f,0xff,0xff,0x0d,0xc1,0xff,0xbe,0x00,0x00,0x00,0x00,0x00,0x00,0x00,0x00,0x00,
  0x6f,0xff,0xff,0x0d,0xc1,0xff,0xbe,0xc1,0xff,0xbe,0xc1,0xff,0xbe,0xc1,0xff,0xbe,
  0xc1,0xff,0xbe,0xc1,0xff,0xbe,0xc1,0xff,0xbe,0xc1,0xff,0xbe,0xc1,0xff,0xbe,0xc1,
  0xff,0xbe,0xc1,0xff,0xbe,0xc1,0xff,0xbe,0xc1,0xff,0xbe,0xc1,0xff,0xbe,0xc1,0xff,
  0xbe,0xc1,0xff,0xbe,0xc1,0xff,0xbe,0xc1,0xff,0xbe,0xc1,0xff,0xbe,0xc1,0xff,0xbe,
  0x00,0x00,0x00,0x00,0x00,0x00,0x00,0x00,0x00,0xe1,0xff,0x9d,0x00,0x00,0x00,0x00,
  0x00,0x00,0x00,0x00,0x00,0xe1,0xff,0x9d,0x00,0x00,0x00,0x00,0x00,0x00,0x00,0x00,
  0x00,0xe1,0xff,0x9d,0x00,0x00,0x00,0x00,0x00,0x00,0x00,0x00,0x00,0xe1,0xff,0x9d,
  0x00,0x00,0x00,0x00,0x00,0x00,0x00,0x00,0x00,0xe1,0xff,0x9d,0x00,0x00,0x00,0x00,
  0x00,0x00,0x00,0x00,0x00,0xe1,0xff,0x9d,0x00,0x00,0x00,0x00,0x00,0x00,0x00,0x00,
  0x00,0xe1,0xff,0x9d,0x00,0x00,0x00,0x00,0x00,0x00,0x00,0x00,0x00,0xe1,0xff,0x9d,
  0x00,0x00,0x00,0x00,0x00,0x00,0x00,0x00,0x00,0xe1,0xff,0x9d,0x00,0x00,0x00,0x00,
  0x00,0x00,0x00,0x00,0x00,0xe1,0xff,0x9d,0x00,0x00,0x00,0x00,0x00,0x00,0x00,0x00,
  0x00,0xe1,0xff,0x9d,0x00,0x00,0x00,0x00,0x00,0x00,0x00,0x00,0x00,0xe1,0xff,0x9d,
  0x00,0x00,0x00,0x00,0x00,0x00,0x00,0x00,0x00,0xe1,0xff,0x9d,0xbf,0xf9,0xb5,0x00,
  0x00,0x00,0x00,0x00,0x00,0xe1,0xff,0x9d,0xbe,0xff,0xc7,0x00,0x00,0x00,0x00,0x00,
  0x00,0xed,0xff,0x95,0xa6,0xff,0xe9,0x02,0x00,0x00,0x00,0x00,0x1d,0xff,0xff,0x7c,
  0x68,0xff,0xff,0x70,0x00,0x00,0x00,0x00,0x9d,0xff,0xff,0x39,0x09,0xe0,0xff,0xfc,
  0x9b,0x5a,0x61,0xb2,0xff,0xff,0xbe,0x00,0x00,0x39,0xe9,0xff,0xff,0xff,0xff,0xff,
  0xff,0xd6,0x1d,0x00,0x00,0x00,0x1d,0x95,0xdc,0xf8,0xf6,0xd4,0x84,0x0f,0x00,0x00,
  0xc1,0xff,0xbe,0x00,0x00,0x00,0x00,0x00,0x00,0x00,0x13,0xd6,0xff,0xfc,0x5c,0xc1,
  0xff,0xbe,0x00,0x00,0x00,0x00,0x00,0x00,0x07,0xc0,0xff,0xff,0x78,0x00,0xc1,0xff,
  0xbe,0x00,0x00,0x00,0x00,0x00,0x00,0xa7,0xff,0xff,0x95,0x00,0x00,0xc1,0xff,0xbe,
  0x00,0x00,0x00,0x00,0x00,0x8a,0xff,0xff,0xaf,0x02,0x00,0x00,0xc1,0xff,0xbe,0x00,
  0x00,0x00,0x00,0x6b,0xff,0xff,0xc6,0x0b,0x00,0x00,0x00,0xc1,0xff,0xbe,0x00,0x00,
  0x00,0x50,0xfa,0xff,0xd8,0x17,0x00,0x00,0x00,0x00,0xc1,0xff,0xbd,0x00,0x00,0x37,
  0xf1,0xff,0xe7,0x27,0x00,0x00,0x00,0x00,0x00,0xc1,0xff,0xbb,0x00,0x1d,0xe2,0xff,
  0xf2,0x39,0x00,0x00,0x00,0x00,0x00,0x00,0xc1,0xff,0xb8,0x07,0xca,0xff,0xff,0x61,
  0x00,0x00,0x00,0x00,0x00,0x00,0x00,0xc1,0xff,0xb6,0x9b,0xff,0xff,0xff,0xb4,0x00,
  0x00,0x00,0x00,0x00,0x00,0x00,0xc1,0xff,0xe9,0xff,0xfd,0xc0,0xff,0xff,0x65,0x00,
  0x00,0x00,0x00,0x00,0x00,0xc1,0xff,0xff,0xff,0x7d,0x09,0xd6,0xff,0xee,0x20,0x00,
  0x00,0x00,0x00,0x00,0xc1,0xff,0xff,0x96,0x00,0x00,0x3b,0xfb,0xff,0xb9,0x00,0x00,
  0x00,0x00,0x00,0xc1,0xff,0xcf,0x02,0x00,0x00,0x00,0x8a,0xff,0xff,0x6b,0x00,0x00,
  0x00,0x00,0xc1,0xff,0xbe,0x00,0x00,0x00,0x00,0x07,0xd2,0xff,0xf0,0x25,0x00,0x00,
  0x00,0xc1,0xff,0xbe,0x00,0x00,0x00,0x00,0x00,0x38,0xf9,0xff,0xbf,0x00,0x00,0x00,
  0xc1,0xff,0xbe,0x00,0x00,0x00,0x00,0x00,0x00,0x85,0xff,0xff,0x71,0x00,0x00,0xc1,
  0xff,0xbe,0x00,0x00,0x00,0x00,0x00,0x00,0x06,0xcf,0xff,0xf3,0x29,0x00,0xc1,0xff,
  0xbe,0x00,0x00,0x00,0x00,0x00,0x00,0x00,0x34,0xf8,0xff,0xc4,0x02,0xc1,0xff,0xbe,
  0x00,0x00,0x00,0x00,0x00,0x00,0x00,0x00,0x81,0xff,0xff,0x78,0xc1,0xff,0xbe,0x00,
  0x00,0x00,0x00,0x00,0x00,0x00,0x00,0x00,0xc1,0xff,0xbe,0x00,0x00,0x00,0x00,0x00,
  0x00,0x00,0x00,0x00,0xc1,0xff,0xbe,0x00,0x00,0x00,0x00,0x00,0x00,0x00,0x00,0x00,
  0xc1,0xff,0xbe,0x00,0x00,0x00,0x00,0x00,0x00,0x00,0x00,0x00,0xc1,0xff,0xbe,0x00,
  0x00,0x00,0x00,0x00,0x00,0x00,0x00,0x00,0xc1,0xff,0xbe,0x00,0x00,0x00,0x00,0x00,
  0x00,0x00,0x00,0x00,0xc1,0xff,0xbe,0x00,0x00,0x00,0x00,0x00,0x00,0x00,0x00,0x00,
  0xc1,0xff,0xbe,0x00,0x00,0x00,0x00,0x00,0x00,0x00,0x00,0x00,0xc1,0xff,0xbe,0x00,
  0x00,0x00,0x00,0x00,0x00,0x00,0x00,0x00,0xc1,0xff,0xbe,0x00,0x00,0x00,0x00,0x00,
  0x00,0x00,0x00,0x00,0xc1,0xff,0xbe,0x00,0x00,0x00,0x00,0x00,0x00,0x00,0x00,0x00,
  0xc1,0xff,0xbe,0x00,0x00,0x00,0x00,0x00,0x00,0x00,0x00,0x00,0xc1,0xff,0xbe,0x00,
  0x00,0x00,0x00,0x00,0x00,0x00,0x00,0x00,0xc1,0xff,0xbe,0x00,0x00,0x00,0x00,0x00,
  0x00,0x00,0x00,0x00,0xc1,0xff,0xbe,0x00,0x00,0x00,0x00,0x00,0x00,0x00,0x00,0x00,
  0xc1,0xff,0xbe,0x00,0x00,0x00,0x00,0x00,0x00,0x00,0x00,0x00,0xc1,0xff,0xbe,0x00,
  0x00,0x00,0x00,0x00,0x00,0x00,0x00,0x00,0xc1,0xff,0xcc,0x46,0x46,0x46,0x46,0x46,
  0x46,0x46,0x46,0x23,0xc1,0xff,0xff,0xff,0xff,0xff,0xff,0xff,0xff,0xff,0xff,0x83,
  0xc1,0xff,0xff,0xff,0xff,0xff,0xff,0xff,0xff,0xff,0xff,0x83,0xc1,0xff,0xff,0xe8,
  0x04,0x00,0x00,0x00,0x00,0x00,0x00,0x00,0x00,0x00,0x00,0x7a,0xff,0xff,0xff,0x42,
  0xc1,0xff,0xff,0xff,0x54,0x00,0x00,0x00,0x00,0x00,0x00,0x00,0x00,0x00,0x00,0xcf,
  0xff,0xff,0xff,0x42,0xc1,0xff,0xfd,0xff,0xae,0x00,0x00,0x00,0x00,0x00,0x00,0x00,
  0x00,0x00,0x31,0xff,0xfd,0xff,0xff,0x42,0xc1,0xff,0xcf,0xff,0xf6,0x13,0x00,0x00,
  0x00,0x00,0x00,0x00,0x00,0x00,0x90,0xff,0xcd,0xff,0xff,0x42,0xc1,0xff,0x98,0xf1,
  0xff,0x6f,0x00,0x00,0x00,0x00,0x00,0x00,0x00,0x02,0xe3,0xff,0x88,0xff,0xff,0x42,
  0xc1,0xff,0x97,0xae,0xff,0xc7,0x00,0x00,0x00,0x00,0x00,0x00,0x00,0x4b,0xff,0xfb,
  0x43,0xff,0xff,0x42,0xc1,0xff,0x9b,0x5f,0xff,0xfe,0x29,0x00,0x00,0x00,0x00,0x00,
  0x00,0xa6,0xff,0xc0,0x37,0xff,0xff,0x42,0xc1,0xff,0x9f,0x0d,0xf4,0xff,0x89,0x00,
  0x00,0x00,0x00,0x00,0x0c,0xf1,0xff,0x72,0x38,0xff,0xff,0x42,0xc1,0xff,0xa0,0x00,
  0xac,0xff,0xde,0x00,0x00,0x00,0x00,0x00,0x63,0xff,0xf9,0x1a,0x39,0xff,0xff,0x42,
  0xc1,0xff,0xa1,0x00,0x50,0xff,0xff,0x46,0x00,0x00,0x00,0x00,0xbb,0xff,0xb6,0x00,
  0x39,0xff,0xff,0x42,0xc1,0xff,0xa1,0x00,0x02,0xe4,0xff,0xa3,0x00,0x00,0x00,0x1c,
  0xfb,0xff,0x5c,0x00,0x39,0xff,0xff,0x42,0xc1,0xff,0xa1,0x00,0x00,0x8f,0xff,0xf0,
  0x0c,0x00,0x00,0x7a,0xff,0xec,0x07,0x00,0x39,0xff,0xff,0x42,0xc1,0xff,0xa1,0x00,
  0x00,0x2e,0xfe,0xff,0x62,0x00,0x00,0xcf,0xff,0x9c,0x00,0x00,0x39,0xff,0xff,0x42,
  0xc1,0xff,0xa1,0x00,0x00,0x00,0xc9,0xff,0xb6,0x00,0x2e,0xff,0xff,0x3e,0x00,0x00,
  0x39,0xff,0xff,0x42,0xc1,0xff,0xa1,0x00,0x00,0x00,0x70,0xff,0xf5,0x0c,0x83,0xff,
  0xd7,0x00,0x00,0x00,0x39,0xff,0xff,0x42,0xc1,0xff,0xa1,0x00,0x00,0x00,0x13,0xf6,
  0xff,0x55,0xc9,0xff,0x81,0x00,0x00,0x00,0x39,0xff,0xff,0x42,0xc1,0xff,0xa1,0x00,
  0x00,0x00,0x00,0xac,0xff,0xac,0xfc,0xfc,0x21,0x00,0x00,0x00,0x39,0xff,0xff,0x42,
  0xc1,0xff,0xa1,0x00,0x00,0x00,0x00,0x50,0xff,0xfd,0xff,0xbe,0x00,0x00,0x00,0x00,
  0x39,0xff,0xff,0x42,0xc1,0xff,0xa1,0x00,0x00,0x00,0x00,0x02,0xe4,0xff,0xff,0x64,
  0x00,0x00,0x00,0x00,0x39,0xff,0xff,0x42,0xc1,0xff,0xa1,0x00,0x00,0x00,0x00,0x00,
  0x8e,0xff,0xf1,0x0c,0x00,0x00,0x00,0x00,0x39,0xff,0xff,0x42,0xc1,0xff,0xff,0x7b,
  0x00,0x00,0x00,0x00,0x00,0x00,0x00,0x00,0x27,0xff,0xff,0x5b,0xc1,0xff,0xff,0xf2,
  0x20,0x00,0x00,0x00,0x00,0x00,0x00,0x00,0x27,0xff,0xff,0x5b,0xc1,0xff,0xff,0xff,
  0xac,0x00,0x00,0x00,0x00,0x00,0x00,0x00,0x27,0xff,0xff,0x5b,0xc1,0xff,0xcf,0xff,
  0xfe,0x4b,0x00,0x00,0x00,0x00,0x00,0x00,0x27,0xff,0xff,0x5b,0xc1,0xff,0x9f,0xc1,
  0xff,0xd7,0x06,0x00,0x00,0x00,0x00,0x00,0x27,0xff,0xff,0x5b,0xc1,0xff,0xa7,0x40,
  0xfe,0xff,0x7e,0x00,0x00,0x00,0x00,0x00,0x27,0xff,0xff,0x5b,0xc1,0xff,0xaf,0x00,
  0xaf,0xff,0xf3,0x22,0x00,0x00,0x00,0x00,0x27,0xff,0xff,0x5b,0xc1,0xff,0xb7,0x00,
  0x29,0xf7,0xff,0xae,0x00,0x00,0x00,0x00,0x27,0xff,0xff,0x5b,0xc1,0xff,0xbd,0x00,
  0x00,0x8c,0xff,0xff,0x4c,0x00,0x00,0x00,0x27,0xff,0xff,0x5b,0xc1,0xff,0xbe,0x00,
  0x00,0x0d,0xe2,0xff,0xd9,0x07,0x00,0x00,0x27,0xff,0xff,0x5b,0xc1,0xff,0xbe,0x00,
  0x00,0x00,0x59,0xff,0xff,0x81,0x00,0x00,0x27,0xff,0xff,0x5b,0xc1,0xff,0xbe,0x00,
  0x00,0x00,0x00,0xba,0xff,0xf4,0x23,0x00,0x27,0xff,0xff,0x5b,0xc1,0xff,0xbe,0x00,
  0x00,0x00,0x00,0x2b,0xf7,0xff,0xb0,0x00,0x27,0xff,0xff,0x5b,0xc1,0xff,0xbe,0x00,
  0x00,0x00,0x00,0x00,0x8a,0xff,0xff,0x47,0x25,0xff,0xff,0x5b,0xc1,0xff,0xbe,0x00,
  0x00,0x00,0x00,0x00,0x0c,0xdf,0xff,0xcc,0x1f,0xff,0xff,0x5b,0xc1,0xff,0xbe,0x00,
  0x00,0x00,0x00,0x00,0x00,0x56,0xff,0xff,0x5f,0xff,0xff,0x5b,0xc1,0xff,0xbe,0x00,
  0x00,0x00,0x00,0x00,0x00,0x00,0xb7,0xff,0xd5,0xf9,0xff,0x5b,0xc1,0xff,0xbe,0x00,
  0x00,0x00,0x00,0x00,0x00,0x00,0x28,0xf6,0xff,0xff,0xff,0x5b,0xc1,0xff,0xbe,0x00,
  0x00,0x00,0x00,0x00,0x00,0x00,0x00,0x86,0xff,0xff,0xff,0x5b,0xc1,0xff,0xbe,0x00,
  0x00,0x00,0x00,0x00,0x00,0x00,0x00,0x09,0xdd,0xff,0xff,0x5b,0x00,0x00,0x00,0x00,
  0x00,0x4c,0xac,0xe1,0xf8,0xf7,0xdd,0xa4,0x3f,0x00,0x00,0x00,0x00,0x00,0x00,0x00,
  0x00,0x18,0xb6,0xff,0xff,0xff,0xff,0xff,0xff,0xff,0xfe,0xa5,0x0d,0x00,0x00,0x00,
  0x00,0x00,0x17,0xd6,0xff,0xff,0xea,0x98,0x73,0x76,0x9f,0xf0,0xff,0xff,0xc4,0x0b,
  0x00,0x00,0x00,0x00,0xb5,0xff,0xff,0x9b,0x0c,0x00,0x00,0x00,0x00,0x12,0xae,0xff,
  0xff,0x98,0x00,0x00,0x00,0x50,0xff,0xff,0x99,0x00,0x00,0x00,0x00,0x00,0x00,0x00,
  0x02,0xb2,0xff,0xfc,0x31,0x00,0x00,0xbc,0xff,0xe3,0x0f,0x00,0x00,0x00,0x00,0x00,
  0x00,0x00,0x00,0x1f,0xf1,0xff,0x9e,0x00,0x10,0xfa,0xff,0x89,0x00,0x00,0x00,0x00,
  0x00,0x00,0x00,0x00,0x00,0x00,0xa7,0xff,0xe6,0x00,0x4b,0xff,0xff,0x38,0x00,0x00,
  0x00,0x00,0x00,0x00,0x00,0x00,0x00,0x00,0x5a,0xff,0xff,0x26,0x6e,0xff,0xff,0x0b,
  0x00,0x00,0x00,0x00,0x00,0x00,0x00,0x00,0x00,0x00,0x33,0xff,0xff,0x4d,0x7d,0xff,
  0xf1,0x00,0x00,0x00,0x00,0x00,0x00,0x00,0x00,0x00,0x00,0x00,0x17,0xff,0xff,0x5c,
  0x7e,0xff,0xf0,0x00,0x00,0x00,0x00,0x00,0x00,0x00,0x00,0x00,0x00,0x00,0x18,0xff,
  0xff,0x5c,0x6e,0xff,0xff,0x0b,0x00,0x00,0x00,0x00,0x00,0x00,0x00,0x00,0x00,0x00,
  0x33,0xff,0xff,0x4d,0x4b,0xff,0xff,0x38,0x00,0x00,0x00,0x00,0x00,0x00,0x00,0x00,
  0x00,0x00,0x5a,0xff,0xff,0x27,0x10,0xfa,0xff,0x89,0x00,0x00,0x00,0x00,0x00,0x00,
  0x00,0x00,0x00,0x00,0xa7,0xff,0xe7,0x00,0x00,0xbd,0xff,0xe3,0x0f,0x00,0x00,0x00,
  0x00,0x00,0x00,0x00,0x00,0x20,0xf1,0xff,0x9f,0x00,0x00,0x52,0xff,0xff,0x9b,0x00,
  0x00,0x00,0x00,0x00,0x00,0x00,0x02,0xb4,0xff,0xfc,0x34,0x00,0x00,0x00,0xb6,0xff,
  0xff,0x9b,0x0c,0x00,0x00,0x00,0x00,0x12,0xaf,0xff,0xff,0x9a,0x00,0x00,0x00,0x00,
  0x18,0xd7,0xff,0xff,0xea,0x98,0x72,0x75,0x9e,0xf0,0xff,0xff,0xc6,0x0b,0x00,0x00,
  0x00,0x00,0x00,0x1a,0xba,0xff,0xff,0xff,0xff,0xff,0xff,0xff,0xff,0xa9,0x0f,0x00,
  0x00,0x00,0x00,0x00,0x00,0x00,0x00,0x4f,0xad,0xe2,0xf9,0xf9,0xde,0xa6,0x42,0x00,
  0x00,0x00,0x00,0x00,0xc1,0xff,0xff,0xff,0xff,0xff,0xff,0xee,0xd5,0x8c,0x22,0x00,
  0x00,0x00,0xc1,0xff,0xff,0xff,0xff,0xff,0xff,0xff,0xff,0xff,0xef,0x4f,0x00,0x00,
  0xc1,0xff,0xcb,0x42,0x42,0x42,0x43,0x55,0x91,0xf1,0xff,0xf3,0x28,0x00,0xc1,0xff,
  0xbe,0x00,0x00,0x00,0x00,0x00,0x00,0x39,0xfa,0xff,0xa8,0x00,0xc1,0xff,0xbe,0x00,
  0x00,0x00,0x00,0x00,0x00,0x00,0xa2,0xff,0xf0,0x06,0xc1,0xff,0xbe,0x00,0x00,0x00,
  0x00,0x00,0x00,0x00,0x63,0xff,0xff,0x25,0xc1,0xff,0xbe,0x00,0x00,0x00,0x00,0x00,
  0x00,0x00,0x47,0xff,0xff,0x3a,0xc1,0xff,0xbe,0x00,0x00,0x00,0x00,0x00,0x00,0x00,
  0x64,0xff,0xff,0x23,0xc1,0xff,0xbe,0x00,0x00,0x00,0x00,0x00,0x00,0x00,0xa5,0xff,
  0xee,0x04,0xc1,0xff,0xbe,0x00,0x00,0x00,0x00,0x00,0x00,0x3b,0xfb,0xff,0xa5,0x00,
  0xc1,0xff,0xcc,0x46,0x46,0x46,0x47,0x58,0x94,0xf3,0xff,0xf2,0x26,0x00,0xc1,0xff,
  0xff,0xff,0xff,0xff,0xff,0xff,0xff,0xff,0xef,0x4e,0x00,0x00,0xc1,0xff,0xff,0xff,
  0xff,0xff,0xff,0xef,0xd6,0x8f,0x25,0x00,0x00,0x00,0xc1,0xff,0xbe,0x00,0x00,0x00,
  0x00,0x00,0x00,0x00,0x00,0x00,0x00,0x00,0xc1,0xff,0xbe,0x00,0x00,0x00,0x00,0x00,
  0x00,0x00,0x00,0x00,0x00,0x00,0xc1,0xff,0xbe,0x00,0x00,0x00,0x00,0x00,0x00,0x00,
  0x00,0x00,0x00,0x00,0xc1,0xff,0xbe,0x00,0x00,0x00,0x00,0x00,0x00,0x00,0x00,0x00,
  0x00,0x00,0xc1,0xff,0xbe,0x00,0x00,0x00,0x00,0x00,0x00,0x00,0x00,0x00,0x00,0x00,
  0xc1,0xff,0xbe,0x00,0x00,0x00,0x00,0x00,0x00,0x00,0x00,0x00,0x00,0x00,0xc1,0xff,
  0xbe,0x00,0x00,0x00,0x00,0x00,0x00,0x00,0x00,0x00,0x00,0x00,0x00,0x00,0x00,0x00,
  0x00,0x4c,0xac,0xe1,0xf8,0xf7,0xdd,0xa4,0x3f,0x00,0x00,0x00,0x00,0x00,0x00,0x00,
  0x00,0x18,0xb6,0xff,0xff,0xff,0xff,0xff,0xff,0xff,0xfe,0xa5,0x0d,0x00,0x00,0x00,
  0x00,0x00,0x17,0xd6,0xff,0xff,0xea,0x98,0x73,0x76,0x9f,0xf0,0xff,0xff,0xc4,0x0b,
  0x00,0x00,0x00,0x00,0xb5,0xff,0xff,0x9b,0x0c,0x00,0x00,0x00,0x00,0x12,0xae,0xff,
  0xff,0x98,0x00,0x00,0x00,0x50,0xff,0xff,0x99,0x00,0x00,0x00,0x00,0x00,0x00,0x00,
  0x02,0xb2,0xff,0xfc,0x31,0x00,0x00,0xbc,0xff,0xe3,0x0f,0x00,0x00,0x00,0x00,0x00,
  0x00,0x00,0x00,0x1f,0xf1,0xff,0x9e,0x00,0x10,0xfa,0xff,0x89,0x00,0x00,0x00,0x00,
  0x00,0x00,0x00,0x00,0x00,0x00,0xa7,0xff,0xe6,0x00,0x4b,0xff,0xff,0x38,0x00,0x00,
  0x00,0x00,0x00,0x00,0x00,0x00,0x00,0x00,0x5a,0xff,0xff,0x26,0x6e,0xff,0xff,0x0b,
  0x00,0x00,0x00,0x00,0x00,0x00,0x00,0x00,0x00,0x00,0x33,0xff,0xff,0x4d,0x7d,0xff,
  0xf1,0x00,0x00,0x00,0x00,0x00,0x00,0x00,0x00,0x00,0x00,0x00,0x17,0xff,0xff,0x5c,
  0x7e,0xff,0xf0,0x00,0x00,0x00,0x00,0x00,0x00,0x00,0x00,0x00,0x00,0x00,0x16,0xff,
  0xff,0x57,0x6e,0xff,0xff,0x0b,0x00,0x00,0x00,0x00,0x00,0x00,0x00,0x00,0x00,0x00,
  0x2e,0xff,0xff,0x40,0x4b,0xff,0xff,0x38,0x00,0x00,0x00,0x00,0x00,0x00,0x00,0x00,
  0x00,0x00,0x5b,0xff,0xff,0x22,0x10,0xfa,0xff,0x89,0x00,0x00,0x00,0x00,0x51,0x6f,
  0x5e,0x00,0x00,0x00,0xa0,0xff,0xdb,0x00,0x00,0xbd,0xff,0xe3,0x0f,0x00,0x00,0x00,
  0x43,0xfb,0xff,0x63,0x00,0x1c,0xf4,0xff,0x95,0x00,0x00,0x52,0xff,0xff,0x9b,0x00,
  0x00,0x00,0x00,0x82,0xff,0xf2,0x2d,0xb2,0xff,0xf7,0x27,0x00,0x00,0x00,0xb6,0xff,
  0xff,0x9b,0x0c,0x00,0x00,0x02,0xbf,0xff,0xf0,0xff,0xff,0x90,0x00,0x00,0x00,0x00,
  0x18,0xd7,0xff,0xff,0xea,0x98,0x72,0x6d,0xab,0xff,0xff,0xff,0xb7,0x06,0x00,0x00,
  0x00,0x00,0x00,0x1a,0xba,0xff,0xff,0xff,0xff,0xff,0xff,0xff,0xff,0xff,0x56,0x00,
  0x00,0x00,0x00,0x00,0x00,0x00,0x00,0x4f,0xad,0xe2,0xf9,0xf4,0xdb,0x9d,0xa8,0xff,
  0xe9,0x1f,0x00,0x00,0x00,0x00,0x00,0x00,0x00,0x00,0x00,0x00,0x00,0x00,0x00,0x00,
  0x07,0xce,0xff,0xc0,0x02,0x00,0x00,0x00,0x00,0x00,0x00,0x00,0x00,0x00,0x00,0x00,
  0x00,0x00,0x00,0x29,0x8e,0x8e,0x30,0x00,0xc1,0xff,0xff,0xff,0xff,0xff,0xff,0xf0,
  0xd7,0x95,0x2e,0x00,0x00,0x00,0xc1,0xff,0xff,0xff,0xff,0xff,0xff,0xff,0xff,0xff,
  0xf6,0x66,0x00,0x00,0xc1,0xff,0xcb,0x42,0x42,0x42,0x43,0x54,0x8a,0xec,0xff,0xfa,
  0x3e,0x00,0xc1,0xff,0xbe,0x00,0x00,0x00,0x00,0x00,0x00,0x29,0xf4,0xff,0xb9,0x00,
  0xc1,0xff,0xbe,0x00,0x00,0x00,0x00,0x00,0x00,0x00,0x8f,0xff,0xf9,0x0c,0xc1,0xff,
  0xbe,0x00,0x00,0x00,0x00,0x00,0x00,0x00,0x59,0xff,0xff,0x2e,0xc1,0xff,0xbe,0x00,
  0x00,0x00,0x00,0x00,0x00,0x00,0x4d,0xff,0xff,0x36,0xc1,0xff,0xbe,0x00,0x00,0x00,
  0x00,0x00,0x00,0x00,0x76,0xff,0xff,0x13,0xc1,0xff,0xbe,0x00,0x00,0x00,0x00,0x00,
  0x00,0x0b,0xde,0xff,0xd3,0x00,0xc1,0xff,0xbe,0x00,0x00,0x00,0x00,0x16,0x52,0xc8,
  0xff,0xff,0x6d,0x00,0xc1,0xff,0xff,0xff,0xff,0xff,0xff,0xff,0xff,0xff,0xff,0xa6,
  0x00,0x00,0xc1,0xff,0xff,0xff,0xff,0xff,0xff,0xff,0xff,0xee,0x63,0x00,0x00,0x00,
  0xc1,0xff,0xcd,0x4b,0x4b,0x4b,0x4b,0xb9,0xff,0xf9,0x27,0x00,0x00,0x00,0xc1,0xff,
  0xbe,0x00,0x00,0x00,0x00,0x34,0xfc,0xff,0xa5,0x00,0x00,0x00,0xc1,0xff,0xbe,0x00,
  0x00,0x00,0x00,0x00,0xad,0xff,0xfb,0x2e,0x00,0x00,0xc1,0xff,0xbe,0x00,0x00,0x00,
  0x00,0x00,0x30,0xfc,0xff,0xac,0x00,0x00,0xc1,0xff,0xbe,0x00,0x00,0x00,0x00,0x00,
  0x00,0xab,0xff,0xfc,0x35,0x00,0xc1,0xff,0xbe,0x00,0x00,0x00,0x00,0x00,0x00,0x2d,
  0xfc,0xff,0xb4,0x00,0xc1,0xff,0xbe,0x00,0x00,0x00,0x00,0x00,0x00,0x00,0xa7,0xff,
  0xfe,0x3b,0xc1,0xff,0xbe,0x00,0x00,0x00,0x00,0x00,0x00,0x00,0x2b,0xfa,0xff,0xbb,
  0x00,0x00,0x00,0x0d,0x79,0xc6,0xea,0xfa,0xea,0xc6,0x76,0x0c,0x00,0x00,0x00,0x00,
  0x00,0x3e,0xe1,0xff,0xff,0xff,0xff,0xff,0xff,0xff,0xde,0x38,0x00,0x00,0x00,0x28,
  0xed,0xff,0xfa,0xa3,0x67,0x4f,0x69,0xb1,0xfc,0xff,0xe9,0x20,0x00,0x00,0xa2,0xff,
  0xf1,0x38,0x00,0x00,0x00,0x00,0x00,0x56,0xf9,0xff,0x9a,0x00,0x00,0xe4,0xff,0x91,
  0x00,0x00,0x00,0x00,0x00,0x00,0x00,0xae,0xff,0xda,0x00,0x00,0xfa,0xff,0x74,0x00,
  0x00,0x00,0x00,0x00,0x00,0x00,0x1f,0x3e,0x39,0x00,0x00,0xe3,0xff,0xb5,0x00,0x00,
  0x00,0x00,0x00,0x00,0x00,0x00,0x00,0x00,0x00,0x00,0x93,0xff,0xff,0xa3,0x1b,0x00,
  0x00,0x00,0x00,0x00,0x00,0x00,0x00,0x00,0x00,0x0f,0xc7,0xff,0xff,0xf8,0xb4,0x67,
  0x1c,0x00,0x00,0x00,0x00,0x00,0x00,0x00,0x00,0x06,0x89,0xf2,0xff,0xff,0xff,0xfd,
  0xc7,0x6f,0x06,0x00,0x00,0x00,0x00,0x00,0x00,0x00,0x0f,0x6d,0xbc,0xf6,0xff,0xff,
  0xff,0xdc,0x4c,0x00,0x00,0x00,0x00,0x00,0x00,0x00,0x00,0x00,0x0c,0x5b,0xb3,0xfb,
  0xff,0xfa,0x49,0x00,0x00,0x00,0x00,0x00,0x00,0x00,0x00,0x00,0x00,0x00,0x34,0xe1,
  0xff,0xd5,0x00,0x00,0x00,0x00,0x00,0x00,0x00,0x00,0x00,0x00,0x00,0x00,0x5d,0xff,
  0xff,0x23,0x45,0x7f,0x7d,0x02,0x00,0x00,0x00,0x00,0x00,0x00,0x00,0x3d,0xff,0xff,
  0x37,0x6e,0xff,0xff,0x42,0x00,0x00,0x00,0x00,0x00,0x00,0x00,0x7c,0xff,0xff,0x14,
  0x1c,0xf9,0xff,0xd2,0x1b,0x00,0x00,0x00,0x00,0x00,0x44,0xf0,0xff,0xc2,0x00,0x00,
  0x86,0xff,0xff,0xef,0x97,0x61,0x54,0x6d,0xb0,0xfc,0xff,0xf7,0x41,0x00,0x00,0x00,
  0x91,0xfd,0xff,0xff,0xff,0xff,0xff,0xff,0xff,0xeb,0x56,0x00,0x00,0x00,0x00,0x00,
  0x3a,0xa1,0xd9,0xf5,0xfb,0xe9,0xca,0x82,0x1b,0x00,0x00,0x00,0xc8,0xff,0xff,0xff,
  0xff,0xff,0xff,0xff,0xff,0xff,0xff,0xff,0xff,0xff,0x99,0xc8,0xff,0xff,0xff,0xff,
  0xff,0xff,0xff,0xff,0xff,0xff,0xff,0xff,0xff,0x99,0x37,0x46,0x46,0x46,0x46,0x46,
  0xdd,0xff,0xbb,0x46,0x46,0x46,0x46,0x46,0x29,0x00,0x00,0x00,0x00,0x00,0x00,0xd3,
  0xff,0xa8,0x00,0x00,0x00,0x00,0x00,0x00,0x00,0x00,0x00,0x00,0x00,0x00,0xd3,0xff,
  0xa8,0x00,0x00,0x00,0x00,0x00,0x00,0x00,0x00,0x00,0x00,0x00,0x00,0xd3,0xff,0xa8,
  0x00,0x00,0x00,0x00,0x00,0x00,0x00,0x00,0x00,0x00,0x00,0x00,0xd3,0xff,0xa8,0x00,
  0x00,0x00,0x00,0x00,0x00,0x00,0x00,0x00,0x00,0x00,0x00,0xd3,0xff,0xa8,0x00,0x00,
  0x00,0x00,0x00,0x00,0x00,0x00,0x00,0x00,0x00,0x00,0xd3,0xff,0xa8,0x00,0x00,0x00,
  0x00,0x00,0x00,0x00,0x00,0x00,0x00,0x00,0x00,0xd3,0xff,0xa8,0x00,0x00,0x00,0x00,
  0x00,0x00,0x00,0x00,0x00,0x00,0x00,0x00,0xd3,0xff,0xa8,0x00,0x00,0x00,0x00,0x00,
  0x00,0x00,0x00,0x00,0x00,0x00,0x00,0xd3,0xff,0xa8,0x00,0x00,0x00,0x00,0x00,0x00,
  0x00,0x00,0x00,0x00,0x00,0x00,0xd3,0xff,0xa8,0x00,0x00,0x00,0x00,0x00,0x00,0x00,
  0x00,0x00,0x00,0x00,0x00,0xd3,0xff,0xa8,0x00,0x00,0x00,0x00,0x00,0x00,0x00,0x00,
  0x00,0x00,0x00,0x00,0xd3,0xff,0xa8,0x00,0x00,0x00,0x00,0x00,0x00,0x00,0x00,0x00,
  0x00,0x00,0x00,0xd3,0xff,0xa8,0x00,0x00,0x00,0x00,0x00,0x00,0x00,0x00,0x00,0x00,
  0x00,0x00,0xd3,0xff,0xa8,0x00,0x00,0x00,0x00,0x00,0x00,0x00,0x00,0x00,0x00,0x00,
  0x00,0xd3,0xff,0xa8,0x00,0x00,0x00,0x00,0x00,0x00,0x00,0x00,0x00,0x00,0x00,0x00,
  0xd3,0xff,0xa8,0x00,0x00,0x00,0x00,0x00,0x00,0x00,0x00,0x00,0x00,0x00,0x00,0xd3,
  0xff,0xa8,0x00,0x00,0x00,0x00,0x00,0x00,0xc1,0xff,0xbe,0x00,0x00,0x00,0x00,0x00,
  0x00,0x00,0x00,0x00,0x67,0xff,0xff,0x18,0xc1,0xff,0xbe,0x00,0x00,0x00,0x00,0x00,
  0x00,0x00,0x00,0x00,0x67,0xff,0xff,0x18,0xc1,0xff,0xbe,0x00,0x00,0x00,0x00,0x00,
  0x00,0x00,0x00,0x00,0x67,0xff,0xff,0x18,0xc1,0xff,0xbe,0x00,0x00,0x00,0x00,0x00,
  0x00,0x00,0x00,0x00,0x67,0xff,0xff,0x18,0xc1,0xff,0xbe,0x00,0x00,0x00,0x00,0x00,
  0x00,0x00,0x00,0x00,0x67,0xff,0xff,0x18,0xc1,0xff,0xbe,0x00,0x00,0x00,0x00,0x00,
  0x00,0x00,0x00,0x00,0x67,0xff,0xff,0x18,0xc1,0xff,0xbe,0x00,0x00,0x00,0x00,0x00,
  0x00,0x00,0x00,0x00,0x67,0xff,0xff,0x18,0xc1,0xff,0xbe,0x00,0x00,0x00,0x00,0x00,
  0x00,0x00,0x00,0x00,0x67,0xff,0xff,0x18,0xc1,0xff,0xbe,0x00,0x00,0x00,0x00,0x00,
  0x00,0x00,0x00,0x00,0x67,0xff,0xff,0x18,0xc1,0xff,0xbe,0x00,0x00,0x00,0x00,0x00,
  0x00,0x00,0x00,0x00,0x67,0xff,0xff,0x18,0xc1,0xff,0xbe,0x00,0x00,0x00,0x00,0x00,
  0x00,0x00,0x00,0x00,0x67,0xff,0xff,0x18,0xc1,0xff,0xbe,0x00,0x00,0x00,0x00,0x00,
  0x00,0x00,0x00,0x00,0x67,0xff,0xff,0x18,0xc1,0xff,0xbe,0x00,0x00,0x00,0x00,0x00,
  0x00,0x00,0x00,0x00,0x67,0xff,0xff,0x17,0xb4,0xff,0xcf,0x00,0x00,0x00,0x00,0x00,
  0x00,0x00,0x00,0x00,0x7c,0xff,0xfc,0x06,0x97,0xff,0xf5,0x10,0x00,0x00,0x00,0x00,
  0x00,0x00,0x00,0x00,0xaf,0xff,0xe4,0x00,0x50,0xff,0xff,0x83,0x00,0x00,0x00,0x00,
  0x00,0x00,0x00,0x30,0xf8,0xff,0xa2,0x00,0x00,0xd6,0xff,0xfa,0x68,0x00,0x00,0x00,
  0x00,0x00,0x2e,0xdb,0xff,0xfb,0x38,0x00,0x00,0x35,0xf4,0xff,0xff,0xcc,0x84,0x6a,
  0x79,0xac,0xf6,0xff,0xff,0x7f,0x00,0x00,0x00,0x00,0x3d,0xdd,0xff,0xff,0xff,0xff,
  0xff,0xff,0xff,0xf8,0x79,0x00,0x00,0x00,0x00,0x00,0x00,0x0f,0x6d,0xc0,0xe4,0xf9,
  0xed,0xd3,0x8e,0x2b,0x00,0x00,0x00,0x00,0x38,0xff,0xff,0x6d,0x00,0x00,0x00,0x00,
  0x00,0x00,0x00,0x00,0x00,0x00,0x82,0xff,0xfe,0x27,0x00,0xd8,0xff,0xbf,0x00,0x00,
  0x00,0x00,0x00,0x00,0x00,0x00,0x00,0x00,0xcf,0xff,0xcb,0x00,0x00,0x87,0xff,0xfb,
  0x1a,0x00,0x00,0x00,0x00,0x00,0x00,0x00,0x00,0x27,0xfe,0xff,0x7a,0x00,0x00,0x2d,
  0xff,0xff,0x70,0x00,0x00,0x00,0x00,0x00,0x00,0x00,0x00,0x7e,0xff,0xfc,0x20,0x00,
  0x00,0x00,0xcf,0xff,0xc0,0x00,0x00,0x00,0x00,0x00,0x00,0x00,0x00,0xcb,0xff,0xc3,
  0x00,0x00,0x00,0x00,0x7d,0xff,0xfc,0x1b,0x00,0x00,0x00,0x00,0x00,0x00,0x23,0xfd,
  0xff,0x71,0x00,0x00,0x00,0x00,0x21,0xfc,0xff,0x73,0x00,0x00,0x00,0x00,0x00,0x00,
  0x7b,0xff,0xfa,0x18,0x00,0x00,0x00,0x00,0x00,0xc4,0xff,0xc3,0x00,0x00,0x00,0x00,
  0x00,0x00,0xc8,0xff,0xbc,0x00,0x00,0x00,0x00,0x00,0x00,0x71,0xff,0xfc,0x1d,0x00,
  0x00,0x00,0x00,0x20,0xfd,0xff,0x69,0x00,0x00,0x00,0x00,0x00,0x00,0x18,0xf9,0xff,
  0x76,0x00,0x00,0x00,0x00,0x77,0xff,0xf6,0x13,0x00,0x00,0x00,0x00,0x00,0x00,0x00,
  0xba,0xff,0xc6,0x00,0x00,0x00,0x00,0xc6,0xff,0xb4,0x00,0x00,0x00,0x00,0x00,0x00,
  0x00,0x00,0x65,0xff,0xfc,0x20,0x00,0x00,0x1d,0xfc,0xff,0x60,0x00,0x00,0x00,0x00,
  0x00,0x00,0x00,0x00,0x0f,0xf5,0xff,0x76,0x00,0x00,0x72,0xff,0xf3,0x0c,0x00,0x00,
  0x00,0x00,0x00,0x00,0x00,0x00,0x00,0xaf,0xff,0xc1,0x00,0x00,0xbd,0xff,0xac,0x00,
  0x00,0x00,0x00,0x00,0x00,0x00,0x00,0x00,0x00,0x5a,0xff,0xfa,0x14,0x10,0xf8,0xff,
  0x57,0x00,0x00,0x00,0x00,0x00,0x00,0x00,0x00,0x00,0x00,0x09,0xef,0xff,0x61,0x5c,
  0xff,0xee,0x07,0x00,0x00,0x00,0x00,0x00,0x00,0x00,0x00,0x00,0x00,0x00,0xa4,0xff,
  0xa8,0xa2,0xff,0xa4,0x00,0x00,0x00,0x00,0x00,0x00,0x00,0x00,0x00,0x00,0x00,0x00,
  0x4e,0xff,0xe7,0xe2,0xff,0x4f,0x00,0x00,0x00,0x00,0x00,0x00,0x00,0x00,0x00,0x00,
  0x00,0x00,0x02,0xe8,0xff,0xff,0xe9,0x04,0x00,0x00,0x00,0x00,0x00,0x00,0x00,0x00,
  0x00,0x00,0x00,0x00,0x00,0x9a,0xff,0xff,0x9d,0x00,0x00,0x00,0x00,0x00,0x00,0x00,
  0x46,0xff,0xff,0x4d,0x00,0x00,0x00,0x00,0x00,0x00,0x00,0xba,0xff,0xff,0x5e,0x00,
  0x00,0x00,0x00,0x00,0x00,0x00,0xb3,0xff,0xd8,0x06,0xf3,0xff,0x8b,0x00,0x00,0x00,
  0x00,0x00,0x00,0x02,0xf0,0xff,0xff,0x9b,0x00,0x00,0x00,0x00,0x00,0x00,0x00,0xe9,
  0xff,0x9d,0x00,0xbe,0xff,0xc5,0x00,0x00,0x00,0x00,0x00,0x00,0x3e,0xff,0xff,0xff,
  0xd4,0x00,0x00,0x00,0x00,0x00,0x00,0x30,0xff,0xff,0x5d,0x00,0x81,0xff,0xf6,0x09,
  0x00,0x00,0x00,0x00,0x00,0x7f,0xff,0xcc,0xff,0xfd,0x17,0x00,0x00,0x00,0x00,0x00,
  0x71,0xff,0xfc,0x17,0x00,0x3e,0xff,0xff,0x47,0x00,0x00,0x00,0x00,0x00,0xba,0xff,
  0x8b,0xea,0xff,0x5b,0x00,0x00,0x00,0x00,0x00,0xac,0xff,0xd0,0x00,0x00,0x02,0xee,
  0xff,0x86,0x00,0x00,0x00,0x00,0x02,0xf0,0xff,0x58,0xbd,0xff,0x98,0x00,0x00,0x00,
  0x00,0x00,0xe4,0xff,0x95,0x00,0x00,0x00,0xb6,0xff,0xbf,0x00,0x00,0x00,0x00,0x3e,
  0xff,0xfe,0x1a,0x88,0xff,0xd1,0x00,0x00,0x00,0x00,0x28,0xff,0xff,0x54,0x00,0x00,
  0x00,0x79,0xff,0xf3,0x06,0x00,0x00,0x00,0x7f,0xff,0xdb,0x00,0x4c,0xff,0xfc,0x14,
  0x00,0x00,0x00,0x6b,0xff,0xfa,0x0f,0x00,0x00,0x00,0x35,0xff,0xff,0x41,0x00,0x00,
  0x00,0xba,0xff,0xa1,0x00,0x0b,0xf6,0xff,0x58,0x00,0x00,0x00,0xa6,0xff,0xc9,0x00,
  0x00,0x00,0x00,0x00,0xe9,0xff,0x81,0x00,0x00,0x02,0xf0,0xff,0x61,0x00,0x00,0xc4,
  0xff,0x95,0x00,0x00,0x00,0xdd,0xff,0x8c,0x00,0x00,0x00,0x00,0x00,0xaf,0xff,0xbb,
  0x00,0x00,0x3e,0xff,0xfe,0x1c,0x00,0x00,0x87,0xff,0xcf,0x00,0x00,0x20,0xff,0xff,
  0x4b,0x00,0x00,0x00,0x00,0x00,0x71,0xff,0xf0,0x02,0x00,0x7f,0xff,0xd6,0x00,0x00,
  0x00,0x45,0xff,0xfc,0x13,0x00,0x64,0xff,0xf6,0x09,0x00,0x00,0x00,0x00,0x00,0x2b,
  0xff,0xff,0x39,0x00,0xb8,0xff,0x9b,0x00,0x00,0x00,0x06,0xf3,0xff,0x53,0x00,0x9f,
  0xff,0xc1,0x00,0x00,0x00,0x00,0x00,0x00,0x00,0xe3,0xff,0x74,0x00,0xec,0xff,0x5b,
  0x00,0x00,0x00,0x00,0xbe,0xff,0x8b,0x00,0xd4,0xff,0x84,0x00,0x00,0x00,0x00,0x00,
  0x00,0x00,0xa8,0xff,0xa9,0x31,0xff,0xfc,0x17,0x00,0x00,0x00,0x00,0x81,0xff,0xbf,
  0x12,0xfc,0xff,0x41,0x00,0x00,0x00,0x00,0x00,0x00,0x00,0x69,0xff,0xd8,0x6a,0xff,
  0xd1,0x00,0x00,0x00,0x00,0x00,0x3e,0xff,0xef,0x4b,0xff,0xf0,0x04,0x00,0x00,0x00,
  0x00,0x00,0x00,0x00,0x22,0xff,0xfc,0xa1,0xff,0x95,0x00,0x00,0x00,0x00,0x00,0x02,
  0xef,0xff,0x9f,0xff,0xb9,0x00,0x00,0x00,0x00,0x00,0x00,0x00,0x00,0x00,0xdc,0xff,
  0xef,0xff,0x56,0x00,0x00,0x00,0x00,0x00,0x00,0xb7,0xff,0xf2,0xff,0x7c,0x00,0x00,
  0x00,0x00,0x00,0x00,0x00,0x00,0x00,0xa1,0xff,0xff,0xfb,0x12,0x00,0x00,0x00,0x00,
  0x00,0x00,0x7a,0xff,0xff,0xff,0x38,0x00,0x00,0x00,0x00,0x00,0x00,0x00,0x00,0x00,
  0x60,0xff,0xff,0xcc,0x00,0x00,0x00,0x00,0x00,0x00,0x00,0x36,0xff,0xff,0xeb,0x00,
  0x00,0x00,0x00,0x00,0x00,0x96,0xff,0xff,0x51,0x00,0x00,0x00,0x00,0x00,0x00,0x00,
  0x00,0x77,0xff,0xff,0x62,0x00,0x00,0x0d,0xde,0xff,0xe1,0x0f,0x00,0x00,0x00,0x00,
  0x00,0x00,0x28,0xf4,0xff,0xb6,0x00,0x00,0x00,0x00,0x4c,0xfe,0xff,0x98,0x00,0x00,
  0x00,0x00,0x00,0x00,0xbf,0xff,0xef,0x20,0x00,0x00,0x00,0x00,0x00,0xa2,0xff,0xfc,
  0x41,0x00,0x00,0x00,0x00,0x6e,0xff,0xff,0x69,0x00,0x00,0x00,0x00,0x00,0x00,0x14,
  0xe5,0xff,0xd6,0x06,0x00,0x00,0x20,0xf0,0xff,0xbc,0x00,0x00,0x00,0x00,0x00,0x00,
  0x00,0x00,0x57,0xff,0xff,0x81,0x00,0x00,0xb1,0xff,0xf1,0x25,0x00,0x00,0x00,0x00,
  0x00,0x00,0x00,0x00,0x00,0xac,0xff,0xf4,0x22,0x50,0xff,0xff,0x70,0x00,0x00,0x00,
  0x00,0x00,0x00,0x00,0x00,0x00,0x00,0x1b,0xeb,0xff,0xa1,0xcf,0xff,0xc1,0x00,0x00,
  0x00,0x00,0x00,0x00,0x00,0x00,0x00,0x00,0x00,0x00,0x62,0xff,0xfe,0xff,0xf4,0x29,
  0x00,0x00,0x00,0x00,0x00,0x00,0x00,0x00,0x00,0x00,0x00,0x00,0x00,0xbf,0xff,0xff,
  0x88,0x00,0x00,0x00,0x00,0x00,0x00,0x00,0x00,0x00,0x00,0x00,0x00,0x00,0x1c,0xeb,
  0xff,0xff,0xd6,0x09,0x00,0x00,0x00,0x00,0x00,0x00,0x00,0x00,0x00,0x00,0x00,0x00,
  0xb2,0xff,0xde,0xf9,0xff,0x8a,0x00,0x00,0x00,0x00,0x00,0x00,0x00,0x00,0x00,0x00,
  0x00,0x5e,0xff,0xff,0x59,0x9e,0xff,0xf9,0x36,0x00,0x00,0x00,0x00,0x00,0x00,0x00,
  0x00,0x00,0x1b,0xea,0xff,0xc2,0x00,0x1b,0xee,0xff,0xce,0x04,0x00,0x00,0x00,0x00,
  0x00,0x00,0x00,0x00,0xae,0xff,0xf6,0x2e,0x00,0x00,0x6a,0xff,0xff,0x7e,0x00,0x00,
  0x00,0x00,0x00,0x00,0x00,0x5b,0xff,0xff,0x7f,0x00,0x00,0x00,0x00,0xbf,0xff,0xf6,
  0x2d,0x00,0x00,0x00,0x00,0x00,0x18,0xe9,0xff,0xcd,0x04,0x00,0x00,0x00,0x00,0x28,
  0xf3,0xff,0xc4,0x00,0x00,0x00,0x00,0x00,0xac,0xff,0xf8,0x34,0x00,0x00,0x00,0x00,
  0x00,0x00,0x76,0xff,0xff,0x72,0x00,0x00,0x00,0x59,0xff,0xff,0x84,0x00,0x00,0x00,
  0x00,0x00,0x00,0x00,0x02,0xc7,0xff,0xf1,0x23,0x00,0x17,0xe7,0xff,0xd0,0x06,0x00,
  0x00,0x00,0x00,0x00,0x00,0x00,0x00,0x2e,0xf6,0xff,0xba,0x00,0x25,0xf4,0xff,0xc6,
  0x00,0x00,0x00,0x00,0x00,0x00,0x00,0x00,0x00,0x2b,0xf8,0xff,0xba,0x00,0x84,0xff,
  0xff,0x61,0x00,0x00,0x00,0x00,0x00,0x00,0x00,0x00,0xb6,0xff,0xf8,0x2e,0x00,0x09,
  0xdd,0xff,0xe4,0x0d,0x00,0x00,0x00,0x00,0x00,0x00,0x4d,0xff,0xff,0x90,0x00,0x00,
  0x00,0x56,0xff,0xff,0x8a,0x00,0x00,0x00,0x00,0x00,0x04,0xd6,0xff,0xe6,0x10,0x00,
  0x00,0x00,0x00,0xba,0xff,0xf6,0x27,0x00,0x00,0x00,0x00,0x76,0xff,0xff,0x64,0x00,
  0x00,0x00,0x00,0x00,0x2d,0xf8,0xff,0xb0,0x00,0x00,0x00,0x18,0xed,0xff,0xc7,0x00,
  0x00,0x00,0x00,0x00,0x00,0x00,0x90,0xff,0xff,0x48,0x00,0x00,0x9a,0xff,0xfc,0x39,
  0x00,0x00,0x00,0x00,0x00,0x00,0x00,0x0f,0xe5,0xff,0xcf,0x00,0x2c,0xfa,0xff,0x9e,
  0x00,0x00,0x00,0x00,0x00,0x00,0x00,0x00,0x00,0x63,0xff,0xff,0x59,0xa7,0xff,0xed,
  0x18,0x00,0x00,0x00,0x00,0x00,0x00,0x00,0x00,0x00,0x00,0xc6,0xff,0xd2,0xf8,0xff,
  0x73,0x00,0x00,0x00,0x00,0x00,0x00,0x00,0x00,0x00,0x00,0x00,0x37,0xfc,0xff,0xff,
  0xd2,0x04,0x00,0x00,0x00,0x00,0x00,0x00,0x00,0x00,0x00,0x00,0x00,0x00,0x9e,0xff,
  0xff,0x47,0x00,0x00,0x00,0x00,0x00,0x00,0x00,0x00,0x00,0x00,0x00,0x00,0x00,0x6f,
  0xff,0xff,0x0d,0x00,0x00,0x00,0x00,0x00,0x00,0x00,0x00,0x00,0x00,0x00,0x00,0x00,
  0x6f,0xff,0xff,0x0d,0x00,0x00,0x00,0x00,0x00,0x00,0x00,0x00,0x00,0x00,0x00,0x00,
  0x00,0x6f,0xff,0xff,0x0d,0x00,0x00,0x00,0x00,0x00,0x00,0x00,0x00,0x00,0x00,0x00,
  0x00,0x00,0x6f,0xff,0xff,0x0d,0x00,0x00,0x00,0x00,0x00,0x00,0x00,0x00,0x00,0x00,
  0x00,0x00,0x00,0x6f,0xff,0xff,0x0d,0x00,0x00,0x00,0x00,0x00,0x00,0x00,0x00,0x00,
  0x00,0x00,0x00,0x00,0x6f,0xff,0xff,0x0d,0x00,0x00,0x00,0x00,0x00,0x00,0x00,0x00,
  0x00,0x00,0x00,0x00,0x00,0x6f,0xff,0xff,0x0d,0x00,0x00,0x00,0x00,0x00,0x00,0x00,
  0x00,0x00,0x00,0x00,0x00,0x00,0x6f,0xff,0xff,0x0d,0x00,0x00,0x00,0x00,0x00,0x00,
  0x83,0xff,0xff,0xff,0xff,0xff,0xff,0xff,0xff,0xff,0xff,0xff,0xff,0xbe,0x83,0xff,
  0xff,0xff,0xff,0xff,0xff,0xff,0xff,0xff,0xff,0xff,0xff,0xba,0x1f,0x3e,0x3e,0x3e,
  0x3e,0x3e,0x3e,0x3e,0x3e,0x3e,0x82,0xff,0xff,0x51,0x00,0x00,0x00,0x00,0x00,0x00,
  0x00,0x00,0x00,0x1a,0xe8,0xff,0xaa,0x00,0x00,0x00,0x00,0x00,0x00,0x00,0x00,0x00,
  0x00,0xac,0xff,0xec,0x1b,0x00,0x00,0x00,0x00,0x00,0x00,0x00,0x00,0x00,0x53,0xff,
  0xff,0x68,0x00,0x00,0x00,0x00,0x00,0x00,0x00,0x00,0x00,0x0f,0xe2,0xff,0xbf,0x00,
  0x00,0x00,0x00,0x00,0x00,0x00,0x00,0x00,0x00,0x97,0xff,0xf6,0x2b,0x00,0x00,0x00,
  0x00,0x00,0x00,0x00,0x00,0x00,0x3e,0xfc,0xff,0x80,0x00,0x00,0x00,0x00,0x00,0x00,
  0x00,0x00,0x00,0x06,0xd2,0xff,0xd2,0x06,0x00,0x00,0x00,0x00,0x00,0x00,0x00,0x00,
  0x00,0x81,0xff,0xfc,0x3e,0x00,0x00,0x00,0x00,0x00,0x00,0x00,0x00,0x00,0x2b,0xf6,
  0xff,0x96,0x00,0x00,0x00,0x00,0x00,0x00,0x00,0x00,0x00,0x00,0xbf,0xff,0xe2,0x0f,
  0x00,0x00,0x00,0x00,0x00,0x00,0x00,0x00,0x00,0x68,0xff,0xff,0x54,0x00,0x00,0x00,
  0x00,0x00,0x00,0x00,0x00,0x00,0x1b,0xec,0xff,0xac,0x00,0x00,0x00,0x00,0x00,0x00,
  0x00,0x00,0x00,0x00,0xaa,0xff,0xeb,0x1b,0x00,0x00,0x00,0x00,0x00,0x00,0x00,0x00,
  0x00,0x50,0xff,0xff,0x5d,0x00,0x00,0x00,0x00,0x00,0x00,0x00,0x00,0x00,0x0d,0xdf,
  0xff,0xc2,0x3e,0x3e,0x3e,0x3e,0x3e,0x3e,0x3e,0x3e,0x3e,0x33,0x63,0xff,0xff,0xff,
  0xff,0xff,0xff,0xff,0xff,0xff,0xff,0xff,0xff,0xd3,0x67,0xff,0xff,0xff,0xff,0xff,
  0xff,0xff,0xff,0xff,0xff,0xff,0xff,0xd3,0x2c,0xff,0xff,0xff,0xff,0xef,0x2c,0xff,
  0xff,0xff,0xff,0xef,0x2c,0xff,0xff,0x17,0x07,0x06,0x2c,0xff,0xff,0x13,0x00,0x00,
  0x2c,0xff,0xff,0x13,0x00,0x00,0x2c,0xff,0xff,0x13,0x00,0x00,0x2c,0xff,0xff,0x13,
  0x00,0x00,0x2c,0xff,0xff,0x13,0x00,0x00,0x2c,0xff,0xff,0x13,0x00,0x00,0x2c,0xff,
  0xff,0x13,0x00,0x00,0x2c,0xff,0xff,0x13,0x00,0x00,0x2c,0xff,0xff,0x13,0x00,0x00,
  0x2c,0xff,0xff,0x13,0x00,0x00,0x2c,0xff,0xff,0x13,0x00,0x00,0x2c,0xff,0xff,0x13,
  0x00,0x00,0x2c,0xff,0xff,0x13,0x00,0x00,0x2c,0xff,0xff,0x13,0x00,0x00,0x2c,0xff,
  0xff,0x13,0x00,0x00,0x2c,0xff,0xff,0x13,0x00,0x00,0x2c,0xff,0xff,0x13,0x00,0x00,
  0x2c,0xff,0xff,0x13,0x00,0x00,0x2c,0xff,0xff,0x13,0x00,0x00,0x2c,0xff,0xff,0x1c,
  0x0d,0x0c,0x2c,0xff,0xff,0xff,0xff,0xef,0x2c,0xff,0xff,0xff,0xff,0xef,0x3a,0x8e,
  0x6f,0x00,0x00,0x00,0x00,0x00,0x00,0x37,0xff,0xf1,0x04,0x00,0x00,0x00,0x00,0x00,
  0x00,0xea,0xff,0x42,0x00,0x00,0x00,0x00,0x00,0x00,0xb0,0xff,0x84,0x00,0x00,0x00,
  0x00,0x00,0x00,0x72,0xff,0xc2,0x00,0x00,0x00,0x00,0x00,0x00,0x2c,0xff,0xf6,0x0b,
  0x00,0x00,0x00,0x00,0x00,0x00,0xe3,0xff,0x4d,0x00,0x00,0x00,0x00,0x00,0x00,0xa8,
  0xff,0x8e,0x00,0x00,0x00,0x00,0x00,0x00,0x68,0xff,0xca,0x00,0x00,0x00,0x00,0x00,
  0x00,0x21,0xff,0xfb,0x12,0x00,0x00,0x00,0x00,0x00,0x00,0xda,0xff,0x56,0x00,0x00,
  0x00,0x00,0x00,0x00,0x9f,0xff,0x97,0x00,0x00,0x00,0x00,0x00,0x00,0x5f,0xff,0xd3,
  0x00,0x00,0x00,0x00,0x00,0x00,0x18,0xfc,0xfd,0x1a,0x00,0x00,0x00,0x00,0x00,0x00,
  0xd2,0xff,0x60,0x00,0x00,0x00,0x00,0x00,0x00,0x96,0xff,0xa0,0x00,0x00,0x00,0x00,
  0x00,0x00,0x55,0xff,0xdb,0x00,0x00,0x00,0x00,0x00,0x00,0x10,0xfa,0xff,0x22,0x00,
  0x00,0x00,0x00,0x00,0x00,0xc9,0xff,0x69,0x00,0x00,0x00,0x00,0x00,0x00,0x8d,0xff,
  0xa9,0x00,0x00,0x00,0x00,0x00,0x00,0x4c,0xff,0xe4,0x00,0x00,0x00,0x00,0x00,0x00,
  0x09,0xf6,0xff,0x2d,0x00,0x00,0x00,0x00,0x00,0x00,0xc1,0xff,0x73,0x00,0x00,0x00,
  0x00,0x00,0x00,0x84,0xff,0xb1,0x7f,0xff,0xff,0xff,0xff,0xa8,0x7f,0xff,0xff,0xff,
  0xff,0xa8,0x02,0x07,0x07,0x9e,0xff,0xa8,0x00,0x00,0x00,0x9d,0xff,0xa8,0x00,0x00,
  0x00,0x9d,0xff,0xa8,0x00,0x00,0x00,0x9d,0xff,0xa8,0x00,0x00,0x00,0x9d,0xff,0xa8,
  0x00,0x00,0x00,0x9d,0xff,0xa8,0x00,0x00,0x00,0x9d,0xff,0xa8,0x00,0x00,0x00,0x9d,
  0xff,0xa8,0x00,0x00,0x00,0x9d,0xff,0xa8,0x00,0x00,0x00,0x9d,0xff,0xa8,0x00,0x00,
  0x00,0x9d,0xff,0xa8,0x00,0x00,0x00,0x9d,0xff,0xa8,0x00,0x00,0x00,0x9d,0xff,0xa8,
  0x00,0x00,0x00,0x9d,0xff,0xa8,0x00,0x00,0x00,0x9d,0xff,0xa8,0x00,0x00,0x00,0x9d,
  0xff,0xa8,0x00,0x00,0x00,0x9d,0xff,0xa8,0x00,0x00,0x00,0x9d,0xff,0xa8,0x00,0x00,
  0x00,0x9d,0xff,0xa8,0x00,0x00,0x00,0x9d,0xff,0xa8,0x06,0x0d,0x0d,0xa0,0xff,0xa8,
  0x7f,0xff,0xff,0xff,0xff,0xa8,0x7f,0xff,0xff,0xff,0xff,0xa8,0x00,0x00,0x00,0x2c,
  0x8e,0x8e,0x4f,0x00,0x00,0x00,0x00,0x00,0x00,0x00,0xa3,0xff,0xff,0xdb,0x02,0x00,
  0x00,0x00,0x00,0x00,0x1c,0xf7,0xfc,0xea,0xff,0x58,0x00,0x00,0x00,0x00,0x00,0x8b,
  0xff,0xb7,0x7b,0xff,0xc5,0x00,0x00,0x00,0x00,0x0c,0xeb,0xff,0x4e,0x13,0xf2,0xff,
  0x3d,0x00,0x00,0x00,0x71,0xff,0xd6,0x00,0x00,0x9b,0xff,0xac,0x00,0x00,0x00,0xda,
  0xff,0x72,0x00,0x00,0x2d,0xfd,0xfb,0x25,0x00,0x57,0xff,0xef,0x0d,0x00,0x00,0x00,
  0xb9,0xff,0x95,0x00,0xc4,0xff,0x95,0x00,0x00,0x00,0x00,0x4f,0xff,0xf0,0x12,0x42,
  0x42,0x42,0x42,0x42,0x42,0x42,0x42,0x42,0x42,0x42,0x39,0xff,0xff,0xff,0xff,0xff,
  0xff,0xff,0xff,0xff,0xff,0xff,0xe1,0xff,0xff,0xff,0xff,0xff,0xff,0xff,0xff,0xff,
  0xff,0xff,0xe1,0x02,0xc1,0xe8,0xa2,0x00,0x00,0x00,0x48,0xfe,0xfb,0x27,0x00,0x00,
  0x00,0xa2,0xff,0x98,0x00,0x00,0x00,0x17,0xe9,0xf3,0x17,0x00,0x00,0x16,0x84,0xcf,
  0xf2,0xf8,0xe0,0xac,0x3b,0x00,0x00,0x00,0x38,0xe7,0xff,0xff,0xff,0xff,0xff,0xff,
  0xfb,0x61,0x00,0x0f,0xe5,0xff,0xf6,0x8c,0x41,0x2e,0x5a,0xd6,0xff,0xf2,0x18,0x3e,
  0xd1,0xfc,0x4d,0x00,0x00,0x00,0x00,0x21,0xf4,0xff,0x6f,0x00,0x00,0x1c,0x00,0x00,
  0x00,0x00,0x00,0x00,0xc9,0xff,0x94,0x00,0x00,0x00,0x00,0x00,0x00,0x00,0x00,0x27,
  0xe0,0xff,0xa3,0x00,0x00,0x02,0x4e,0x87,0xb1,0xd1,0xec,0xff,0xff,0xff,0xa4,0x00,
  0x6d,0xe5,0xff,0xff,0xff,0xff,0xf9,0xcd,0xdf,0xff,0xa4,0x5b,0xff,0xff,0xdc,0x89,
  0x52,0x2d,0x06,0x00,0xba,0xff,0xa4,0xc0,0xff,0xce,0x0b,0x00,0x00,0x00,0x00,0x00,
  0xbf,0xff,0xa4,0xda,0xff,0x88,0x00,0x00,0x00,0x00,0x00,0x07,0xea,0xff,0xa4,0xc7,
  0xff,0xb5,0x00,0x00,0x00,0x00,0x00,0x89,0xff,0xff,0xa4,0x7d,0xff,0xff,0xa3,0x46,
  0x2f,0x51,0xb0,0xff,0xeb,0xff,0xa4,0x0b,0xc4,0xff,0xff,0xff,0xff,0xff,0xff,0xa2,
  0xb3,0xff,0xa4,0x00,0x07,0x7d,0xd2,0xf5,0xf7,0xd2,0x71,0x00,0xb3,0xff,0xa4,0xff,
  0xff,0x5b,0x00,0x00,0x00,0x00,0x00,0x00,0x00,0x00,0x00,0x00,0xff,0xff,0x5b,0x00,
  0x00,0x00,0x00,0x00,0x00,0x00,0x00,0x00,0x00,0xff,0xff,0x5b,0x00,0x00,0x00,0x00,
  0x00,0x00,0x00,0x00,0x00,0x00,0xff,0xff,0x5b,0x00,0x00,0x00,0x00,0x00,0x00,0x00,
  0x00,0x00,0x00,0xff,0xff,0x5b,0x00,0x00,0x00,0x00,0x00,0x00,0x00,0x00,0x00,0x00,
  0xff,0xff,0x5b,0x10,0x95,0xe4,0xf9,0xe4,0xae,0x39,0x00,0x00,0x00,0xff,0xff,0x60,
  0xcc,0xff,0xff,0xff,0xff,0xff,0xfb,0x6a,0x00,0x00,0xff,0xff,0xd5,0xfc,0x9e,0x49,
  0x3d,0x6e,0xde,0xff,0xfd,0x44,0x00,0xff,0xff,0xff,0x75,0x00,0x00,0x00,0x00,0x1b,
  0xdd,0xff,0xcf,0x00,0xff,0xff,0xd6,0x00,0x00,0x00,0x00,0x00,0x00,0x5f,0xff,0xff,
  0x2f,0xff,0xff,0x8b,0x00,0x00,0x00,0x00,0x00,0x00,0x09,0xf6,0xff,0x76,0xff,0xff,
  0x62,0x00,0x00,0x00,0x00,0x00,0x00,0x00,0xd2,0xff,0x8f,0xff,0xff,0x56,0x00,0x00,
  0x00,0x00,0x00,0x00,0x00,0xc6,0xff,0x9f,0xff,0xff,0x64,0x00,0x00,0x00,0x00,0x00,
  0x00,0x00,0xd4,0xff,0x8e,0xff,0xff,0x8f,0x00,0x00,0x00,0x00,0x00,0x00,0x0c,0xf7,
  0xff,0x75,0xff,0xff,0xdb,0x02,0x00,0x00,0x00,0x00,0x00,0x65,0xff,0xff,0x2e,0xff,
  0xff,0xff,0x7c,0x00,0x00,0x00,0x00,0x1d,0xe1,0xff,0xcf,0x00,0xff,0xff,0xc5,0xfd,
  0x9e,0x45,0x38,0x6c,0xe0,0xff,0xfe,0x45,0x00,0xff,0xff,0x4b,0xc8,0xff,0xff,0xff,
  0xff,0xff,0xfc,0x6c,0x00,0x00,0xff,0xff,0x46,0x0f,0x92,0xe4,0xf9,0xe4,0xb0,0x3b,
  0x00,0x00,0x00,0x00,0x00,0x00,0x29,0x9a,0xdb,0xf6,0xf4,0xcd,0x79,0x09,0x00,0x00,
  0x00,0x00,0x58,0xf5,0xff,0xff,0xff,0xff,0xff,0xff,0xcf,0x17,0x00,0x00,0x3d,0xfb,
  0xff,0xde,0x6e,0x3e,0x4d,0x9a,0xfa,0xff,0xc8,0x00,0x00,0xcf,0xff,0xda,0x18,0x00,
  0x00,0x00,0x00,0x60,0xff,0xff,0x53,0x37,0xff,0xff,0x53,0x00,0x00,0x00,0x00,0x00,
  0x00,0x8b,0x67,0x18,0x84,0xff,0xec,0x00,0x00,0x00,0x00,0x00,0x00,0x00,0x00,0x00,
  0x00,0xa0,0xff,0xc2,0x00,0x00,0x00,0x00,0x00,0x00,0x00,0x00,0x00,0x00,0xb0,0xff,
  0xb3,0x00,0x00,0x00,0x00,0x00,0x00,0x00,0x00,0x00,0x00,0xa1,0xff,0xc0,0x00,0x00,
  0x00,0x00,0x00,0x00,0x00,0x00,0x00,0x00,0x85,0xff,0xea,0x00,0x00,0x00,0x00,0x00,
  0x00,0x00,0x00,0x00,0x00,0x3b,0xff,0xff,0x4f,0x00,0x00,0x00,0x00,0x00,0x00,0x99,
  0x84,0x2c,0x00,0xd2,0xff,0xd6,0x14,0x00,0x00,0x00,0x00,0x5a,0xff,0xff,0x63,0x00,
  0x3f,0xfc,0xff,0xda,0x68,0x38,0x47,0x94,0xf8,0xff,0xcf,0x04,0x00,0x00,0x59,0xf5,
  0xff,0xff,0xff,0xff,0xff,0xff,0xd5,0x22,0x00,0x00,0x00,0x00,0x29,0x9a,0xdc,0xf6,
  0xf5,0xcd,0x79,0x09,0x00,0x00,0x00,0x00,0x00,0x00,0x00,0x00,0x00,0x00,0x00,0x00,
  0x6f,0xff,0xef,0x00,0x00,0x00,0x00,0x00,0x00,0x00,0x00,0x00,0x00,0x6f,0xff,0xef,
  0x00,0x00,0x00,0x00,0x00,0x00,0x00,0x00,0x00,0x00,0x6f,0xff,0xef,0x00,0x00,0x00,
  0x00,0x00,0x00,0x00,0x00,0x00,0x00,0x6f,0xff,0xef,0x00,0x00,0x00,0x00,0x00,0x00,
  0x00,0x00,0x00,0x00,0x6f,0xff,0xef,0x00,0x00,0x00,0x43,0xb5,0xe5,0xf9,0xe1,0x8b,
  0x0b,0x6f,0xff,0xef,0x00,0x00,0x7b,0xfd,0xff,0xff,0xff,0xff,0xff,0xbd,0x70,0xff,
  0xef,0x00,0x58,0xff,0xff,0xd6,0x67,0x3a,0x4d,0xa6,0xfe,0xd4,0xff,0xef,0x02,0xe0,
  0xff,0xd0,0x10,0x00,0x00,0x00,0x00,0x89,0xff,0xff,0xef,0x45,0xff,0xff,0x46,0x00,
  0x00,0x00,0x00,0x00,0x07,0xe5,0xff,0xef,0x89,0xff,0xe7,0x00,0x00,0x00,0x00,0x00,
  0x00,0x00,0x9f,0xff,0xef,0xa2,0xff,0xbf,0x00,0x00,0x00,0x00,0x00,0x00,0x00,0x77,
  0xff,0xef,0xb1,0xff,0xb3,0x00,0x00,0x00,0x00,0x00,0x00,0x00,0x6b,0xff,0xef,0xa2,
  0xff,0xc2,0x00,0x00,0x00,0x00,0x00,0x00,0x00,0x79,0xff,0xef,0x89,0xff,0xeb,0x00,
  0x00,0x00,0x00,0x00,0x00,0x00,0xa2,0xff,0xef,0x47,0xff,0xff,0x50,0x00,0x00,0x00,
  0x00,0x00,0x0b,0xe9,0xff,0xef,0x04,0xe3,0xff,0xd6,0x13,0x00,0x00,0x00,0x00,0x90,
  0xff,0xff,0xef,0x00,0x5b,0xff,0xff,0xd6,0x64,0x36,0x49,0xa8,0xff,0xc4,0xff,0xef,
  0x00,0x00,0x7e,0xfe,0xff,0xff,0xff,0xff,0xff,0xb7,0x5b,0xff,0xef,0x00,0x00,0x00,
  0x45,0xb6,0xe7,0xf9,0xdf,0x88,0x09,0x5b,0xff,0xef,0x00,0x00,0x00,0x2c,0x9f,0xdc,
  0xf7,0xf0,0xc5,0x6b,0x04,0x00,0x00,0x00,0x00,0x5c,0xf7,0xff,0xff,0xff,0xff,0xff,
  0xff,0xc4,0x12,0x00,0x00,0x41,0xfc,0xff,0xcb,0x60,0x35,0x45,0x96,0xfc,0xff,0xb5,
  0x00,0x00,0xd1,0xff,0xb4,0x06,0x00,0x00,0x00,0x00,0x76,0xff,0xff,0x45,0x39,0xff,
  0xf6,0x1b,0x00,0x00,0x00,0x00,0x00,0x02,0xd8,0xff,0x9a,0x83,0xff,0xc3,0x00,0x00,
  0x00,0x00,0x00,0x00,0x00,0x9b,0xff,0xcc,0xa0,0xff,0xff,0xff,0xff,0xff,0xff,0xff,
  0xff,0xff,0xff,0xff,0xdd,0xb1,0xff,0xff,0xff,0xff,0xff,0xff,0xff,0xff,0xff,0xff,
  0xff,0xe7,0xa2,0xff,0xb7,0x07,0x07,0x07,0x07,0x07,0x07,0x07,0x07,0x07,0x06,0x87,
  0xff,0xdc,0x00,0x00,0x00,0x00,0x00,0x00,0x00,0x00,0x00,0x00,0x40,0xff,0xff,0x3d,
  0x00,0x00,0x00,0x00,0x00,0x00,0x49,0x29,0x00,0x00,0xd7,0xff,0xd1,0x13,0x00,0x00,
  0x00,0x00,0x2b,0xf4,0xff,0x83,0x00,0x42,0xfc,0xff,0xdd,0x6c,0x33,0x38,0x76,0xe8,
  0xff,0xf3,0x27,0x00,0x00,0x5a,0xf4,0xff,0xff,0xff,0xff,0xff,0xff,0xf1,0x4f,0x00,
  0x00,0x00,0x00,0x27,0x95,0xd7,0xf3,0xf9,0xdc,0x99,0x22,0x00,0x00,0x00,0x00,0x00,
  0x00,0x00,0x41,0x7e,0x88,0x62,0x0c,0x00,0x00,0x00,0x0d,0xb7,0xff,0xff,0xff,0xfa,
  0x16,0x00,0x00,0x00,0x97,0xff,0xff,0xe4,0xc8,0xab,0x00,0x00,0x00,0x00,0xe3,0xff,
  0xb7,0x04,0x00,0x00,0x00,0x00,0x00,0x00,0xf5,0xff,0x6b,0x00,0x00,0x00,0x00,0x00,
  0x00,0x00,0xf6,0xff,0x63,0x00,0x00,0x00,0x00,0xc8,0xff,0xff,0xff,0xff,0xff,0xff,
  0xff,0xa8,0x00,0xc8,0xff,0xff,0xff,0xff,0xff,0xff,0xff,0xa8,0x00,0x0f,0x13,0x13,
  0xf6,0xff,0x6b,0x13,0x13,0x0c,0x00,0x00,0x00,0x00,0xf6,0xff,0x63,0x00,0x00,0x00,
  0x00,0x00,0x00,0x00,0xf6,0xff,0x63,0x00,0x00,0x00,0x00,0x00,0x00,0x00,0xf6,0xff,
  0x63,0x00,0x00,0x00,0x00,0x00,0x00,0x00,0xf6,0xff,0x63,0x00,0x00,0x00,0x00,0x00,
  0x00,0x00,0xf6,0xff,0x63,0x00,0x00,0x00,0x00,0x00,0x00,0x00,0xf6,0xff,0x63,0x00,
  0x00,0x00,0x00,0x00,0x00,0x00,0xf6,0xff,0x63,0x00,0x00,0x00,0x00,0x00,0x00,0x00,
  0xf6,0xff,0x63,0x00,0x00,0x00,0x00,0x00,0x00,0x00,0xf6,0xff,0x63,0x00,0x00,0x00,
  0x00,0x00,0x00,0x00,0xf6,0xff,0x63,0x00,0x00,0x00,0x00,0x00,0x00,0x00,0xf6,0xff,
  0x63,0x00,0x00,0x00,0x00,0x00,0x00,0x00,0xf6,0xff,0x63,0x00,0x00,0x00,0x00,0x00,
  0x00,0x00,0x3a,0xb1,0xe4,0xf9,0xe3,0x91,0x0d,0x57,0xff,0xf2,0x00,0x00,0x6d,0xfc,
  0xff,0xff,0xff,0xff,0xff,0xc2,0x59,0xff,0xf2,0x00,0x4b,0xfe,0xff,0xdc,0x6a,0x3b,
  0x4e,0xa8,0xff,0xca,0xff,0xf2,0x00,0xd7,0xff,0xd9,0x16,0x00,0x00,0x00,0x00,0x8b,
  0xff,0xff,0xf2,0x3b,0xff,0xff,0x54,0x00,0x00,0x00,0x00,0x00,0x09,0xe6,0xff,0xf2,
  0x84,0xff,0xed,0x02,0x00,0x00,0x00,0x00,0x00,0x00,0x9d,0xff,0xf2,0x9f,0xff,0xc2,
  0x00,0x00,0x00,0x00,0x00,0x00,0x00,0x72,0xff,0xf2,0xb1,0xff,0xb3,0x00,0x00,0x00,
  0x00,0x00,0x00,0x00,0x62,0xff,0xf2,0xa5,0xff,0xbc,0x00,0x00,0x00,0x00,0x00,0x00,
  0x00,0x6d,0xff,0xf2,0x8f,0xff,0xe1,0x00,0x00,0x00,0x00,0x00,0x00,0x00,0x92,0xff,
  0xf2,0x51,0xff,0xff,0x3f,0x00,0x00,0x00,0x00,0x00,0x00,0xd8,0xff,0xf2,0x06,0xea,
  0xff,0xca,0x09,0x00,0x00,0x00,0x00,0x75,0xff,0xff,0xf2,0x00,0x67,0xff,0xff,0xce,
  0x5d,0x33,0x46,0x9c,0xfc,0xd6,0xff,0xf2,0x00,0x00,0x8b,0xff,0xff,0xff,0xff,0xff,
  0xff,0xc6,0x69,0xff,0xf2,0x00,0x00,0x00,0x4d,0xb9,0xe9,0xfa,0xe3,0x94,0x0f,0x67,
  0xff,0xf2,0x00,0x00,0x00,0x00,0x00,0x00,0x00,0x00,0x00,0x00,0x6a,0xff,0xee,0x00,
  0x00,0x16,0x00,0x00,0x00,0x00,0x00,0x00,0x00,0x8a,0xff,0xd6,0x00,0x70,0xf1,0x6f,
  0x00,0x00,0x00,0x00,0x00,0x18,0xe4,0xff,0xa3,0x02,0xbd,0xff,0xfe,0xa2,0x47,0x25,
  0x3a,0x75,0xe3,0xff,0xf8,0x34,0x00,0x17,0xbf,0xff,0xff,0xff,0xff,0xff,0xff,0xff,
  0xf6,0x5f,0x00,0x00,0x00,0x04,0x61,0xbe,0xe3,0xf8,0xf2,0xd6,0x95,0x26,0x00,0x00,
  0xff,0xff,0x5b,0x00,0x00,0x00,0x00,0x00,0x00,0x00,0x00,0x00,0xff,0xff,0x5b,0x00,
  0x00,0x00,0x00,0x00,0x00,0x00,0x00,0x00,0xff,0xff,0x5b,0x00,0x00,0x00,0x00,0x00,
  0x00,0x00,0x00,0x00,0xff,0xff,0x5b,0x00,0x00,0x00,0x00,0x00,0x00,0x00,0x00,0x00,
  0xff,0xff,0x5b,0x00,0x00,0x00,0x00,0x00,0x00,0x00,0x00,0x00,0xff,0xff,0x5b,0x14,
  0x96,0xe1,0xf9,0xea,0xab,0x2c,0x00,0x00,0xff,0xff,0x66,0xd6,0xff,0xff,0xff,0xff,
  0xff,0xf0,0x37,0x00,0xff,0xff,0xd8,0xee,0x7d,0x3f,0x54,0xab,0xff,0xff,0xca,0x00,
  0xff,0xff,0xf4,0x33,0x00,0x00,0x00,0x00,0xa0,0xff,0xff,0x29,0xff,0xff,0x9c,0x00,
  0x00,0x00,0x00,0x00,0x29,0xff,0xff,0x5b,0xff,0xff,0x67,0x00,0x00,0x00,0x00,0x00,
  0x02,0xf7,0xff,0x6c,0xff,0xff,0x5b,0x00,0x00,0x00,0x00,0x00,0x00,0xef,0xff,0x6f,
  0xff,0xff,0x5b,0x00,0x00,0x00,0x00,0x00,0x00,0xef,0xff,0x6f,0xff,0xff,0x5b,0x00,
  0x00,0x00,0x00,0x00,0x00,0xef,0xff,0x6f,0xff,0xff,0x5b,0x00,0x00,0x00,0x00,0x00,
  0x00,0xef,0xff,0x6f,0xff,0xff,0x5b,0x00,0x00,0x00,0x00,0x00,0x00,0xef,0xff,0x6f,
  0xff,0xff,0x5b,0x00,0x00,0x00,0x00,0x00,0x00,0xef,0xff,0x6f,0xff,0xff,0x5b,0x00,
  0x00,0x00,0x00,0x00,0x00,0xef,0xff,0x6f,0xff,0xff,0x5b,0x00,0x00,0x00,0x00,0x00,
  0x00,0xef,0xff,0x6f,0xff,0xff,0x5b,0x00,0x00,0x00,0x00,0x00,0x00,0xef,0xff,0x6f,
  0x00,0x5a,0x7a,0x10,0x50,0xff,0xff,0xa4,0x5f,0xff,0xff,0xb3,0x02,0x84,0xa0,0x25,
  0x00,0x00,0x00,0x00,0x00,0x00,0x00,0x00,0x00,0xff,0xff,0x5b,0x00,0xff,0xff,0x5b,
  0x00,0xff,0xff,0x5b,0x00,0xff,0xff,0x5b,0x00,0xff,0xff,0x5b,0x00,0xff,0xff,0x5b,
  0x00,0xff,0xff,0x5b,0x00,0xff,0xff,0x5b,0x00,0xff,0xff,0x5b,0x00,0xff,0xff,0x5b,
  0x00,0xff,0xff,0x5b,0x00,0xff,0xff,0x5b,0x00,0xff,0xff,0x5b,0x00,0xff,0xff,0x5b,
  0x00,0xff,0xff,0x5b,0x00,0x00,0x00,0x5b,0x79,0x0f,0x00,0x00,0x54,0xff,0xff,0xa1,
  0x00,0x00,0x63,0xff,0xff,0xaf,0x00,0x00,0x04,0x84,0xa0,0x22,0x00,0x00,0x00,0x00,
  0x00,0x00,0x00,0x00,0x00,0x00,0x00,0x00,0x00,0x00,0x00,0xff,0xff,0x5b,0x00,0x00,
  0x00,0xff,0xff,0x5b,0x00,0x00,0x00,0xff,0xff,0x5b,0x00,0x00,0x00,0xff,0xff,0x5b,
  0x00,0x00,0x00,0xff,0xff,0x5b,0x00,0x00,0x00,0xff,0xff,0x5b,0x00,0x00,0x00,0xff,
  0xff,0x5b,0x00,0x00,0x00,0xff,0xff,0x5b,0x00,0x00,0x00,0xff,0xff,0x5b,0x00,0x00,
  0x00,0xff,0xff,0x5b,0x00,0x00,0x00,0xff,0xff,0x5b,0x00,0x00,0x00,0xff,0xff,0x5b,
  0x00,0x00,0x00,0xff,0xff,0x5b,0x00,0x00,0x00,0xff,0xff,0x5b,0x00,0x00,0x00,0xff,
  0xff,0x5b,0x00,0x00,0x00,0xff,0xff,0x5b,0x00,0x00,0x07,0xff,0xff,0x57,0x00,0x00,
  0x38,0xff,0xff,0x40,0x17,0x51,0xcc,0xff,0xf0,0x0b,0x63,0xff,0xff,0xff,0x7d,0x00,
  0x63,0xf9,0xd6,0x70,0x00,0x00,0xff,0xff,0x5b,0x00,0x00,0x00,0x00,0x00,0x00,0x00,
  0x00,0x00,0xff,0xff,0x5b,0x00,0x00,0x00,0x00,0x00,0x00,0x00,0x00,0x00,0xff,0xff,
  0x5b,0x00,0x00,0x00,0x00,0x00,0x00,0x00,0x00,0x00,0xff,0xff,0x5b,0x00,0x00,0x00,
  0x00,0x00,0x00,0x00,0x00,0x00,0xff,0xff,0x5b,0x00,0x00,0x00,0x00,0x00,0x00,0x00,
  0x00,0x00,0xff,0xff,0x5b,0x00,0x00,0x00,0x00,0x10,0xcf,0xff,0xe7,0x29,0xff,0xff,
  0x5b,0x00,0x00,0x00,0x09,0xc0,0xff,0xef,0x36,0x00,0xff,0xff,0x5b,0x00,0x00,0x02,
  0xb0,0xff,0xf5,0x44,0x00,0x00,0xff,0xff,0x5b,0x00,0x00,0x9e,0xff,0xfa,0x53,0x00,
  0x00,0x00,0xff,0xff,0x5b,0x00,0x8b,0xff,0xfd,0x63,0x00,0x00,0x00,0x00,0xff,0xff,
  0x5b,0x76,0xff,0xff,0x74,0x00,0x00,0x00,0x00,0x00,0xff,0xff,0xb5,0xfd,0xff,0xc5,
  0x00,0x00,0x00,0x00,0x00,0x00,0xff,0xff,0xff,0xff,0xff,0xff,0x62,0x00,0x00,0x00,
  0x00,0x00,0xff,0xff,0xfa,0x62,0xd3,0xff,0xf2,0x2d,0x00,0x00,0x00,0x00,0xff,0xff,
  0x77,0x00,0x2f,0xf3,0xff,0xd1,0x0b,0x00,0x00,0x00,0xff,0xff,0x5b,0x00,0x00,0x67,
  0xff,0xff,0x9c,0x00,0x00,0x00,0xff,0xff,0x5b,0x00,0x00,0x00,0xa7,0xff,0xff,0x5e,
  0x00,0x00,0xff,0xff,0x5b,0x00,0x00,0x00,0x0f,0xd9,0xff,0xf0,0x2b,0x00,0xff,0xff,
  0x5b,0x00,0x00,0x00,0x00,0x37,0xf6,0xff,0xcf,0x09,0xff,0xff,0x5b,0x00,0x00,0x00,
  0x00,0x00,0x72,0xff,0xff,0x99,0xff,0xff,0x5b,0xff,0xff,0x5b,0xff,0xff,0x5b,0xff,
  0xff,0x5b,0xff,0xff,0x5b,0xff,0xff,0x5b,0xff,0xff,0x5b,0xff,0xff,0x5b,0xff,0xff,
  0x5b,0xff,0xff,0x5b,0xff,0xff,0x5b,0xff,0xff,0x5b,0xff,0xff,0x5b,0xff,0xff,0x5b,
  0xff,0xff,0x5b,0xff,0xff,0x5b,0xff,0xff,0x5b,0xff,0xff,0x5b,0xff,0xff,0x5b,0xff,
  0xff,0x5b,0xff,0xff,0x4b,0x1b,0x9d,0xe7,0xf4,0xc5,0x3d,0x00,0x00,0x33,0xac,0xe7,
  0xf7,0xd7,0x79,0x02,0x00,0xff,0xff,0x5b,0xd9,0xff,0xff,0xff,0xff,0xf0,0x2f,0x4b,
  0xf3,0xff,0xff,0xff,0xff,0xff,0xa8,0x00,0xff,0xff,0xca,0xe3,0x6f,0x46,0x73,0xe9,
  0xff,0xad,0xe2,0xea,0x75,0x45,0x64,0xd3,0xff,0xff,0x4c,0xff,0xff,0xeb,0x1b,0x00,
  0x00,0x00,0x3a,0xfc,0xff,0xf8,0x2f,0x00,0x00,0x00,0x14,0xe5,0xff,0xa1,0xff,0xff,
  0x8c,0x00,0x00,0x00,0x00,0x00,0xd9,0xff,0xb7,0x00,0x00,0x00,0x00,0x00,0xaa,0xff,
  0xbf,0xff,0xff,0x65,0x00,0x00,0x00,0x00,0x00,0xc8,0xff,0x98,0x00,0x00,0x00,0x00,
  0x00,0x92,0xff,0xcb,0xff,0xff,0x5b,0x00,0x00,0x00,0x00,0x00,0xc8,0xff,0x95,0x00,
  0x00,0x00,0x00,0x00,0x92,0xff,0xcc,0xff,0xff,0x5b,0x00,0x00,0x00,0x00,0x00,0xc8,
  0xff,0x95,0x00,0x00,0x00,0x00,0x00,0x92,0xff,0xcc,0xff,0xff,0x5b,0x00,0x00,0x00,
  0x00,0x00,0xc8,0xff,0x95,0x00,0x00,0x00,0x00,0x00,0x92,0xff,0xcc,0xff,0xff,0x5b,
  0x00,0x00,0x00,0x00,0x00,0xc8,0xff,0x95,0x00,0x00,0x00,0x00,0x00,0x92,0xff,0xcc,
  0xff,0xff,0x5b,0x00,0x00,0x00,0x00,0x00,0xc8,0xff,0x95,0x00,0x00,0x00,0x00,0x00,
  0x92,0xff,0xcc,0xff,0xff,0x5b,0x00,0x00,0x00,0x00,0x00,0xc8,0xff,0x95,0x00,0x00,
  0x00,0x00,0x00,0x92,0xff,0xcc,0xff,0xff,0x5b,0x00,0x00,0x00,0x00,0x00,0xc8,0xff,
  0x95,0x00,0x00,0x00,0x00,0x00,0x92,0xff,0xcc,0xff,0xff,0x5b,0x00,0x00,0x00,0x00,
  0x00,0xc8,0xff,0x95,0x00,0x00,0x00,0x00,0x00,0x92,0xff,0xcc,0xff,0xff,0x5b,0x00,
  0x00,0x00,0x00,0x00,0xc8,0xff,0x95,0x00,0x00,0x00,0x00,0x00,0x92,0xff,0xcc,0xff,
  0xff,0x42,0x1b,0x9a,0xe2,0xf9,0xea,0xab,0x2b,0x00,0x00,0xff,0xff,0x57,0xdf,0xff,
  0xfd,0xff,0xff,0xff,0xee,0x34,0x00,0xff,0xff,0xd6,0xd8,0x4f,0x06,0x20,0x80,0xf9,
  0xff,0xc7,0x00,0xff,0xff,0xea,0x1b,0x00,0x00,0x00,0x00,0x89,0xff,0xff,0x25,0xff,
  0xff,0x90,0x00,0x00,0x00,0x00,0x00,0x20,0xff,0xff,0x57,0xff,0xff,0x63,0x00,0x00,
  0x00,0x00,0x00,0x00,0xf5,0xff,0x68,0xff,0xff,0x5b,0x00,0x00,0x00,0x00,0x00,0x00,
  0xef,0xff,0x6b,0xff,0xff,0x5b,0x00,0x00,0x00,0x00,0x00,0x00,0xef,0xff,0x6b,0xff,
  0xff,0x5b,0x00,0x00,0x00,0x00,0x00,0x00,0xef,0xff,0x6b,0xff,0xff,0x5b,0x00,0x00,
  0x00,0x00,0x00,0x00,0xef,0xff,0x6b,0xff,0xff,0x5b,0x00,0x00,0x00,0x00,0x00,0x00,
  0xef,0xff,0x6b,0xff,0xff,0x5b,0x00,0x00,0x00,0x00,0x00,0x00,0xef,0xff,0x6b,0xff,
  0xff,0x5b,0x00,0x00,0x00,0x00,0x00,0x00,0xef,0xff,0x6b,0xff,0xff,0x5b,0x00,0x00,
  0x00,0x00,0x00,0x00,0xef,0xff,0x6b,0xff,0xff,0x5b,0x00,0x00,0x00,0x00,0x00,0x00,
  0xef,0xff,0x6b,0x00,0x00,0x00,0x29,0x9a,0xdb,0xf6,0xea,0xc8,0x6b,0x07,0x00,0x00,
  0x00,0x00,0x00,0x58,0xf5,0xff,0xff,0xff,0xff,0xff,0xff,0xc8,0x1a,0x00,0x00,0x00,
  0x3d,0xfb,0xff,0xde,0x6e,0x3e,0x4e,0x99,0xfa,0xff,0xc8,0x02,0x00,0x00,0xcf,0xff,
  0xda,0x18,0x00,0x00,0x00,0x00,0x5e,0xfe,0xff,0x6e,0x00,0x37,0xff,0xff,0x53,0x00,
  0x00,0x00,0x00,0x00,0x00,0xb7,0xff,0xca,0x00,0x84,0xff,0xec,0x00,0x00,0x00,0x00,
  0x00,0x00,0x00,0x62,0xff,0xfd,0x17,0xa0,0xff,0xc2,0x00,0x00,0x00,0x00,0x00,0x00,
  0x00,0x2d,0xff,0xff,0x37,0xb0,0xff,0xb3,0x00,0x00,0x00,0x00,0x00,0x00,0x00,0x1a,
  0xff,0xff,0x4c,0xa1,0xff,0xc0,0x00,0x00,0x00,0x00,0x00,0x00,0x00,0x2c,0xff,0xff,
  0x38,0x85,0xff,0xea,0x00,0x00,0x00,0x00,0x00,0x00,0x00,0x5f,0xff,0xfe,0x18,0x3b,
  0xff,0xff,0x4f,0x00,0x00,0x00,0x00,0x00,0x00,0xb3,0xff,0xcd,0x00,0x00,0xd2,0xff,
  0xd6,0x14,0x00,0x00,0x00,0x00,0x57,0xfd,0xff,0x72,0x00,0x00,0x3f,0xfc,0xff,0xda,
  0x68,0x38,0x47,0x94,0xf8,0xff,0xca,0x02,0x00,0x00,0x00,0x59,0xf5,0xff,0xff,0xff,
  0xff,0xff,0xff,0xc9,0x1b,0x00,0x00,0x00,0x00,0x00,0x29,0x9a,0xdc,0xf6,0xeb,0xc8,
  0x6c,0x09,0x00,0x00,0x00,0xff,0xff,0x46,0x18,0x9c,0xe6,0xf9,0xe4,0xae,0x39,0x00,
  0x00,0x00,0xff,0xff,0x52,0xd8,0xff,0xff,0xfc,0xff,0xff,0xfb,0x6a,0x00,0x00,0xff,
  0xff,0xe0,0xf3,0x72,0x12,0x06,0x3e,0xc3,0xff,0xfd,0x44,0x00,0xff,0xff,0xff,0x58,
  0x00,0x00,0x00,0x00,0x0b,0xcd,0xff,0xcf,0x00,0xff,0xff,0xc9,0x00,0x00,0x00,0x00,
  0x00,0x00,0x4f,0xff,0xff,0x2f,0xff,0xff,0x84,0x00,0x00,0x00,0x00,0x00,0x00,0x04,
  0xf0,0xff,0x76,0xff,0xff,0x5f,0x00,0x00,0x00,0x00,0x00,0x00,0x00,0xd1,0xff,0x8f,
  0xff,0xff,0x56,0x00,0x00,0x00,0x00,0x00,0x00,0x00,0xc6,0xff,0x9f,0xff,0xff,0x66,
  0x00,0x00,0x00,0x00,0x00,0x00,0x00,0xd6,0xff,0x8e,0xff,0xff,0x93,0x00,0x00,0x00,
  0x00,0x00,0x00,0x0f,0xf9,0xff,0x75,0xff,0xff,0xde,0x04,0x00,0x00,0x00,0x00,0x00,
  0x6a,0xff,0xff,0x2e,0xff,0xff,0xff,0x81,0x00,0x00,0x00,0x00,0x21,0xe4,0xff,0xcf,
  0x00,0xff,0xff,0xcf,0xfd,0xa0,0x45,0x38,0x6d,0xe2,0xff,0xfe,0x45,0x00,0xff,0xff,
  0x5f,0xc8,0xff,0xff,0xff,0xff,0xff,0xfc,0x6c,0x00,0x00,0xff,0xff,0x5b,0x0f,0x92,
  0xe4,0xf9,0xe4,0xb0,0x3b,0x00,0x00,0x00,0xff,0xff,0x5b,0x00,0x00,0x00,0x00,0x00,
  0x00,0x00,0x00,0x00,0x00,0xff,0xff,0x5b,0x00,0x00,0x00,0x00,0x00,0x00,0x00,0x00,
  0x00,0x00,0xff,0xff,0x5b,0x00,0x00,0x00,0x00,0x00,0x00,0x00,0x00,0x00,0x00,0xff,
  0xff,0x5b,0x00,0x00,0x00,0x00,0x00,0x00,0x00,0x00,0x00,0x00,0xff,0xff,0x5b,0x00,
  0x00,0x00,0x00,0x00,0x00,0x00,0x00,0x00,0x00,0xff,0xff,0x5b,0x00,0x00,0x00,0x00,
  0x00,0x00,0x00,0x00,0x00,0x00,0x00,0x00,0x00,0x43,0xb5,0xe5,0xf9,0xe1,0x8b,0x0b,
  0x5b,0xff,0xef,0x00,0x00,0x7b,0xfd,0xff,0xff,0xff,0xff,0xff,0xbd,0x5c,0xff,0xef,
  0x00,0x58,0xff,0xff,0xd6,0x67,0x3a,0x4d,0xa6,0xfe,0xcb,0xff,0xef,0x02,0xe0,0xff,
  0xd0,0x10,0x00,0x00,0x00,0x00,0x89,0xff,0xff,0xef,0x45,0xff,0xff,0x46,0x00,0x00,
  0x00,0x00,0x00,0x07,0xe5,0xff,0xef,0x89,0xff,0xe7,0x00,0x00,0x00,0x00,0x00,0x00,
  0x00,0x9f,0xff,0xef,0xa2,0xff,0xbf,0x00,0x00,0x00,0x00,0x00,0x00,0x00,0x77,0xff,
  0xef,0xb1,0xff,0xb3,0x00,0x00,0x00,0x00,0x00,0x00,0x00,0x6b,0xff,0xef,0xa2,0xff,
  0xc2,0x00,0x00,0x00,0x00,0x00,0x00,0x00,0x79,0xff,0xef,0x89,0xff,0xeb,0x00,0x00,
  0x00,0x00,0x00,0x00,0x00,0xa2,0xff,0xef,0x47,0xff,0xff,0x50,0x00,0x00,0x00,0x00,
  0x00,0x0b,0xe9,0xff,0xef,0x04,0xe3,0xff,0xd6,0x13,0x00,0x00,0x00,0x00,0x90,0xff,
  0xff,0xef,0x00,0x5b,0xff,0xff,0xd6,0x64,0x36,0x49,0xa8,0xff,0xcf,0xff,0xef,0x00,
  0x00,0x7e,0xfe,0xff,0xff,0xff,0xff,0xff,0xb7,0x6f,0xff,0xef,0x00,0x00,0x00,0x45,
  0xb6,0xe7,0xf9,0xdf,0x88,0x09,0x6f,0xff,0xef,0x00,0x00,0x00,0x00,0x00,0x00,0x00,
  0x00,0x00,0x00,0x6f,0xff,0xef,0x00,0x00,0x00,0x00,0x00,0x00,0x00,0x00,0x00,0x00,
  0x6f,0xff,0xef,0x00,0x00,0x00,0x00,0x00,0x00,0x00,0x00,0x00,0x00,0x6f,0xff,0xef,
  0x00,0x00,0x00,0x00,0x00,0x00,0x00,0x00,0x00,0x00,0x6f,0xff,0xef,0x00,0x00,0x00,
  0x00,0x00,0x00,0x00,0x00,0x00,0x00,0x6f,0xff,0xef,0x00,0x00,0x00,0x00,0x00,0x00,
  0x00,0x00,0x00,0x00,0x6f,0xff,0xef,0xff,0xff,0x46,0x3b,0xba,0xf0,0xff,0x41,0xff,
  0xff,0x74,0xf6,0xff,0xff,0xff,0x42,0xff,0xff,0xf0,0xe9,0x6f,0x35,0x31,0x12,0xff,
  0xff,0xf0,0x23,0x00,0x00,0x00,0x00,0xff,0xff,0x8f,0x00,0x00,0x00,0x00,0x00,0xff,
  0xff,0x63,0x00,0x00,0x00,0x00,0x00,0xff,0xff,0x5b,0x00,0x00,0x00,0x00,0x00,0xff,
  0xff,0x5b,0x00,0x00,0x00,0x00,0x00,0xff,0xff,0x5b,0x00,0x00,0x00,0x00,0x00,0xff,
  0xff,0x5b,0x00,0x00,0x00,0x00,0x00,0xff,0xff,0x5b,0x00,0x00,0x00,0x00,0x00,0xff,
  0xff,0x5b,0x00,0x00,0x00,0x00,0x00,0xff,0xff,0x5b,0x00,0x00,0x00,0x00,0x00,0xff,
  0xff,0x5b,0x00,0x00,0x00,0x00,0x00,0xff,0xff,0x5b,0x00,0x00,0x00,0x00,0x00,0x00,
  0x00,0x12,0x88,0xd5,0xf4,0xf3,0xd6,0x8d,0x16,0x00,0x00,0x00,0x2b,0xe4,0xff,0xff,
  0xff,0xff,0xff,0xff,0xdd,0x1d,0x00,0x00,0xc8,0xff,0xed,0x6e,0x26,0x20,0x66,0xec,
  0xff,0xb6,0x00,0x23,0xff,0xff,0x5b,0x00,0x00,0x00,0x00,0x49,0xf2,0xbb,0x0c,0x31,
  0xff,0xff,0x3e,0x00,0x00,0x00,0x00,0x00,0x04,0x00,0x00,0x06,0xf0,0xff,0xcb,0x31,
  0x00,0x00,0x00,0x00,0x00,0x00,0x00,0x00,0x6d,0xfe,0xff,0xff,0xd5,0x9b,0x5e,0x14,
  0x00,0x00,0x00,0x00,0x00,0x52,0xcd,0xfe,0xff,0xff,0xff,0xf7,0xa0,0x12,0x00,0x00,
  0x00,0x00,0x00,0x28,0x6f,0xaa,0xeb,0xff,0xff,0xbf,0x00,0x00,0x00,0x00,0x00,0x00,
  0x00,0x00,0x06,0x96,0xff,0xff,0x45,0x00,0x2e,0x43,0x00,0x00,0x00,0x00,0x00,0x07,
  0xfc,0xff,0x6f,0x89,0xff,0xea,0x16,0x00,0x00,0x00,0x00,0x44,0xff,0xff,0x58,0x34,
  0xfc,0xff,0xd4,0x5e,0x2e,0x39,0x7b,0xed,0xff,0xe6,0x0b,0x00,0x77,0xfd,0xff,0xff,
  0xff,0xff,0xff,0xff,0xee,0x40,0x00,0x00,0x00,0x39,0xa8,0xdd,0xf6,0xf3,0xd6,0x8f,
  0x1b,0x00,0x00,0x00,0x00,0x5d,0x8e,0x65,0x00,0x00,0x00,0x00,0x00,0xa8,0xff,0xb6,
  0x00,0x00,0x00,0x00,0x00,0xa8,0xff,0xb6,0x00,0x00,0x00,0x00,0x00,0xa8,0xff,0xb6,
  0x00,0x00,0x00,0xc8,0xff,0xff,0xff,0xff,0xff,0xff,0xa4,0xc8,0xff,0xff,0xff,0xff,
  0xff,0xff,0xa4,0x0f,0x13,0xac,0xff,0xb9,0x13,0x13,0x0c,0x00,0x00,0xa8,0xff,0xb6,
  0x00,0x00,0x00,0x00,0x00,0xa8,0xff,0xb6,0x00,0x00,0x00,0x00,0x00,0xa8,0xff,0xb6,
  0x00,0x00,0x00,0x00,0x00,0xa8,0xff,0xb6,0x00,0x00,0x00,0x00,0x00,0xa8,0xff,0xb6,
  0x00,0x00,0x00,0x00,0x00,0xa8,0xff,0xb6,0x00,0x00,0x00,0x00,0x00,0xa8,0xff,0xb6,
  0x00,0x00,0x00,0x00,0x00,0xa8,0xff,0xb6,0x00,0x00,0x00,0x00,0x00,0xa2,0xff,0xc5,
  0x00,0x00,0x00,0x00,0x00,0x7a,0xff,0xfb,0x65,0x34,0x2d,0x00,0x00,0x17,0xe8,0xff,
  0xff,0xff,0xbc,0x00,0x00,0x00,0x2d,0xb5,0xf0,0xfb,0xcf,0xff,0xff,0x5b,0x00,0x00,
  0x00,0x00,0x00,0x00,0xef,0xff,0x6f,0xff,0xff,0x5b,0x00,0x00,0x00,0x00,0x00,0x00,
  0xef,0xff,0x6f,0xff,0xff,0x5b,0x00,0x00,0x00,0x00,0x00,0x00,0xef,0xff,0x6f,0xff,
  0xff,0x5b,0x00,0x00,0x00,0x00,0x00,0x00,0xef,0xff,0x6f,0xff,0xff,0x5b,0x00,0x00,
  0x00,0x00,0x00,0x00,0xef,0xff,0x6f,0xff,0xff,0x5b,0x00,0x00,0x00,0x00,0x00,0x00,
  0xef,0xff,0x6f,0xff,0xff,0x5b,0x00,0x00,0x00,0x00,0x00,0x00,0xef,0xff,0x6f,0xff,
  0xff,0x5b,0x00,0x00,0x00,0x00,0x00,0x00,0xef,0xff,0x6f,0xff,0xff,0x5b,0x00,0x00,
  0x00,0x00,0x00,0x00,0xef,0xff,0x6f,0xfd,0xff,0x66,0x00,0x00,0x00,0x00,0x00,0x02,
  0xf9,0xff,0x6f,0xf0,0xff,0x8c,0x00,0x00,0x00,0x00,0x00,0x3e,0xff,0xff,0x6f,0xc7,
  0xff,0xe9,0x13,0x00,0x00,0x00,0x06,0xbf,0xff,0xff,0x6f,0x72,0xff,0xff,0xda,0x63,
  0x39,0x59,0xc7,0xe2,0xe4,0xff,0x6f,0x04,0xbf,0xff,0xff,0xff,0xff,0xff,0xf7,0x51,
  0xdd,0xff,0x6f,0x00,0x07,0x83,0xda,0xf9,0xed,0xb8,0x40,0x00,0xdd,0xff,0x6f,0x2f,
  0xff,0xff,0x69,0x00,0x00,0x00,0x00,0x00,0x00,0x00,0xc8,0xff,0xc6,0x00,0xcd,0xff,
  0xbb,0x00,0x00,0x00,0x00,0x00,0x00,0x22,0xfd,0xff,0x6f,0x00,0x78,0xff,0xf9,0x17,
  0x00,0x00,0x00,0x00,0x00,0x7c,0xff,0xf7,0x14,0x00,0x1b,0xfa,0xff,0x6e,0x00,0x00,
  0x00,0x00,0x00,0xcc,0xff,0xb2,0x00,0x00,0x00,0xba,0xff,0xbf,0x00,0x00,0x00,0x00,
  0x26,0xfe,0xff,0x5a,0x00,0x00,0x00,0x62,0xff,0xfb,0x1b,0x00,0x00,0x00,0x80,0xff,
  0xed,0x07,0x00,0x00,0x00,0x0c,0xf1,0xff,0x72,0x00,0x00,0x00,0xcf,0xff,0x9f,0x00,
  0x00,0x00,0x00,0x00,0xa6,0xff,0xc2,0x00,0x00,0x2b,0xfe,0xff,0x43,0x00,0x00,0x00,
  0x00,0x00,0x4d,0xff,0xfc,0x1d,0x00,0x84,0xff,0xde,0x00,0x00,0x00,0x00,0x00,0x00,
  0x02,0xe4,0xff,0x71,0x00,0xcf,0xff,0x8a,0x00,0x00,0x00,0x00,0x00,0x00,0x00,0x93,
  0xff,0xb9,0x20,0xfd,0xfe,0x2d,0x00,0x00,0x00,0x00,0x00,0x00,0x00,0x35,0xff,0xf4,
  0x6f,0xff,0xcb,0x00,0x00,0x00,0x00,0x00,0x00,0x00,0x00,0x00,0xd3,0xff,0xdd,0xff,
  0x76,0x00,0x00,0x00,0x00,0x00,0x00,0x00,0x00,0x00,0x7e,0xff,0xff,0xfa,0x1a,0x00,
  0x00,0x00,0x00,0x00,0x00,0x00,0x00,0x00,0x20,0xfc,0xff,0xb8,0x00,0x00,0x00,0x00,
  0x00,0x09,0xf4,0xff,0x80,0x00,0x00,0x00,0x00,0x00,0xb8,0xff,0xfa,0x10,0x00,0x00,
  0x00,0x00,0x37,0xff,0xff,0x4d,0x00,0xb8,0xff,0xbf,0x00,0x00,0x00,0x00,0x04,0xf0,
  0xff,0xff,0x54,0x00,0x00,0x00,0x00,0x7d,0xff,0xf2,0x07,0x00,0x74,0xff,0xf5,0x09,
  0x00,0x00,0x00,0x41,0xff,0xfc,0xff,0x95,0x00,0x00,0x00,0x00,0xbc,0xff,0xb6,0x00,
  0x00,0x27,0xff,0xff,0x4c,0x00,0x00,0x00,0x84,0xff,0xb3,0xff,0xcf,0x00,0x00,0x00,
  0x07,0xf3,0xff,0x71,0x00,0x00,0x00,0xd8,0xff,0x8f,0x00,0x00,0x00,0xc1,0xff,0x4d,
  0xf4,0xfc,0x14,0x00,0x00,0x48,0xff,0xfe,0x23,0x00,0x00,0x00,0x96,0xff,0xcc,0x00,
  0x00,0x09,0xf6,0xf8,0x0c,0xc3,0xff,0x5a,0x00,0x00,0x8b,0xff,0xd5,0x00,0x00,0x00,
  0x00,0x4f,0xff,0xfc,0x14,0x00,0x4b,0xff,0xc7,0x00,0x88,0xff,0x99,0x00,0x00,0xc8,
  0xff,0x93,0x00,0x00,0x00,0x00,0x07,0xf3,0xff,0x58,0x00,0x8b,0xff,0x8b,0x00,0x45,
  0xff,0xd0,0x00,0x0d,0xf9,0xff,0x49,0x00,0x00,0x00,0x00,0x00,0xb7,0xff,0x95,0x00,
  0xc6,0xff,0x49,0x00,0x06,0xf2,0xfb,0x10,0x51,0xff,0xf0,0x06,0x00,0x00,0x00,0x00,
  0x00,0x73,0xff,0xce,0x07,0xf6,0xf3,0x07,0x00,0x00,0xb8,0xff,0x4f,0x8e,0xff,0xb3,
  0x00,0x00,0x00,0x00,0x00,0x00,0x25,0xff,0xfa,0x46,0xff,0xba,0x00,0x00,0x00,0x78,
  0xff,0x87,0xc4,0xff,0x6d,0x00,0x00,0x00,0x00,0x00,0x00,0x00,0xd7,0xff,0xaa,0xff,
  0x79,0x00,0x00,0x00,0x2f,0xff,0xba,0xf3,0xfe,0x21,0x00,0x00,0x00,0x00,0x00,0x00,
  0x00,0x95,0xff,0xf8,0xff,0x31,0x00,0x00,0x00,0x00,0xe2,0xf9,0xff,0xd2,0x00,0x00,
  0x00,0x00,0x00,0x00,0x00,0x00,0x4d,0xff,0xff,0xe4,0x00,0x00,0x00,0x00,0x00,0xa4,
  0xff,0xff,0x90,0x00,0x00,0x00,0x00,0x00,0x00,0x00,0x00,0x07,0xf2,0xff,0xa6,0x00,
  0x00,0x00,0x00,0x00,0x62,0xff,0xff,0x46,0x00,0x00,0x00,0x00,0x00,0x9b,0xff,0xf6,
  0x2b,0x00,0x00,0x00,0x00,0x02,0xce,0xff,0xd5,0x06,0x00,0x10,0xe3,0xff,0xbb,0x00,
  0x00,0x00,0x00,0x77,0xff,0xfc,0x40,0x00,0x00,0x00,0x55,0xff,0xff,0x5b,0x00,0x00,
  0x21,0xf1,0xff,0x98,0x00,0x00,0x00,0x00,0x00,0xac,0xff,0xe0,0x0b,0x00,0xa8,0xff,
  0xe2,0x10,0x00,0x00,0x00,0x00,0x00,0x1b,0xec,0xff,0x82,0x37,0xfc,0xff,0x53,0x00,
  0x00,0x00,0x00,0x00,0x00,0x00,0x67,0xff,0xf0,0xbe,0xff,0xac,0x00,0x00,0x00,0x00,
  0x00,0x00,0x00,0x00,0x00,0xbd,0xff,0xff,0xed,0x1c,0x00,0x00,0x00,0x00,0x00,0x00,
  0x00,0x00,0x00,0x6f,0xff,0xff,0x9a,0x00,0x00,0x00,0x00,0x00,0x00,0x00,0x00,0x00,
  0x18,0xea,0xff,0xfd,0xf6,0x2e,0x00,0x00,0x00,0x00,0x00,0x00,0x00,0x00,0xa9,0xff,
  0xc7,0xa2,0xff,0xc7,0x02,0x00,0x00,0x00,0x00,0x00,0x00,0x52,0xff,0xfe,0x45,0x21,
  0xf2,0xff,0x77,0x00,0x00,0x00,0x00,0x00,0x10,0xe2,0xff,0xaf,0x00,0x00,0x7d,0xff,
  0xf4,0x29,0x00,0x00,0x00,0x00,0x9b,0xff,0xf1,0x21,0x00,0x00,0x06,0xd6,0xff,0xc2,
  0x00,0x00,0x00,0x44,0xfd,0xff,0x76,0x00,0x00,0x00,0x00,0x45,0xfd,0xff,0x71,0x00,
  0x09,0xd9,0xff,0xce,0x02,0x00,0x00,0x00,0x00,0x00,0xa3,0xff,0xf2,0x26,0x2f,0xff,
  0xff,0x69,0x00,0x00,0x00,0x00,0x00,0x00,0x00,0xc5,0xff,0xc6,0x00,0xcf,0xff,0xba,
  0x00,0x00,0x00,0x00,0x00,0x00,0x1f,0xfc,0xff,0x71,0x00,0x7c,0xff,0xf9,0x14,0x00,
  0x00,0x00,0x00,0x00,0x78,0xff,0xf9,0x17,0x00,0x20,0xfc,0xff,0x6a,0x00,0x00,0x00,
  0x00,0x00,0xc7,0xff,0xb6,0x00,0x00,0x00,0xc0,0xff,0xbb,0x00,0x00,0x00,0x00,0x22,
  0xfd,0xff,0x5f,0x00,0x00,0x00,0x6c,0xff,0xf9,0x16,0x00,0x00,0x00,0x7b,0xff,0xf0,
  0x0b,0x00,0x00,0x00,0x13,0xf6,0xff,0x6b,0x00,0x00,0x00,0xcb,0xff,0xa6,0x00,0x00,
  0x00,0x00,0x00,0xb2,0xff,0xbc,0x00,0x00,0x26,0xfe,0xff,0x4e,0x00,0x00,0x00,0x00,
  0x00,0x5b,0xff,0xf9,0x16,0x00,0x7f,0xff,0xe6,0x02,0x00,0x00,0x00,0x00,0x00,0x09,
  0xef,0xff,0x67,0x00,0xc9,0xff,0x95,0x00,0x00,0x00,0x00,0x00,0x00,0x00,0xa2,0xff,
  0xb1,0x1b,0xfc,0xff,0x3a,0x00,0x00,0x00,0x00,0x00,0x00,0x00,0x4b,0xff,0xef,0x67,
  0xff,0xd7,0x00,0x00,0x00,0x00,0x00,0x00,0x00,0x00,0x02,0xe4,0xff,0xcf,0xff,0x84,
  0x00,0x00,0x00,0x00,0x00,0x00,0x00,0x00,0x00,0x94,0xff,0xff,0xfe,0x28,0x00,0x00,
  0x00,0x00,0x00,0x00,0x00,0x00,0x00,0x38,0xff,0xff,0xc8,0x00,0x00,0x00,0x00,0x00,
  0x00,0x00,0x00,0x00,0x00,0x0b,0xf7,0xff,0x73,0x00,0x00,0x00,0x00,0x00,0x00,0x00,
  0x00,0x00,0x00,0x58,0xff,0xf9,0x18,0x00,0x00,0x00,0x00,0x00,0x00,0x00,0x00,0x00,
  0x00,0xba,0xff,0xb5,0x00,0x00,0x00,0x00,0x00,0x00,0x00,0x00,0x4c,0x50,0x96,0xff,
  0xff,0x42,0x00,0x00,0x00,0x00,0x00,0x00,0x00,0x00,0xe7,0xff,0xff,0xff,0x9a,0x00,
  0x00,0x00,0x00,0x00,0x00,0x00,0x00,0x22,0xea,0xf8,0xdb,0x7b,0x04,0x00,0x00,0x00,
  0x00,0x00,0x00,0x00,0x30,0xff,0xff,0xff,0xff,0xff,0xff,0xff,0xff,0xff,0xff,0x8e,
  0x30,0xff,0xff,0xff,0xff,0xff,0xff,0xff,0xff,0xff,0xff,0x8d,0x10,0x5b,0x5b,0x5b,
  0x5b,0x5b,0x5b,0x5b,0xd0,0xff,0xf3,0x2d,0x00,0x00,0x00,0x00,0x00,0x00,0x00,0x60,
  0xff,0xff,0x6b,0x00,0x00,0x00,0x00,0x00,0x00,0x00,0x28,0xf0,0xff,0xb0,0x00,0x00,
  0x00,0x00,0x00,0x00,0x00,0x06,0xca,0xff,0xe4,0x17,0x00,0x00,0x00,0x00,0x00,0x00,
  0x00,0x8f,0xff,0xfc,0x49,0x00,0x00,0x00,0x00,0x00,0x00,0x00,0x4e,0xfd,0xff,0x8f,
  0x00,0x00,0x00,0x00,0x00,0x00,0x00,0x1c,0xe7,0xff,0xce,0x07,0x00,0x00,0x00,0x00,
  0x00,0x00,0x00,0xbb,0xff,0xf4,0x2e,0x00,0x00,0x00,0x00,0x00,0x00,0x00,0x7b,0xff,
  0xff,0x6c,0x00,0x00,0x00,0x00,0x00,0x00,0x00,0x3d,0xf9,0xff,0xb1,0x00,0x00,0x00,
  0x00,0x00,0x00,0x00,0x10,0xdd,0xff,0xf8,0x66,0x57,0x57,0x57,0x57,0x57,0x57,0x45,
  0x72,0xff,0xff,0xff,0xff,0xff,0xff,0xff,0xff,0xff,0xff,0xcc,0x77,0xff,0xff,0xff,
  0xff,0xff,0xff,0xff,0xff,0xff,0xff,0xcc,0x00,0x00,0x00,0x00,0x00,0x61,0xc6,0xf0,
  0x8f,0x00,0x00,0x00,0x00,0x7b,0xff,0xff,0xff,0x92,0x00,0x00,0x00,0x0c,0xf0,0xff,
  0xb9,0x35,0x09,0x00,0x00,0x00,0x4b,0xff,0xf5,0x14,0x00,0x00,0x00,0x00,0x00,0x6b,
  0xff,0xd0,0x00,0x00,0x00,0x00,0x00,0x00,0x76,0xff,0xbf,0x00,0x00,0x00,0x00,0x00,
  0x00,0x77,0xff,0xbe,0x00,0x00,0x00,0x00,0x00,0x00,0x77,0xff,0xbe,0x00,0x00,0x00,
  0x00,0x00,0x00,0x79,0xff,0xbe,0x00,0x00,0x00,0x00,0x00,0x00,0x8e,0xff,0xb6,0x00,
  0x00,0x00,0x00,0x00,0x06,0xd4,0xff,0x94,0x00,0x00,0x00,0x20,0x97,0xd3,0xff,0xf1,
  0x2e,0x00,0x00,0x00,0x39,0xff,0xff,0x99,0x25,0x00,0x00,0x00,0x00,0x39,0xff,0xff,
  0xf7,0x9c,0x04,0x00,0x00,0x00,0x00,0x12,0x5e,0xf5,0xff,0x6e,0x00,0x00,0x00,0x00,
  0x00,0x00,0xa4,0xff,0xae,0x00,0x00,0x00,0x00,0x00,0x00,0x80,0xff,0xbd,0x00,0x00,
  0x00,0x00,0x00,0x00,0x77,0xff,0xbe,0x00,0x00,0x00,0x00,0x00,0x00,0x77,0xff,0xbe,
  0x00,0x00,0x00,0x00,0x00,0x00,0x76,0xff,0xbe,0x00,0x00,0x00,0x00,0x00,0x00,0x6e,
  0xff,0xcd,0x00,0x00,0x00,0x00,0x00,0x00,0x51,0xff,0xf1,0x0f,0x00,0x00,0x00,0x00,
  0x00,0x13,0xf6,0xff,0xaf,0x2d,0x04,0x00,0x00,0x00,0x00,0x88,0xff,0xff,0xff,0x91,
  0x00,0x00,0x00,0x00,0x00,0x6a,0xc9,0xf1,0x90,0x65,0x8e,0x35,0xb6,0xff,0x5f,0xb6,
  0xff,0x5f,0xb6,0xff,0x5f,0xb6,0xff,0x5f,0xb6,0xff,0x5f,0xb6,0xff,0x5f,0xb6,0xff,
  0x5f,0xb6,0xff,0x5f,0xb6,0xff,0x5f,0xb6,0xff,0x5f,0xb6,0xff,0x5f,0xb6,0xff,0x5f,
  0xb6,0xff,0x5f,0xb6,0xff,0x5f,0xb6,0xff,0x5f,0xb6,0xff,0x5f,0xb6,0xff,0x5f,0xb6,
  0xff,0x5f,0xb6,0xff,0x5f,0xb6,0xff,0x5f,0xb6,0xff,0x5f,0xb6,0xff,0x5f,0xb6,0xff,
  0x5f,0xb6,0xff,0x5f,0xb6,0xff,0x5f,0xb6,0xff,0x5f,0xb6,0xff,0x5f,0xb6,0xff,0x5f,
  0xb6,0xff,0x5f,0xb6,0xff,0x5f,0xb6,0xff,0x5f,0xb6,0xff,0x5f,0x7d,0xf1,0xca,0x6d,
  0x00,0x00,0x00,0x00,0x00,0x7f,0xff,0xff,0xff,0x8c,0x00,0x00,0x00,0x00,0x02,0x26,
  0xa2,0xff,0xf8,0x17,0x00,0x00,0x00,0x00,0x00,0x09,0xeb,0xff,0x5a,0x00,0x00,0x00,
  0x00,0x00,0x00,0xbf,0xff,0x7a,0x00,0x00,0x00,0x00,0x00,0x00,0xac,0xff,0x84,0x00,
  0x00,0x00,0x00,0x00,0x00,0xac,0xff,0x86,0x00,0x00,0x00,0x00,0x00,0x00,0xac,0xff,
  0x86,0x00,0x00,0x00,0x00,0x00,0x00,0xac,0xff,0x88,0x00,0x00,0x00,0x00,0x00,0x00,
  0xa5,0xff,0x9d,0x00,0x00,0x00,0x00,0x00,0x00,0x84,0xff,0xdf,0x07,0x00,0x00,0x00,
  0x00,0x00,0x25,0xf0,0xff,0xd4,0x89,0x23,0x00,0x00,0x00,0x00,0x28,0x99,0xff,0xff,
  0x4f,0x00,0x00,0x00,0x00,0x83,0xed,0xff,0xff,0x4f,0x00,0x00,0x00,0x56,0xff,0xfd,
  0x7c,0x23,0x02,0x00,0x00,0x00,0x9b,0xff,0xba,0x00,0x00,0x00,0x00,0x00,0x00,0xab,
  0xff,0x91,0x00,0x00,0x00,0x00,0x00,0x00,0xac,0xff,0x86,0x00,0x00,0x00,0x00,0x00,
  0x00,0xac,0xff,0x86,0x00,0x00,0x00,0x00,0x00,0x00,0xac,0xff,0x85,0x00,0x00,0x00,
  0x00,0x00,0x00,0xbc,0xff,0x7d,0x00,0x00,0x00,0x00,0x00,0x06,0xe5,0xff,0x62,0x00,
  0x00,0x00,0x00,0x1f,0x98,0xff,0xfc,0x21,0x00,0x00,0x00,0x7e,0xff,0xff,0xff,0x9a,
  0x00,0x00,0x00,0x00,0x7d,0xf3,0xce,0x76,0x02,0x00,0x00,0x00,0x00,0x00,0x3f,0xc4,
  0xf6,0xeb,0x9e,0x1a,0x00,0x00,0x00,0x09,0x86,0x86,0x09,0x31,0xf6,0xff,0xff,0xff,
  0xff,0xe3,0x39,0x00,0x00,0x37,0xff,0xfc,0x02,0xa2,0xff,0xde,0x53,0x69,0xe4,0xff,
  0xf4,0x79,0x46,0xc4,0xff,0xce,0x00,0xd1,0xff,0x69,0x00,0x00,0x1f,0xcb,0xff,0xff,
  0xff,0xff,0xff,0x59,0x00,0x77,0x8a,0x29,0x00,0x00,0x00,0x09,0x88,0xe4,0xf9,0xd5,
  0x5e,0x00,0x00,
};

static const GdiGlyph inter_regular_2_glyphs[95] = {
  {      0,   0,   0,    0,    0,   468 }, /* ' ' */
  {      0,   4,  20,    2,   20,   479 }, /* '!' */
  {     80,   8,   8,    2,   20,   775 }, /* '"' */
  {    144,  17,  20,    0,   20,  1054 }, /* '#' */
  {    484,  15,  26,    1,   23,  1068 }, /* '$' */
  {    874,  21,  20,    2,   20,  1634 }, /* '%' */
  {   1294,  16,  20,    1,   20,  1072 }, /* '&' */
  {   1614,   4,   8,    2,   20,   499 }, /* ''' */
  {   1646,   7,  25,    2,   21,   607 }, /* '(' */
  {   1821,   6,  25,    1,   21,   607 }, /* ')' */
  {   1971,  11,  12,    1,   20,   834 }, /* '*' */
  {   2103,  13,  13,    2,   14,  1101 }, /* '+' */
  {   2272,   5,   8,    1,    3,   479 }, /* ',' */
  {   2312,  10,   3,    1,   10,   765 }, /* '-' */
  {   2342,   4,   4,    2,    4,   479 }, /* '.' */
  {   2358,   9,  24,    0,   21,   600 }, /* '/' */
  {   2574,  14,  20,    1,   20,  1050 }, /* '0' */
  {   2854,   8,  20,    1,   20,   677 }, /* '1' */
  {   3014,  13,  20,    1,   20,  1015 }, /* '2' */
  {   3274,  14,  20,    1,   20,  1028 }, /* '3' */
  {   3554,  15,  20,    1,   20,  1075 }, /* '4' */
  {   3854,  13,  20,    1,   20,   987 }, /* '5' */
  {   4114,  14,  20,    1,   20,  1032 }, /* '6' */
  {   4394,  13,  20,    1,   20,   942 }, /* '7' */
  {   4654,  14,  20,    1,   20,  1029 }, /* '8' */
  {   4934,  14,  20,    1,   20,  1032 }, /* '9' */
  {   5214,   4,  15,    2,   15,   479 }, /* ':' */
  {   5274,   5,  19,    1,   14,   502 }, /* ';' */
  {   5369,  13,  15,    2,   15,  1101 }, /* '<' */
  {   5564,  13,   8,    2,   12,  1101 }, /* '=' */
  {   5668,  12,  15,    3,   15,  1101 }, /* '>' */
  {   5848,  11,  20,    1,   20,   851 }, /* '?' */
  {   6068,  23,  24,    1,   18,  1607 }, /* '@' */
  {   6620,  18,  20,    0,   20,  1148 }, /* 'A' */
  {   6980,  14,  20,    2,   20,  1089 }, /* 'B' */
  {   7260,  17,  20,    1,   20,  1216 }, /* 'C' */
  {   7600,  16,  20,    2,   20,  1201 }, /* 'D' */
  {   7920,  12,  20,    2,   20,  1000 }, /* 'E' */
  {   8160,  12,  20,    2,   20,   982 }, /* 'F' */
  {   8400,  17,  20,    1,   20,  1242 }, /* 'G' */
  {   8740,  16,  20,    2,   20,  1237 }, /* 'H' */
  {   9060,   3,  20,    2,   20,   447 }, /* 'I' */
  {   9120,  12,  20,    1,   20,   950 }, /* 'J' */
  {   9360,  15,  20,    2,   20,  1118 }, /* 'K' */
  {   9660,  12,  20,    2,   20,   941 }, /* 'L' */
  {   9900,  20,  20,    2,   20,  1503 }, /* 'M' */
  {  10300,  16,  20,    2,   20,  1254 }, /* 'N' */
  {  10620,  18,  20,    1,   20,  1272 }, /* 'O' */
  {  10980,  14,  20,    2,   20,  1063 }, /* 'P' */
  {  11260,  18,  22,    1,   20,  1272 }, /* 'Q' */
  {  11656,  14,  20,    2,   20,  1071 }, /* 'R' */
  {  11936,  15,  20,    1,   20,  1068 }, /* 'S' */
  {  12236,  15,  20,    1,   20,  1074 }, /* 'T' */
  {  12536,  16,  20,    2,   20,  1238 }, /* 'U' */
  {  12856,  18,  20,    0,   20,  1148 }, /* 'V' */
  {  13216,  25,  20,    0,   20,  1640 }, /* 'W' */
  {  13716,  18,  20,    0,   20,  1135 }, /* 'X' */
  {  14076,  17,  20,    0,   20,  1129 }, /* 'Y' */
  {  14416,  14,  20,    1,   20,  1047 }, /* 'Z' */
  {  14696,   6,  25,    2,   21,   607 }, /* '[' */
  {  14846,   9,  24,    0,   21,   600 }, /* '/' */
  {  15062,   6,  25,    1,   21,   607 }, /* ']' */
  {  15212,  11,   9,    1,   20,   784 }, /* '^' */
  {  15311,  12,   3,    0,    1,   759 }, /* '_' */
  {  15347,   6,   4,    1,   21,   537 }, /* '`' */
  {  15371,  12,  15,    1,   15,   934 }, /* 'a' */
  {  15551,  13,  20,    2,   20,  1019 }, /* 'b' */
  {  15811,  13,  15,    1,   15,   951 }, /* 'c' */
  {  16006,  13,  20,    1,   20,  1019 }, /* 'd' */
  {  16266,  13,  15,    1,   15,   970 }, /* 'e' */
  {  16461,  10,  21,    0,   21,   616 }, /* 'f' */
  {  16671,  13,  21,    1,   15,  1021 }, /* 'g' */
  {  16944,  12,  20,    2,   20,   984 }, /* 'h' */
  {  17184,   4,  21,    1,   21,   403 }, /* 'i' */
  {  17268,   6,  27,   -1,   21,   403 }, /* 'j' */
  {  17430,  12,  20,    2,   20,   913 }, /* 'k' */
  {  17670,   3,  20,    2,   20,   403 }, /* 'l' */
  {  17730,  19,  15,    2,   15,  1458 }, /* 'm' */
  {  18015,  12,  15,    2,   15,   983 }, /* 'n' */
  {  18195,  14,  15,    1,   15,   998 }, /* 'o' */
  {  18405,  13,  21,    2,   15,  1019 }, /* 'p' */
  {  18678,  13,  21,    1,   15,  1019 }, /* 'q' */
  {  18951,   8,  15,    2,   15,   626 }, /* 'r' */
  {  19071,  12,  15,    1,   15,   878 }, /* 's' */
  {  19251,   8,  19,    0,   19,   544 }, /* 't' */
  {  19403,  12,  15,    2,   15,   984 }, /* 'u' */
  {  19583,  14,  15,    0,   15,   935 }, /* 'v' */
  {  19793,  21,  15,    0,   15,  1362 }, /* 'w' */
  {  20108,  14,  15,    0,   15,   908 }, /* 'x' */
  {  20318,  14,  21,    0,   15,   935 }, /* 'y' */
  {  20612,  12,  15,    1,   15,   919 }, /* 'z' */
  {  20792,   9,  25,    1,   21,   709 }, /* '{' */
  {  21017,   3,  33,    3,   27,   553 }, /* '|' */
  {  21116,   9,  25,    1,   21,   709 }, /* '}' */
  {  21341,  14,   5,    2,   10,  1101 }, /* '~' */
};

static const UINT8 inter_semibold_1_bits[5870] = {
  0xd5,0xf9,0x00,0xd1,0xf5,0x00,0xcd,0xf0,0x00,0xc9,0xec,0x00,0xc5,0xe8,0x00,0xc1,
  0xe4,0x00,0x40,0x4d,0x00,0xb8,0xd6,0x0d,0xc4,0xe2,0x10,0xb9,0xec,0x2b,0xff,0x87,
  0xae,0xe3,0x1c,0xff,0x7d,0xa3,0xd8,0x0c,0xff,0x71,0x76,0x9f,0x00,0xc2,0x4f,0x00,
  0x00,0x82,0xdb,0x00,0x2b,0xff,0x36,0x00,0x00,0x00,0xb1,0xac,0x00,0x61,0xf5,0x04,
  0x00,0x34,0xff,0xff,0xff,0xff,0xff,0xff,0xff,0x25,0x18,0x55,0xfe,0x80,0x4f,0xcf,
  0xb7,0x4e,0x00,0x09,0x44,0xff,0x29,0x0d,0xe3,0x7e,0x09,0x00,0xbf,0xff,0xff,0xff,
  0xff,0xff,0xff,0x9c,0x00,0x3a,0xb2,0xcf,0x46,0x75,0xff,0x51,0x23,0x00,0x00,0xb9,
  0xa5,0x00,0x6b,0xee,0x00,0x00,0x00,0x00,0xd8,0x84,0x00,0x8f,0xce,0x00,0x00,0x00,
  0x00,0x00,0x00,0x1f,0x8b,0x00,0x00,0x00,0x00,0x00,0x00,0x27,0xaf,0x00,0x00,0x00,
  0x00,0x27,0xb3,0xf6,0xfe,0xe6,0x88,0x02,0x04,0xda,0xf5,0x95,0xcf,0xbb,0xff,0x7a,
  0x23,0xff,0xae,0x27,0xaf,0x04,0x8b,0x65,0x02,0xe0,0xfa,0xac,0xbd,0x0b,0x00,0x00,
  0x00,0x28,0xac,0xf3,0xff,0xf0,0x95,0x09,0x00,0x00,0x00,0x29,0xc8,0xa3,0xff,0xa6,
  0x45,0xba,0x50,0x27,0xaf,0x00,0xeb,0xd6,0x21,0xf2,0xe8,0x95,0xcd,0xad,0xff,0x9b,
  0x00,0x46,0xc8,0xf4,0xfd,0xe7,0x9b,0x0d,0x00,0x00,0x00,0x27,0xaf,0x00,0x00,0x00,
  0x38,0xd6,0xf0,0x9b,0x00,0x00,0x00,0x4e,0xea,0x20,0x00,0xb1,0xac,0x2d,0xfd,0x37,
  0x00,0x1b,0xe5,0x56,0x00,0x00,0xb5,0xa2,0x18,0xfc,0x3b,0x00,0xb7,0x9a,0x00,0x00,
  0x00,0x45,0xea,0xf6,0xb0,0x02,0x76,0xd5,0x0b,0x00,0x00,0x00,0x00,0x00,0x0f,0x00,
  0x36,0xed,0x34,0x6a,0xe0,0xc9,0x21,0x00,0x00,0x00,0x0c,0xd7,0x71,0x13,0xfb,0x5b,
  0xb4,0xa6,0x00,0x00,0x00,0x9f,0xb4,0x00,0x3f,0xff,0x04,0x7d,0xcc,0x00,0x00,0x5a,
  0xe4,0x18,0x00,0x1a,0xfe,0x49,0xac,0xac,0x00,0x22,0xea,0x49,0x00,0x00,0x00,0x81,
  0xf5,0xdd,0x2c,0x00,0x10,0xac,0xf6,0xec,0x78,0x00,0x00,0x00,0x00,0x90,0xfc,0x7c,
  0xb0,0xff,0x34,0x00,0x00,0x00,0x98,0xee,0x02,0x61,0xfd,0x2b,0x00,0x00,0x00,0x2b,
  0xf1,0xae,0xeb,0x69,0x00,0x00,0x00,0x00,0x5d,0xf2,0xff,0xb8,0x00,0x49,0x7b,0x00,
  0x36,0xfa,0xaf,0x64,0xfd,0x95,0xb1,0xe0,0x00,0x73,0xff,0x52,0x00,0x78,0xff,0xfc,
  0x95,0x00,0x3b,0xfd,0xcf,0x69,0x8b,0xf8,0xff,0x68,0x00,0x00,0x62,0xd9,0xf9,0xe5,
  0x94,0xb7,0xf3,0x36,0xb9,0xec,0xae,0xe3,0xa3,0xd8,0x76,0x9f,0x00,0x34,0x8e,0x2d,
  0x00,0xb4,0xef,0x0c,0x22,0xfd,0x9f,0x00,0x6c,0xff,0x5c,0x00,0xa6,0xff,0x1a,0x00,
  0xc0,0xf5,0x00,0x00,0xd1,0xe5,0x00,0x00,0xc7,0xf5,0x00,0x00,0xa2,0xff,0x26,0x00,
  0x63,0xff,0x70,0x00,0x0c,0xf0,0xc4,0x00,0x00,0x84,0xfe,0x34,0x43,0x8e,0x1f,0x00,
  0x2c,0xfe,0x99,0x00,0x00,0xc7,0xee,0x04,0x00,0x86,0xff,0x42,0x00,0x47,0xff,0x81,
  0x00,0x25,0xff,0x9d,0x00,0x0b,0xff,0xb0,0x00,0x22,0xff,0xa4,0x00,0x50,0xff,0x7e,
  0x00,0x97,0xff,0x39,0x06,0xe6,0xd2,0x00,0x5e,0xff,0x5b,0x00,0x00,0x0f,0x09,0xff,
  0x0d,0x0f,0x00,0x02,0xd9,0x94,0xf9,0x92,0xdc,0x04,0x00,0x26,0xd7,0xff,0xdc,0x28,
  0x00,0x02,0xd1,0xbf,0xfa,0xbe,0xd4,0x04,0x00,0x33,0x06,0xff,0x0b,0x33,0x00,0x00,
  0x00,0x04,0x3e,0x04,0x00,0x00,0x00,0x00,0x67,0xff,0x22,0x00,0x00,0x00,0x00,0x67,
  0xff,0x22,0x00,0x00,0x14,0x18,0x71,0xff,0x33,0x18,0x0f,0xd6,0xff,0xff,0xff,0xff,
  0xff,0x9d,0x42,0x4f,0x90,0xff,0x61,0x4f,0x30,0x00,0x00,0x67,0xff,0x22,0x00,0x00,
  0x00,0x00,0x1c,0x46,0x09,0x00,0x00,0x00,0x94,0xb9,0x00,0x00,0xdd,0xb8,0x00,0x07,
  0xfb,0x71,0x00,0x31,0xfe,0x21,0x00,0x04,0x1d,0x1d,0x1d,0x1d,0x04,0x27,0xff,0xff,
  0xff,0xff,0x30,0x0c,0x4f,0x4f,0x4f,0x4f,0x0f,0xbc,0xd6,0x09,0xc2,0xdd,0x09,0x00,
  0x00,0x00,0xe4,0x9d,0x00,0x00,0x33,0xff,0x58,0x00,0x00,0x7c,0xf9,0x10,0x00,0x00,
  0xbe,0xc4,0x00,0x00,0x0b,0xf6,0x83,0x00,0x00,0x51,0xff,0x3a,0x00,0x00,0x96,0xea,
  0x00,0x00,0x00,0xd6,0xab,0x00,0x00,0x22,0xfe,0x67,0x00,0x00,0x6d,0xfd,0x1d,0x00,
  0x00,0xb0,0xd2,0x00,0x00,0x00,0x00,0x07,0x95,0xea,0xf9,0xd2,0x4f,0x00,0x00,0x97,
  0xff,0xb3,0x81,0xe1,0xf9,0x2d,0x18,0xf7,0xc9,0x00,0x00,0x39,0xff,0xa4,0x46,0xff,
  0x84,0x00,0x00,0x00,0xe5,0xd2,0x5f,0xff,0x71,0x00,0x00,0x00,0xd5,0xe7,0x46,0xff,
  0x84,0x00,0x00,0x00,0xe5,0xd2,0x18,0xf7,0xc7,0x00,0x00,0x39,0xff,0xa6,0x00,0x99,
  0xff,0xb4,0x84,0xe2,0xfb,0x31,0x00,0x0b,0x98,0xeb,0xfa,0xd4,0x53,0x00,0x00,0x46,
  0xdd,0xff,0x99,0x5a,0xfc,0xc5,0xff,0x99,0x63,0x64,0x2c,0xff,0x99,0x00,0x00,0x2c,
  0xff,0x99,0x00,0x00,0x2c,0xff,0x99,0x00,0x00,0x2c,0xff,0x99,0x00,0x00,0x2c,0xff,
  0x99,0x00,0x00,0x2c,0xff,0x99,0x00,0x00,0x2c,0xff,0x99,0x00,0x2c,0xba,0xf4,0xf5,
  0xbd,0x30,0x00,0x04,0xdd,0xf0,0x80,0x82,0xf1,0xe0,0x06,0x29,0xd3,0x75,0x00,0x00,
  0x91,0xff,0x2c,0x00,0x00,0x00,0x00,0x00,0xc1,0xf0,0x06,0x00,0x00,0x00,0x00,0x98,
  0xfe,0x66,0x00,0x00,0x00,0x06,0xa6,0xfe,0x78,0x00,0x00,0x00,0x0d,0xb8,0xfc,0x6c,
  0x00,0x00,0x00,0x10,0xc8,0xff,0xbf,0x77,0x77,0x77,0x2c,0x35,0xff,0xff,0xff,0xff,
  0xff,0xff,0x5f,0x00,0x21,0xad,0xf0,0xf7,0xc8,0x3f,0x00,0x00,0xd2,0xf6,0x89,0x78,
  0xe6,0xf0,0x17,0x12,0xa1,0x65,0x00,0x00,0x7d,0xff,0x4c,0x00,0x00,0x00,0x10,0x30,
  0xcb,0xec,0x18,0x00,0x00,0x00,0xe4,0xff,0xeb,0x51,0x00,0x00,0x00,0x00,0x42,0x5c,
  0xc4,0xfb,0x52,0x2c,0x7f,0x42,0x00,0x00,0x40,0xff,0xa1,0x20,0xf4,0xec,0x8a,0x80,
  0xd8,0xff,0x64,0x00,0x40,0xc2,0xf4,0xf9,0xd4,0x6a,0x00,0x00,0x00,0x00,0x00,0xae,
  0xff,0xd6,0x00,0x00,0x00,0x00,0x00,0x5e,0xff,0xfa,0xd6,0x00,0x00,0x00,0x00,0x1c,
  0xeb,0xb8,0xcf,0xd6,0x00,0x00,0x00,0x00,0xb4,0xef,0x21,0xcf,0xd6,0x00,0x00,0x00,
  0x65,0xff,0x69,0x00,0xcf,0xd6,0x00,0x00,0x20,0xee,0xc5,0x1d,0x1d,0xd3,0xd9,0x1d,
  0x00,0x63,0xff,0xff,0xff,0xff,0xff,0xff,0xff,0x0d,0x20,0x53,0x53,0x53,0x53,0xe1,
  0xe1,0x53,0x04,0x00,0x00,0x00,0x00,0x00,0xd6,0xd6,0x00,0x00,0x00,0xc0,0xff,0xff,
  0xff,0xff,0xd6,0x00,0x00,0xd9,0xd8,0x73,0x73,0x73,0x60,0x00,0x00,0xf1,0xa8,0x00,
  0x06,0x00,0x00,0x00,0x10,0xff,0xca,0xe5,0xfe,0xd2,0x3d,0x00,0x1b,0xb1,0xb2,0x5d,
  0x71,0xf0,0xe9,0x0d,0x00,0x00,0x00,0x00,0x00,0x82,0xff,0x50,0x35,0x9d,0x46,0x00,
  0x00,0x87,0xff,0x48,0x1c,0xf1,0xe5,0x7a,0x88,0xf5,0xd8,0x06,0x00,0x3e,0xc5,0xf6,
  0xf2,0xb2,0x23,0x00,0x00,0x00,0x82,0xe3,0xf9,0xd7,0x5e,0x00,0x00,0x87,0xff,0xb8,
  0x84,0xd5,0xfd,0x48,0x0c,0xf4,0xba,0x00,0x04,0x1c,0x73,0x41,0x48,0xff,0x8d,0xc6,
  0xfd,0xea,0x78,0x00,0x60,0xff,0xf5,0x85,0x5b,0xc8,0xff,0x56,0x59,0xff,0xab,0x00,
  0x00,0x25,0xff,0xa6,0x28,0xff,0xb3,0x00,0x00,0x33,0xff,0x9f,0x00,0xb1,0xff,0xa1,
  0x7a,0xdc,0xfc,0x41,0x00,0x0f,0x9c,0xe4,0xf8,0xd1,0x55,0x00,0x86,0xff,0xff,0xff,
  0xff,0xff,0xf9,0x40,0x7b,0x7b,0x7b,0x7d,0xf7,0xe5,0x00,0x00,0x00,0x00,0x6e,0xff,
  0x74,0x00,0x00,0x00,0x0b,0xe4,0xdd,0x07,0x00,0x00,0x00,0x7f,0xff,0x63,0x00,0x00,
  0x00,0x14,0xed,0xd2,0x02,0x00,0x00,0x00,0x8e,0xff,0x53,0x00,0x00,0x00,0x1f,0xf4,
  0xc5,0x00,0x00,0x00,0x00,0x9d,0xff,0x42,0x00,0x00,0x00,0x00,0x1d,0xab,0xf0,0xf7,
  0xc9,0x46,0x00,0x00,0xc4,0xfa,0x83,0x6c,0xe1,0xf5,0x21,0x00,0xf7,0xbf,0x00,0x00,
  0x74,0xff,0x54,0x00,0xb8,0xee,0x42,0x23,0xc2,0xef,0x1b,0x00,0x21,0xd6,0xff,0xff,
  0xf3,0x54,0x00,0x13,0xdd,0xe3,0x66,0x54,0xbe,0xf8,0x49,0x56,0xff,0x82,0x00,0x00,
  0x30,0xff,0xac,0x2b,0xf8,0xe4,0x71,0x62,0xc0,0xff,0x77,0x00,0x47,0xc4,0xf4,0xfa,
  0xd9,0x78,0x00,0x00,0x37,0xbd,0xf3,0xf0,0xbe,0x36,0x00,0x1a,0xef,0xee,0x85,0x7e,
  0xe4,0xea,0x17,0x5c,0xff,0x73,0x00,0x00,0x54,0xff,0x77,0x38,0xff,0xc4,0x2f,0x29,
  0xb4,0xff,0xa5,0x00,0x83,0xfa,0xff,0xfc,0x8d,0xff,0xac,0x00,0x00,0x17,0x3f,0x1c,
  0x34,0xff,0x96,0x2e,0xef,0x97,0x00,0x00,0x91,0xff,0x58,0x00,0xc7,0xfb,0x98,0xa0,
  0xfc,0xcf,0x02,0x00,0x1d,0xb1,0xf4,0xf0,0xad,0x1b,0x00,0xba,0xd4,0x09,0xc2,0xdd,
  0x0b,0x00,0x00,0x00,0x00,0x00,0x00,0x00,0x00,0x00,0xbc,0xd6,0x09,0xc2,0xdd,0x09,
  0x00,0x9b,0xe2,0x20,0x00,0xa2,0xea,0x23,0x00,0x00,0x00,0x00,0x00,0x00,0x00,0x00,
  0x00,0x00,0x00,0x00,0x00,0x94,0xb9,0x00,0x00,0xdd,0xb8,0x00,0x07,0xfb,0x71,0x00,
  0x31,0xfe,0x21,0x00,0x00,0x00,0x00,0x00,0x00,0x00,0x09,0x00,0x00,0x00,0x02,0x5a,
  0xc7,0x6e,0x00,0x0c,0x72,0xdc,0xff,0xd8,0x41,0x84,0xeb,0xfc,0xb5,0x4d,0x00,0x00,
  0xee,0xfe,0x88,0x0d,0x00,0x00,0x00,0x3a,0xac,0xfb,0xef,0x96,0x2c,0x00,0x00,0x00,
  0x25,0x95,0xf1,0xfd,0x5e,0x00,0x00,0x00,0x00,0x13,0x7e,0x56,0x18,0x22,0x22,0x22,
  0x22,0x22,0x10,0xba,0xff,0xff,0xff,0xff,0xff,0x7f,0x3f,0x57,0x57,0x57,0x57,0x57,
  0x2b,0x18,0x22,0x22,0x22,0x22,0x22,0x10,0xba,0xff,0xff,0xff,0xff,0xff,0x7f,0x3f,
  0x57,0x57,0x57,0x57,0x57,0x2b,0x09,0x00,0x00,0x00,0x00,0x00,0x00,0xa6,0xac,0x3b,
  0x00,0x00,0x00,0x00,0x6c,0xea,0xff,0xc3,0x55,0x00,0x00,0x00,0x09,0x67,0xcb,0xff,
  0xd8,0x5b,0x00,0x00,0x00,0x1f,0xb3,0xff,0xb6,0x00,0x46,0xae,0xfa,0xef,0x92,0x21,
  0x9a,0xff,0xe0,0x7a,0x10,0x00,0x00,0x7d,0x61,0x04,0x00,0x00,0x00,0x00,0x00,0x75,
  0xe0,0xfb,0xe1,0x76,0x00,0x4f,0xff,0xbf,0x69,0xc9,0xff,0x4d,0x44,0x86,0x20,0x00,
  0x5d,0xff,0x74,0x00,0x00,0x00,0x34,0xdc,0xf1,0x28,0x00,0x00,0x39,0xf7,0xce,0x30,
  0x00,0x00,0x00,0x8c,0xff,0x21,0x00,0x00,0x00,0x00,0x1c,0x2f,0x00,0x00,0x00,0x00,
  0x00,0x99,0xe2,0x26,0x00,0x00,0x00,0x00,0xa4,0xee,0x2b,0x00,0x00,0x00,0x00,0x00,
  0x54,0xb6,0xe5,0xfa,0xf0,0xc3,0x67,0x02,0x00,0x00,0x00,0x00,0x9d,0xfe,0xba,0x70,
  0x55,0x65,0x9f,0xf6,0xbc,0x0b,0x00,0x00,0x74,0xfe,0x67,0x00,0x00,0x02,0x00,0x0c,
  0x38,0xf0,0x98,0x00,0x02,0xe4,0xaa,0x00,0x64,0xe7,0xf7,0xb3,0xfd,0x46,0x7c,0xf8,
  0x13,0x39,0xff,0x52,0x2c,0xfa,0x9c,0x51,0xb0,0xff,0x46,0x2d,0xff,0x50,0x59,0xff,
  0x28,0x72,0xea,0x02,0x00,0x22,0xff,0x46,0x13,0xff,0x5b,0x5b,0xff,0x27,0x71,0xea,
  0x00,0x00,0x23,0xff,0x46,0x28,0xff,0x42,0x3f,0xff,0x4e,0x2e,0xfc,0x83,0x34,0xa7,
  0xff,0x7d,0x8e,0xed,0x06,0x06,0xea,0xa4,0x00,0x6a,0xe5,0xf7,0xa4,0x85,0xf3,0xe8,
  0x51,0x00,0x00,0x82,0xfd,0x61,0x00,0x00,0x00,0x00,0x00,0x00,0x00,0x00,0x00,0x00,
  0x02,0xa8,0xfe,0xb9,0x71,0x55,0x65,0x92,0x65,0x00,0x00,0x00,0x00,0x00,0x00,0x59,
  0xb7,0xe6,0xf9,0xef,0xd2,0x6f,0x00,0x00,0x00,0x00,0x00,0x00,0x9d,0xff,0xef,0x0b,
  0x00,0x00,0x00,0x00,0x00,0x07,0xec,0xcd,0xff,0x62,0x00,0x00,0x00,0x00,0x00,0x5b,
  0xff,0x52,0xe8,0xbd,0x00,0x00,0x00,0x00,0x00,0xb5,0xed,0x06,0x97,0xfc,0x21,0x00,
  0x00,0x00,0x18,0xf8,0xa5,0x18,0x46,0xff,0x82,0x00,0x00,0x00,0x76,0xff,0xff,0xff,
  0xff,0xff,0xd9,0x00,0x00,0x00,0xcd,0xe6,0x4f,0x4f,0x4f,0x9b,0xff,0x41,0x00,0x2f,
  0xff,0xa4,0x00,0x00,0x00,0x35,0xff,0xa0,0x00,0x8f,0xff,0x5f,0x00,0x00,0x00,0x00,
  0xe2,0xef,0x0b,0x13,0xff,0xff,0xff,0xfd,0xe7,0x8f,0x02,0x13,0xff,0xce,0x6f,0x75,
  0xc8,0xff,0x74,0x13,0xff,0xaf,0x00,0x00,0x2f,0xff,0xa2,0x13,0xff,0xaf,0x00,0x0c,
  0x8b,0xfd,0x5b,0x13,0xff,0xff,0xff,0xff,0xff,0x95,0x04,0x13,0xff,0xbf,0x3e,0x41,
  0x7e,0xfc,0xa5,0x13,0xff,0xaf,0x00,0x00,0x00,0xd1,0xf5,0x13,0xff,0xce,0x6f,0x72,
  0x9c,0xfe,0xcc,0x13,0xff,0xff,0xff,0xff,0xf2,0xb7,0x29,0x00,0x00,0x50,0xc5,0xf3,
  0xf5,0xc7,0x52,0x00,0x00,0x65,0xfd,0xea,0x9d,0x97,0xe7,0xfc,0x5a,0x0b,0xed,0xea,
  0x1c,0x00,0x00,0x1d,0xf0,0xd5,0x49,0xff,0x90,0x00,0x00,0x00,0x00,0x12,0x17,0x60,
  0xff,0x74,0x00,0x00,0x00,0x00,0x00,0x00,0x49,0xff,0x91,0x00,0x00,0x00,0x00,0x12,
  0x17,0x0b,0xee,0xea,0x1f,0x00,0x00,0x1d,0xf0,0xd3,0x00,0x67,0xfe,0xeb,0x9f,0x9a,
  0xe7,0xfc,0x54,0x00,0x00,0x55,0xc7,0xf4,0xf5,0xc6,0x4c,0x00,0x13,0xff,0xff,0xff,
  0xf8,0xdc,0x89,0x0b,0x00,0x13,0xff,0xd3,0x7f,0x8d,0xc3,0xff,0xc4,0x04,0x13,0xff,
  0xaf,0x00,0x00,0x00,0x94,0xff,0x65,0x13,0xff,0xaf,0x00,0x00,0x00,0x1f,0xff,0xab,
  0x13,0xff,0xaf,0x00,0x00,0x00,0x00,0xf9,0xbf,0x13,0xff,0xaf,0x00,0x00,0x00,0x1f,
  0xff,0xab,0x13,0xff,0xaf,0x00,0x00,0x00,0x95,0xff,0x66,0x13,0xff,0xd1,0x7b,0x89,
  0xc2,0xff,0xc3,0x04,0x13,0xff,0xff,0xff,0xf8,0xdb,0x89,0x0b,0x00,0x13,0xff,0xff,
  0xff,0xff,0xff,0xff,0x22,0x13,0xff,0xd0,0x77,0x77,0x77,0x77,0x0f,0x13,0xff,0xaf,
  0x00,0x00,0x00,0x00,0x00,0x13,0xff,0xb6,0x1d,0x1d,0x1d,0x17,0x00,0x13,0xff,0xff,
  0xff,0xff,0xff,0xcc,0x00,0x13,0xff,0xc5,0x53,0x53,0x53,0x42,0x00,0x13,0xff,0xaf,
  0x00,0x00,0x00,0x00,0x00,0x13,0xff,0xcf,0x73,0x73,0x73,0x73,0x13,0x13,0xff,0xff,
  0xff,0xff,0xff,0xff,0x2c,0x13,0xff,0xff,0xff,0xff,0xff,0xff,0x07,0x13,0xff,0xd0,
  0x77,0x77,0x77,0x77,0x02,0x13,0xff,0xaf,0x00,0x00,0x00,0x00,0x00,0x13,0xff,0xb6,
  0x22,0x22,0x22,0x14,0x00,0x13,0xff,0xff,0xff,0xff,0xff,0xa1,0x00,0x13,0xff,0xc6,
  0x57,0x57,0x57,0x36,0x00,0x13,0xff,0xaf,0x00,0x00,0x00,0x00,0x00,0x13,0xff,0xaf,
  0x00,0x00,0x00,0x00,0x00,0x13,0xff,0xaf,0x00,0x00,0x00,0x00,0x00,0x00,0x00,0x50,
  0xc5,0xf3,0xf6,0xca,0x5a,0x00,0x00,0x00,0x63,0xfd,0xe8,0x98,0x95,0xe4,0xfe,0x6b,
  0x00,0x09,0xec,0xe6,0x1c,0x00,0x00,0x17,0xc1,0xaf,0x00,0x49,0xff,0x8d,0x00,0x00,
  0x0f,0x13,0x13,0x13,0x00,0x60,0xff,0x72,0x00,0x00,0xcf,0xff,0xff,0xff,0x13,0x49,
  0xff,0x90,0x00,0x00,0x3b,0x4b,0xc7,0xfc,0x06,0x0b,0xef,0xea,0x1f,0x00,0x00,0x1f,
  0xee,0xd2,0x00,0x00,0x68,0xfe,0xec,0xa2,0x9b,0xe8,0xfd,0x56,0x00,0x00,0x00,0x54,
  0xc7,0xf3,0xf5,0xc8,0x51,0x00,0x00,0x13,0xff,0xaf,0x00,0x00,0x00,0x00,0xf6,0xc5,
  0x13,0xff,0xaf,0x00,0x00,0x00,0x00,0xf6,0xc5,0x13,0xff,0xaf,0x00,0x00,0x00,0x00,
  0xf6,0xc5,0x13,0xff,0xb6,0x22,0x22,0x22,0x22,0xf6,0xc5,0x13,0xff,0xff,0xff,0xff,
  0xff,0xff,0xff,0xc5,0x13,0xff,0xc6,0x57,0x57,0x57,0x57,0xf8,0xc5,0x13,0xff,0xaf,
  0x00,0x00,0x00,0x00,0xf6,0xc5,0x13,0xff,0xaf,0x00,0x00,0x00,0x00,0xf6,0xc5,0x13,
  0xff,0xaf,0x00,0x00,0x00,0x00,0xf6,0xc5,0x13,0xff,0xaf,0x13,0xff,0xaf,0x13,0xff,
  0xaf,0x13,0xff,0xaf,0x13,0xff,0xaf,0x13,0xff,0xaf,0x13,0xff,0xaf,0x13,0xff,0xaf,
  0x13,0xff,0xaf,0x00,0x00,0x00,0x00,0x22,0xff,0xa4,0x00,0x00,0x00,0x00,0x22,0xff,
  0xa4,0x00,0x00,0x00,0x00,0x22,0xff,0xa4,0x00,0x00,0x00,0x00,0x22,0xff,0xa4,0x00,
  0x00,0x00,0x00,0x22,0xff,0xa4,0x30,0x57,0x14,0x00,0x22,0xff,0xa4,0x81,0xff,0x4c,
  0x00,0x31,0xff,0x98,0x40,0xfd,0xd1,0x75,0xc6,0xff,0x57,0x00,0x66,0xda,0xf7,0xe0,
  0x77,0x00,0x13,0xff,0xaf,0x00,0x00,0x12,0xcf,0xfb,0x58,0x13,0xff,0xaf,0x00,0x0b,
  0xc1,0xfd,0x67,0x00,0x13,0xff,0xae,0x02,0xb4,0xff,0x77,0x00,0x00,0x13,0xff,0xad,
  0x98,0xff,0x89,0x00,0x00,0x00,0x13,0xff,0xe4,0xff,0xff,0x99,0x00,0x00,0x00,0x13,
  0xff,0xff,0x7b,0xb9,0xfe,0x55,0x00,0x00,0x13,0xff,0xb8,0x00,0x1c,0xe9,0xea,0x1f,
  0x00,0x13,0xff,0xaf,0x00,0x00,0x53,0xfe,0xbf,0x00,0x13,0xff,0xaf,0x00,0x00,0x00,
  0x98,0xff,0x7e,0x13,0xff,0xaf,0x00,0x00,0x00,0x00,0x13,0xff,0xaf,0x00,0x00,0x00,
  0x00,0x13,0xff,0xaf,0x00,0x00,0x00,0x00,0x13,0xff,0xaf,0x00,0x00,0x00,0x00,0x13,
  0xff,0xaf,0x00,0x00,0x00,0x00,0x13,0xff,0xaf,0x00,0x00,0x00,0x00,0x13,0xff,0xaf,
  0x00,0x00,0x00,0x00,0x13,0xff,0xcf,0x73,0x73,0x73,0x61,0x13,0xff,0xff,0xff,0xff,
  0xff,0xda,0x13,0xff,0xff,0xba,0x00,0x00,0x00,0x00,0xbf,0xff,0xff,0x0d,0x13,0xff,
  0xf8,0xfc,0x22,0x00,0x00,0x25,0xfc,0xf6,0xff,0x0d,0x13,0xff,0xc1,0xff,0x84,0x00,
  0x00,0x87,0xfe,0xbf,0xff,0x0d,0x13,0xff,0xa3,0xda,0xdd,0x00,0x00,0xdf,0xd1,0xae,
  0xff,0x0d,0x13,0xff,0xa7,0x88,0xff,0x49,0x49,0xff,0x81,0xb2,0xff,0x0d,0x13,0xff,
  0xa8,0x26,0xfc,0x9a,0x9b,0xfb,0x20,0xb3,0xff,0x0d,0x13,0xff,0xa8,0x00,0xbd,0xd8,
  0xd9,0xb8,0x00,0xb3,0xff,0x0d,0x13,0xff,0xa8,0x00,0x5e,0xfe,0xfe,0x5a,0x00,0xb3,
  0xff,0x0d,0x13,0xff,0xa8,0x00,0x07,0xea,0xe9,0x06,0x00,0xb3,0xff,0x0d,0x13,0xff,
  0xfc,0x44,0x00,0x00,0x00,0xd3,0xef,0x13,0xff,0xff,0xdb,0x0c,0x00,0x00,0xd3,0xef,
  0x13,0xff,0xc9,0xfd,0x93,0x00,0x00,0xd3,0xef,0x13,0xff,0xae,0xa6,0xfc,0x40,0x00,
  0xd3,0xef,0x13,0xff,0xb6,0x1b,0xeb,0xd7,0x09,0xd2,0xef,0x13,0xff,0xb6,0x00,0x61,
  0xff,0x84,0xcf,0xef,0x13,0xff,0xb6,0x00,0x00,0xb4,0xf2,0xd5,0xef,0x13,0xff,0xb6,
  0x00,0x00,0x1d,0xed,0xff,0xef,0x13,0xff,0xb6,0x00,0x00,0x00,0x64,0xff,0xef,0x00,
  0x00,0x4e,0xc3,0xf2,0xf3,0xc3,0x4e,0x00,0x00,0x00,0x64,0xfd,0xea,0x9d,0x9d,0xea,
  0xfd,0x62,0x00,0x0b,0xed,0xea,0x1c,0x00,0x00,0x1f,0xec,0xeb,0x09,0x49,0xff,0x90,
  0x00,0x00,0x00,0x00,0x94,0xff,0x48,0x60,0xff,0x74,0x00,0x00,0x00,0x00,0x78,0xff,
  0x5f,0x49,0xff,0x90,0x00,0x00,0x00,0x00,0x94,0xff,0x48,0x0b,0xee,0xea,0x1f,0x00,
  0x00,0x1f,0xeb,0xeb,0x09,0x00,0x65,0xfd,0xeb,0xa0,0xa0,0xeb,0xfd,0x62,0x00,0x00,
  0x00,0x51,0xc6,0xf3,0xf3,0xc6,0x50,0x00,0x00,0x13,0xff,0xff,0xff,0xfc,0xe1,0x7e,
  0x00,0x13,0xff,0xcf,0x73,0x7e,0xd0,0xff,0x6f,0x13,0xff,0xaf,0x00,0x00,0x1a,0xfc,
  0xc7,0x13,0xff,0xaf,0x00,0x00,0x04,0xf6,0xcf,0x13,0xff,0xb6,0x1d,0x2b,0x98,0xff,
  0x93,0x13,0xff,0xff,0xff,0xff,0xff,0xbb,0x10,0x13,0xff,0xc5,0x53,0x4f,0x2b,0x00,
  0x00,0x13,0xff,0xaf,0x00,0x00,0x00,0x00,0x00,0x13,0xff,0xaf,0x00,0x00,0x00,0x00,
  0x00,0x00,0x00,0x4e,0xc3,0xf2,0xf3,0xc5,0x51,0x00,0x00,0x00,0x64,0xfd,0xea,0x9d,
  0x9d,0xea,0xfd,0x65,0x00,0x0b,0xed,0xea,0x1c,0x00,0x00,0x1f,0xeb,0xec,0x09,0x49,
  0xff,0x90,0x00,0x00,0x00,0x00,0x94,0xff,0x49,0x60,0xff,0x74,0x00,0x00,0x00,0x00,
  0x79,0xff,0x60,0x49,0xff,0x90,0x00,0x10,0x1d,0x00,0x96,0xff,0x48,0x0b,0xee,0xea,
  0x1f,0x2d,0xed,0x99,0xed,0xea,0x07,0x00,0x65,0xfd,0xeb,0xa0,0xc4,0xff,0xfc,0x5c,
  0x00,0x00,0x00,0x51,0xc6,0xf3,0xf6,0xd5,0xf9,0x4d,0x00,0x00,0x00,0x00,0x00,0x00,
  0x00,0x00,0x70,0x7e,0x02,0x13,0xff,0xff,0xff,0xfc,0xe3,0x90,0x07,0x00,0x13,0xff,
  0xcf,0x73,0x7b,0xbf,0xff,0x8e,0x00,0x13,0xff,0xaf,0x00,0x00,0x04,0xf6,0xce,0x00,
  0x13,0xff,0xb6,0x22,0x29,0x74,0xff,0xb2,0x00,0x13,0xff,0xff,0xff,0xff,0xff,0xd4,
  0x29,0x00,0x13,0xff,0xc6,0x57,0xa1,0xff,0x6f,0x00,0x00,0x13,0xff,0xaf,0x00,0x16,
  0xf0,0xe3,0x09,0x00,0x13,0xff,0xaf,0x00,0x00,0x8b,0xff,0x75,0x00,0x13,0xff,0xaf,
  0x00,0x00,0x16,0xf0,0xe6,0x0c,0x00,0x25,0xad,0xed,0xfa,0xdc,0x7a,0x00,0x02,0xd9,
  0xf9,0x96,0x7b,0xc5,0xff,0x73,0x23,0xff,0xb3,0x00,0x00,0x07,0x96,0x6c,0x02,0xdd,
  0xf6,0x8f,0x3f,0x04,0x00,0x00,0x00,0x22,0xa2,0xec,0xff,0xea,0x8e,0x07,0x00,0x00,
  0x00,0x00,0x36,0x92,0xfe,0xa4,0x47,0xc8,0x5b,0x00,0x00,0x02,0xed,0xd7,0x1b,0xeb,
  0xf0,0x94,0x7f,0xc3,0xff,0x9a,0x00,0x37,0xb7,0xeb,0xfb,0xe2,0x91,0x09,0x86,0xff,
  0xff,0xff,0xff,0xff,0xff,0xff,0x18,0x3e,0x77,0x77,0xc4,0xff,0x8b,0x77,0x77,0x0b,
  0x00,0x00,0x00,0x99,0xff,0x30,0x00,0x00,0x00,0x00,0x00,0x00,0x99,0xff,0x30,0x00,
  0x00,0x00,0x00,0x00,0x00,0x99,0xff,0x30,0x00,0x00,0x00,0x00,0x00,0x00,0x99,0xff,
  0x30,0x00,0x00,0x00,0x00,0x00,0x00,0x99,0xff,0x30,0x00,0x00,0x00,0x00,0x00,0x00,
  0x99,0xff,0x30,0x00,0x00,0x00,0x00,0x00,0x00,0x99,0xff,0x30,0x00,0x00,0x00,0x13,
  0xff,0xaf,0x00,0x00,0x00,0x1d,0xff,0xac,0x13,0xff,0xaf,0x00,0x00,0x00,0x1d,0xff,
  0xac,0x13,0xff,0xaf,0x00,0x00,0x00,0x1d,0xff,0xac,0x13,0xff,0xaf,0x00,0x00,0x00,
  0x1d,0xff,0xac,0x13,0xff,0xaf,0x00,0x00,0x00,0x1d,0xff,0xac,0x12,0xff,0xb2,0x00,
  0x00,0x00,0x21,0xff,0xab,0x00,0xf1,0xe4,0x0f,0x00,0x00,0x68,0xff,0x90,0x00,0x8e,
  0xff,0xdc,0x95,0xa9,0xf9,0xf1,0x2c,0x00,0x02,0x79,0xd8,0xf9,0xf0,0xb9,0x37,0x00,
  0x8f,0xff,0x68,0x00,0x00,0x00,0x00,0xe4,0xf0,0x0b,0x2d,0xfe,0xbf,0x00,0x00,0x00,
  0x47,0xff,0xa2,0x00,0x00,0xc9,0xfc,0x20,0x00,0x00,0x9f,0xff,0x46,0x00,0x00,0x70,
  0xff,0x7d,0x00,0x04,0xea,0xde,0x00,0x00,0x00,0x13,0xf6,0xd0,0x00,0x51,0xff,0x89,
  0x00,0x00,0x00,0x00,0xac,0xff,0x28,0xa1,0xfe,0x2b,0x00,0x00,0x00,0x00,0x50,0xff,
  0x7a,0xe4,0xc7,0x00,0x00,0x00,0x00,0x00,0x02,0xe4,0xde,0xff,0x70,0x00,0x00,0x00,
  0x00,0x00,0x00,0x8e,0xff,0xf6,0x14,0x00,0x00,0x00,0x99,0xff,0x53,0x00,0x00,0x76,
  0xff,0xb4,0x00,0x00,0x10,0xfb,0xd2,0x52,0xff,0x95,0x00,0x00,0xb6,0xff,0xee,0x02,
  0x00,0x55,0xff,0x91,0x0b,0xf5,0xd0,0x00,0x04,0xf0,0xd0,0xff,0x3e,0x00,0x95,0xff,
  0x48,0x00,0xbb,0xfc,0x16,0x42,0xff,0x6f,0xfe,0x83,0x00,0xcf,0xf0,0x06,0x00,0x77,
  0xff,0x5b,0x86,0xfc,0x1a,0xd6,0xc0,0x13,0xfc,0xb4,0x00,0x00,0x2b,0xff,0x93,0xbf,
  0xcf,0x00,0x95,0xf4,0x56,0xff,0x70,0x00,0x00,0x00,0xdc,0xc1,0xef,0x8e,0x00,0x50,
  0xff,0xb1,0xff,0x23,0x00,0x00,0x00,0x9a,0xf8,0xff,0x47,0x00,0x0b,0xf6,0xf8,0xd6,
  0x00,0x00,0x00,0x00,0x53,0xff,0xf1,0x06,0x00,0x00,0xbd,0xff,0x95,0x00,0x00,0x26,
  0xf0,0xe3,0x14,0x00,0x00,0x8e,0xff,0x77,0x00,0x00,0x62,0xff,0xa9,0x00,0x46,0xfc,
  0xbc,0x00,0x00,0x00,0x00,0xa9,0xff,0x54,0xdc,0xea,0x1d,0x00,0x00,0x00,0x00,0x12,
  0xdf,0xf5,0xfe,0x56,0x00,0x00,0x00,0x00,0x00,0x00,0x84,0xff,0xdf,0x06,0x00,0x00,
  0x00,0x00,0x00,0x2f,0xf3,0xe1,0xff,0x8e,0x00,0x00,0x00,0x00,0x0b,0xd2,0xf5,0x2b,
  0xc2,0xfc,0x49,0x00,0x00,0x00,0x9b,0xff,0x6e,0x00,0x27,0xf0,0xe4,0x17,0x00,0x59,
  0xfe,0xb0,0x00,0x00,0x00,0x62,0xff,0xb2,0x00,0x6e,0xff,0xa3,0x00,0x00,0x00,0x5e,
  0xff,0xae,0x00,0xc5,0xfd,0x3f,0x00,0x0c,0xe1,0xf0,0x1f,0x00,0x2f,0xf7,0xce,0x02,
  0x86,0xff,0x72,0x00,0x00,0x00,0x86,0xff,0x76,0xf3,0xc9,0x02,0x00,0x00,0x00,0x07,
  0xd6,0xfc,0xfa,0x35,0x00,0x00,0x00,0x00,0x00,0x54,0xff,0xa2,0x00,0x00,0x00,0x00,
  0x00,0x00,0x3e,0xff,0x8e,0x00,0x00,0x00,0x00,0x00,0x00,0x3e,0xff,0x8e,0x00,0x00,
  0x00,0x00,0x00,0x00,0x3e,0xff,0x8e,0x00,0x00,0x00,0x53,0xff,0xff,0xff,0xff,0xff,
  0xff,0xc1,0x25,0x73,0x73,0x73,0x73,0xbf,0xff,0x71,0x00,0x00,0x00,0x00,0x44,0xfa,
  0xb0,0x00,0x00,0x00,0x00,0x17,0xe4,0xe0,0x14,0x00,0x00,0x00,0x00,0xb6,0xfa,0x41,
  0x00,0x00,0x00,0x00,0x78,0xff,0x7e,0x00,0x00,0x00,0x00,0x3b,0xf8,0xb8,0x00,0x00,
  0x00,0x00,0x12,0xdd,0xf7,0x7b,0x6f,0x6f,0x6f,0x57,0x4b,0xff,0xff,0xff,0xff,0xff,
  0xff,0xc8,0x0b,0x0d,0x0d,0x02,0xc8,0xff,0xff,0x35,0xc8,0xe4,0x46,0x0d,0xc8,0xdd,
  0x00,0x00,0xc8,0xdd,0x00,0x00,0xc8,0xdd,0x00,0x00,0xc8,0xdd,0x00,0x00,0xc8,0xdd,
  0x00,0x00,0xc8,0xdd,0x00,0x00,0xc8,0xdd,0x00,0x00,0xc8,0xde,0x0d,0x02,0xc8,0xff,
  0xff,0x35,0x37,0x46,0x46,0x0d,0xb0,0xd1,0x00,0x00,0x00,0x6d,0xfd,0x1d,0x00,0x00,
  0x22,0xfe,0x67,0x00,0x00,0x00,0xd6,0xab,0x00,0x00,0x00,0x96,0xea,0x00,0x00,0x00,
  0x51,0xff,0x3a,0x00,0x00,0x0b,0xf6,0x83,0x00,0x00,0x00,0xbe,0xc4,0x00,0x00,0x00,
  0x7c,0xf9,0x10,0x00,0x00,0x33,0xff,0x58,0x00,0x00,0x00,0xe4,0x9d,0x04,0x0d,0x0d,
  0x07,0x5f,0xff,0xff,0xa4,0x1a,0x46,0xfc,0xa4,0x00,0x00,0xfc,0xa4,0x00,0x00,0xfc,
  0xa4,0x00,0x00,0xfc,0xa4,0x00,0x00,0xfc,0xa4,0x00,0x00,0xfc,0xa4,0x00,0x00,0xfc,
  0xa4,0x00,0x00,0xfc,0xa4,0x04,0x0d,0xfc,0xa4,0x5f,0xff,0xff,0xa4,0x1a,0x46,0x46,
  0x2d,0x00,0x02,0xda,0xfb,0x29,0x00,0x00,0x62,0xed,0xc2,0xa2,0x00,0x00,0xd4,0x8e,
  0x4c,0xf9,0x23,0x59,0xf8,0x20,0x00,0xd0,0x9a,0x18,0x18,0x18,0x18,0x18,0x18,0x02,
  0xff,0xff,0xff,0xff,0xff,0xff,0x22,0x4b,0x4b,0x4b,0x4b,0x4b,0x4b,0x09,0xab,0xc2,
  0x00,0x28,0xf3,0x4f,0x00,0x5d,0xd5,0xf8,0xe7,0x91,0x02,0x23,0xef,0xc2,0x55,0x95,
  0xff,0x77,0x00,0x00,0x07,0x27,0x65,0xff,0xa2,0x10,0xa1,0xf1,0xf4,0xd0,0xff,0xa4,
  0x7c,0xff,0x67,0x04,0x1f,0xff,0xa4,0x7a,0xff,0x88,0x4b,0xb2,0xff,0xa4,0x0f,0xac,
  0xf1,0xec,0x75,0xfc,0xa4,0x2c,0xff,0x95,0x00,0x00,0x00,0x00,0x00,0x2c,0xff,0x95,
  0x00,0x00,0x00,0x00,0x00,0x2c,0xff,0xa0,0xb5,0xf4,0xdb,0x56,0x00,0x2c,0xff,0xf6,
  0x95,0x77,0xe8,0xf6,0x28,0x2c,0xff,0xb8,0x00,0x00,0x64,0xff,0x7c,0x2c,0xff,0x95,
  0x00,0x00,0x39,0xff,0x93,0x2c,0xff,0xba,0x00,0x00,0x67,0xff,0x7b,0x2c,0xff,0xf5,
  0x96,0x77,0xea,0xf6,0x27,0x2c,0xff,0x95,0xb7,0xf6,0xdc,0x57,0x00,0x00,0x2b,0xbb,
  0xf4,0xf0,0xae,0x1b,0x00,0x0c,0xe0,0xf0,0x7b,0x7e,0xf6,0xc0,0x00,0x5b,0xff,0x7f,
  0x00,0x00,0x50,0x4f,0x00,0x78,0xff,0x57,0x00,0x00,0x00,0x00,0x00,0x5c,0xff,0x83,
  0x00,0x00,0x54,0x57,0x00,0x0d,0xe2,0xf2,0x74,0x7a,0xf5,0xc3,0x00,0x00,0x2c,0xbb,
  0xf5,0xf0,0xb1,0x1d,0x00,0x00,0x00,0x00,0x00,0x00,0x77,0xff,0x4f,0x00,0x00,0x00,
  0x00,0x00,0x77,0xff,0x4f,0x00,0x43,0xd2,0xf6,0xc1,0x8b,0xff,0x4f,0x14,0xec,0xf1,
  0x7e,0x89,0xf0,0xff,0x4f,0x61,0xff,0x7f,0x00,0x00,0x9d,0xff,0x4f,0x79,0xff,0x56,
  0x00,0x00,0x77,0xff,0x4f,0x61,0xff,0x80,0x00,0x00,0x9e,0xff,0x4f,0x16,0xed,0xf1,
  0x7e,0x89,0xf0,0xff,0x4f,0x00,0x45,0xd4,0xf6,0xc3,0x84,0xff,0x4f,0x00,0x29,0xbb,
  0xf5,0xee,0x9e,0x0f,0x00,0x0c,0xdf,0xe7,0x6b,0x7d,0xf9,0xa6,0x00,0x5a,0xff,0x69,
  0x00,0x00,0xa4,0xf9,0x0c,0x78,0xff,0xf7,0xf6,0xf6,0xfa,0xff,0x2b,0x5d,0xff,0x76,
  0x30,0x30,0x30,0x30,0x09,0x0d,0xe3,0xdf,0x6a,0x6b,0xe0,0xc1,0x00,0x00,0x2e,0xbd,
  0xf4,0xf4,0xbf,0x33,0x00,0x00,0x33,0xcb,0xf7,0xc3,0x00,0x9b,0xff,0x85,0x47,0xe4,
  0xff,0xff,0xff,0xa8,0x46,0xb9,0xff,0x5e,0x34,0x00,0xa1,0xff,0x1d,0x00,0x00,0xa1,
  0xff,0x1d,0x00,0x00,0xa1,0xff,0x1d,0x00,0x00,0xa1,0xff,0x1d,0x00,0x00,0xa1,0xff,
  0x1d,0x00,0x00,0x3f,0xd0,0xf6,0xc5,0x82,0xff,0x4f,0x10,0xea,0xf3,0x80,0x8a,0xf0,
  0xff,0x4f,0x5d,0xff,0x83,0x00,0x00,0xa1,0xff,0x4f,0x79,0xff,0x56,0x00,0x00,0x77,
  0xff,0x4f,0x65,0xff,0x78,0x00,0x00,0x96,0xff,0x4f,0x18,0xf0,0xea,0x6d,0x78,0xf0,
  0xff,0x4f,0x00,0x4b,0xd6,0xf7,0xca,0x89,0xff,0x4f,0x00,0x04,0x10,0x00,0x00,0x7b,
  0xff,0x43,0x0b,0xdc,0xd1,0x56,0x61,0xe3,0xea,0x0d,0x00,0x4c,0xcc,0xf6,0xf5,0xc2,
  0x39,0x00,0x2c,0xff,0x8e,0x00,0x00,0x00,0x00,0x00,0x2c,0xff,0x8e,0x00,0x00,0x00,
  0x00,0x00,0x2c,0xff,0x99,0xb9,0xf7,0xd7,0x44,0x00,0x2c,0xff,0xf0,0x92,0x8b,0xf9,
  0xde,0x00,0x2c,0xff,0xab,0x00,0x00,0xb0,0xff,0x13,0x2c,0xff,0x95,0x00,0x00,0xa1,
  0xff,0x1d,0x2c,0xff,0x95,0x00,0x00,0xa1,0xff,0x1d,0x2c,0xff,0x95,0x00,0x00,0xa1,
  0xff,0x1d,0x2c,0xff,0x95,0x00,0x00,0xa1,0xff,0x1d,0x2b,0xee,0x86,0x1a,0xb3,0x5d,
  0x2c,0xff,0x95,0x2c,0xff,0x95,0x2c,0xff,0x95,0x2c,0xff,0x95,0x2c,0xff,0x95,0x2c,
  0xff,0x95,0x2c,0xff,0x95,0x00,0x2d,0xef,0x84,0x00,0x1c,0xb3,0x5c,0x00,0x2c,0xff,
  0x95,0x00,0x2c,0xff,0x95,0x00,0x2c,0xff,0x95,0x00,0x2c,0xff,0x95,0x00,0x2c,0xff,
  0x95,0x00,0x2c,0xff,0x95,0x00,0x2c,0xff,0x95,0x00,0x2e,0xff,0x94,0x1f,0x9e,0xff,
  0x71,0x53,0xf3,0xaf,0x0b,0x2c,0xff,0x95,0x00,0x00,0x00,0x00,0x00,0x2c,0xff,0x95,
  0x00,0x00,0x00,0x00,0x00,0x2c,0xff,0x95,0x00,0x54,0xfb,0xb6,0x04,0x2c,0xff,0x95,
  0x42,0xf5,0xc7,0x0c,0x00,0x2c,0xff,0xb8,0xed,0xd6,0x17,0x00,0x00,0x2c,0xff,0xff,
  0xff,0xc3,0x02,0x00,0x00,0x2c,0xff,0xc0,0x90,0xff,0x86,0x00,0x00,0x2c,0xff,0x95,
  0x06,0xc9,0xfc,0x47,0x00,0x2c,0xff,0x95,0x00,0x27,0xf0,0xe4,0x18,0x2c,0xff,0x95,
  0x2c,0xff,0x95,0x2c,0xff,0x95,0x2c,0xff,0x95,0x2c,0xff,0x95,0x2c,0xff,0x95,0x2c,
  0xff,0x95,0x2c,0xff,0x95,0x2c,0xff,0x95,0x2c,0xff,0x93,0xc5,0xf7,0xb6,0x33,0xca,
  0xf7,0xcc,0x2c,0x2c,0xff,0xe7,0x67,0x90,0xff,0xe5,0x6e,0x7d,0xfd,0xb3,0x2c,0xff,
  0x9e,0x00,0x00,0xf8,0xb9,0x00,0x00,0xde,0xd7,0x2c,0xff,0x95,0x00,0x00,0xf6,0xb3,
  0x00,0x00,0xda,0xda,0x2c,0xff,0x95,0x00,0x00,0xf6,0xb3,0x00,0x00,0xda,0xda,0x2c,
  0xff,0x95,0x00,0x00,0xf6,0xb3,0x00,0x00,0xda,0xda,0x2c,0xff,0x95,0x00,0x00,0xf6,
  0xb3,0x00,0x00,0xda,0xda,0x2c,0xff,0x8f,0xbf,0xf7,0xd7,0x44,0x00,0x2c,0xff,0xec,
  0x7b,0x75,0xf6,0xde,0x00,0x2c,0xff,0xa6,0x00,0x00,0xac,0xff,0x13,0x2c,0xff,0x95,
  0x00,0x00,0xa1,0xff,0x1d,0x2c,0xff,0x95,0x00,0x00,0xa1,0xff,0x1d,0x2c,0xff,0x95,
  0x00,0x00,0xa1,0xff,0x1d,0x2c,0xff,0x95,0x00,0x00,0xa1,0xff,0x1d,0x00,0x2b,0xbb,
  0xf4,0xf1,0xb0,0x20,0x00,0x0c,0xe0,0xf3,0x78,0x80,0xfa,0xcf,0x00,0x5b,0xff,0x84,
  0x00,0x00,0x98,0xff,0x41,0x78,0xff,0x59,0x00,0x00,0x6e,0xff,0x60,0x5c,0xff,0x84,
  0x00,0x00,0x97,0xff,0x41,0x0d,0xe2,0xf2,0x74,0x7c,0xf9,0xd0,0x00,0x00,0x2c,0xbb,
  0xf5,0xf2,0xb1,0x20,0x00,0x2c,0xff,0x98,0xba,0xf5,0xdb,0x56,0x00,0x2c,0xff,0xf6,
  0x80,0x5f,0xde,0xf6,0x28,0x2c,0xff,0xb3,0x00,0x00,0x5d,0xff,0x7c,0x2c,0xff,0x95,
  0x00,0x00,0x39,0xff,0x93,0x2c,0xff,0xbc,0x00,0x00,0x68,0xff,0x7b,0x2c,0xff,0xf7,
  0x97,0x77,0xea,0xf6,0x27,0x2c,0xff,0xa1,0xb7,0xf6,0xdc,0x57,0x00,0x2c,0xff,0x95,
  0x00,0x00,0x00,0x00,0x00,0x2c,0xff,0x95,0x00,0x00,0x00,0x00,0x00,0x2c,0xff,0x95,
  0x00,0x00,0x00,0x00,0x00,0x00,0x43,0xd2,0xf6,0xc1,0x84,0xff,0x4f,0x14,0xec,0xf1,
  0x7e,0x89,0xef,0xff,0x4f,0x61,0xff,0x7f,0x00,0x00,0x9d,0xff,0x4f,0x79,0xff,0x56,
  0x00,0x00,0x77,0xff,0x4f,0x61,0xff,0x80,0x00,0x00,0x9e,0xff,0x4f,0x16,0xed,0xf1,
  0x7e,0x89,0xf1,0xff,0x4f,0x00,0x45,0xd4,0xf6,0xc3,0x8b,0xff,0x4f,0x00,0x00,0x00,
  0x00,0x00,0x77,0xff,0x4f,0x00,0x00,0x00,0x00,0x00,0x77,0xff,0x4f,0x00,0x00,0x00,
  0x00,0x00,0x77,0xff,0x4f,0x00,0x00,0x00,0x00,0x06,0x2c,0xff,0xa0,0xd4,0xea,0x2c,
  0xff,0xf6,0x8f,0x65,0x2c,0xff,0xaa,0x00,0x00,0x2c,0xff,0x95,0x00,0x00,0x2c,0xff,
  0x95,0x00,0x00,0x2c,0xff,0x95,0x00,0x00,0x2c,0xff,0x95,0x00,0x00,0x00,0x6a,0xd6,
  0xf6,0xe6,0x86,0x00,0x2d,0xfd,0xc0,0x54,0x9e,0xf3,0x46,0x33,0xff,0xc5,0x43,0x0c,
  0x02,0x00,0x00,0x76,0xe0,0xff,0xf9,0xb6,0x1d,0x00,0x26,0x0f,0x21,0x89,0xff,0x95,
  0x4d,0xff,0xb8,0x5a,0x95,0xff,0x7f,0x00,0x76,0xde,0xfa,0xe8,0x94,0x07,0x00,0x7d,
  0x73,0x00,0x00,0x00,0xe1,0xcf,0x00,0x00,0xe4,0xff,0xff,0xff,0x35,0x46,0xe9,0xdc,
  0x4f,0x10,0x00,0xe1,0xcf,0x00,0x00,0x00,0xe1,0xcf,0x00,0x00,0x00,0xe1,0xcf,0x00,
  0x00,0x00,0xd0,0xf0,0x6c,0x14,0x00,0x56,0xe4,0xfb,0x4c,0x2c,0xff,0x95,0x00,0x00,
  0xa1,0xff,0x1d,0x2c,0xff,0x95,0x00,0x00,0xa1,0xff,0x1d,0x2c,0xff,0x95,0x00,0x00,
  0xa1,0xff,0x1d,0x2c,0xff,0x95,0x00,0x00,0xa1,0xff,0x1d,0x22,0xff,0xa4,0x00,0x00,
  0xb6,0xff,0x1d,0x02,0xe9,0xf6,0x87,0x94,0xed,0xff,0x1d,0x00,0x4e,0xdc,0xf7,0xb4,
  0x95,0xff,0x1d,0x9d,0xff,0x3d,0x00,0x00,0x95,0xff,0x40,0x3d,0xff,0x94,0x00,0x00,
  0xe3,0xd7,0x00,0x00,0xd6,0xe2,0x00,0x45,0xff,0x7f,0x00,0x00,0x7d,0xff,0x43,0x9b,
  0xfb,0x1f,0x00,0x00,0x1c,0xfa,0x92,0xe2,0xb8,0x00,0x00,0x00,0x00,0xb7,0xe5,0xff,
  0x5c,0x00,0x00,0x00,0x00,0x5b,0xff,0xeb,0x07,0x00,0x00,0x9f,0xff,0x30,0x00,0x84,
  0xff,0x6f,0x00,0x50,0xff,0x86,0x53,0xff,0x75,0x00,0xc0,0xff,0xad,0x00,0x8f,0xff,
  0x38,0x09,0xf3,0xb3,0x09,0xf5,0xbf,0xe8,0x00,0xc9,0xe3,0x00,0x00,0xb5,0xe8,0x49,
  0xfd,0x48,0xff,0x37,0xf9,0x9e,0x00,0x00,0x6c,0xff,0xa2,0xd1,0x00,0xe6,0xa4,0xff,
  0x53,0x00,0x00,0x1c,0xfc,0xf6,0x8d,0x00,0xa4,0xf6,0xf3,0x09,0x00,0x00,0x00,0xcb,
  0xff,0x43,0x00,0x5c,0xff,0xb5,0x00,0x00,0x49,0xfd,0x9f,0x00,0x34,0xf9,0xae,0x00,
  0x00,0x9f,0xfd,0x3a,0xc3,0xec,0x1c,0x00,0x00,0x12,0xe4,0xdd,0xff,0x63,0x00,0x00,
  0x00,0x00,0x8d,0xff,0xe5,0x02,0x00,0x00,0x00,0x26,0xf2,0xc3,0xff,0x7a,0x00,0x00,
  0x00,0xbd,0xf2,0x1f,0xb0,0xf6,0x2d,0x00,0x6b,0xff,0x78,0x00,0x22,0xf1,0xc6,0x02,
  0x9e,0xff,0x3a,0x00,0x00,0x92,0xff,0x45,0x41,0xff,0x90,0x00,0x00,0xdf,0xdd,0x00,
  0x00,0xda,0xdc,0x00,0x41,0xff,0x87,0x00,0x00,0x85,0xff,0x37,0x97,0xfd,0x27,0x00,
  0x00,0x26,0xfd,0x84,0xdf,0xc3,0x00,0x00,0x00,0x00,0xc4,0xd9,0xff,0x69,0x00,0x00,
  0x00,0x00,0x6c,0xff,0xf3,0x0f,0x00,0x00,0x00,0x00,0x34,0xff,0xa7,0x00,0x00,0x00,
  0x00,0x6e,0xb9,0xfe,0x3f,0x00,0x00,0x00,0x18,0xf6,0xeb,0x77,0x00,0x00,0x00,0x00,
  0x27,0xff,0xff,0xff,0xff,0xff,0x86,0x10,0x6f,0x6f,0x6f,0xe4,0xf8,0x3f,0x00,0x00,
  0x00,0x83,0xff,0x73,0x00,0x00,0x00,0x52,0xfc,0xab,0x00,0x00,0x00,0x2b,0xee,0xd6,
  0x0f,0x00,0x00,0x0d,0xd4,0xff,0x8d,0x6b,0x6b,0x43,0x46,0xff,0xff,0xff,0xff,0xff,
  0xa1,0x00,0x00,0x20,0xbe,0xf4,0x45,0x00,0x00,0x9a,0xfd,0x78,0x16,0x00,0x00,0xbb,
  0xde,0x00,0x00,0x00,0x00,0xbf,0xda,0x00,0x00,0x00,0x1f,0xe4,0xc7,0x00,0x00,0x27,
  0xff,0xd6,0x36,0x00,0x00,0x16,0xa6,0xfd,0x91,0x00,0x00,0x00,0x00,0xc7,0xd7,0x00,
  0x00,0x00,0x00,0xbd,0xdb,0x00,0x00,0x00,0x00,0xac,0xf6,0x36,0x02,0x00,0x00,0x42,
  0xed,0xff,0x46,0x00,0x00,0x00,0x07,0x34,0x12,0x7f,0xff,0x22,0x7f,0xff,0x22,0x7f,
  0xff,0x22,0x7f,0xff,0x22,0x7f,0xff,0x22,0x7f,0xff,0x22,0x7f,0xff,0x22,0x7f,0xff,
  0x22,0x7f,0xff,0x22,0x7f,0xff,0x22,0x7f,0xff,0x22,0x7f,0xff,0x22,0x7f,0xff,0x22,
  0x7f,0xff,0x22,0x7f,0xff,0x22,0x5e,0xf1,0xb6,0x17,0x00,0x00,0x1f,0x85,0xff,0x86,
  0x00,0x00,0x00,0x00,0xf3,0xa5,0x00,0x00,0x00,0x00,0xef,0xaa,0x00,0x00,0x00,0x00,
  0xd3,0xe1,0x45,0x00,0x00,0x00,0x33,0xe1,0xff,0x07,0x00,0x00,0xbc,0xf0,0x78,0x02,
  0x00,0x00,0xee,0xad,0x00,0x00,0x00,0x00,0xf0,0xa7,0x00,0x00,0x04,0x47,0xfe,0x93,
  0x00,0x00,0x5f,0xff,0xe4,0x2e,0x00,0x00,0x17,0x31,0x04,0x00,0x00,0x00,0x00,0x00,
  0x09,0x06,0x00,0x00,0x13,0x16,0x00,0x6d,0xf8,0xf7,0x9e,0x38,0xd3,0xb4,0x00,0xe7,
  0xb9,0x73,0xe4,0xff,0xfa,0x55,0x00,0x51,0x23,0x00,0x0b,0x44,0x26,0x00,
};

static const GdiGlyph inter_semibold_1_glyphs[95] = {
  {      0,   0,   0,    0,    0,   210 }, /* ' ' */
  {      0,   3,   9,    1,    9,   267 }, /* '!' */
  {     27,   5,   4,    1,    9,   435 }, /* '"' */
  {     47,   9,   9,    0,    9,   535 }, /* '#' */
  {    128,   8,  12,    0,   11,   541 }, /* '$' */
  {    224,  11,   9,    1,    9,   836 }, /* '%' */
  {    323,   9,   9,    0,    9,   551 }, /* '&' */
  {    404,   2,   4,    1,    9,   271 }, /* ''' */
  {    412,   4,  12,    1,   10,   310 }, /* '(' */
  {    460,   4,  12,    0,   10,   310 }, /* ')' */
  {    508,   7,   6,    0,    9,   449 }, /* '*' */
  {    550,   7,   7,    1,    7,   560 }, /* '+' */
  {    599,   4,   4,    0,    1,   265 }, /* ',' */
  {    615,   6,   3,    0,    5,   387 }, /* '-' */
  {    633,   3,   2,    1,    2,   265 }, /* '.' */
  {    639,   5,  11,    0,   10,   315 }, /* '/' */
  {    694,   8,   9,    0,    9,   549 }, /* '0' */
  {    766,   5,   9,    0,    9,   352 }, /* '1' */
  {    811,   8,   9,    0,    9,   518 }, /* '2' */
  {    883,   8,   9,    0,    9,   529 }, /* '3' */
  {    955,   9,   9,    0,    9,   554 }, /* '4' */
  {   1036,   8,   9,    0,    9,   509 }, /* '5' */
  {   1108,   8,   9,    0,    9,   532 }, /* '6' */
  {   1180,   7,   9,    0,    9,   479 }, /* '7' */
  {   1243,   8,   9,    0,    9,   533 }, /* '8' */
  {   1315,   8,   9,    0,    9,   532 }, /* '9' */
  {   1387,   3,   7,    1,    7,   265 }, /* ':' */
  {   1408,   4,   9,    0,    6,   274 }, /* ';' */
  {   1444,   7,   8,    1,    8,   560 }, /* '<' */
  {   1500,   7,   6,    1,    7,   560 }, /* '=' */
  {   1542,   7,   8,    1,    8,   560 }, /* '>' */
  {   1598,   7,   9,    0,    9,   452 }, /* '?' */
  {   1661,  13,  12,    0,    9,   831 }, /* '@' */
  {   1817,  10,   9,    0,    9,   605 }, /* 'A' */
  {   1907,   8,   9,    0,    9,   548 }, /* 'B' */
  {   1979,   9,   9,    0,    9,   613 }, /* 'C' */
  {   2060,   9,   9,    0,    9,   601 }, /* 'D' */
  {   2141,   8,   9,    0,    9,   504 }, /* 'E' */
  {   2213,   8,   9,    0,    9,   489 }, /* 'F' */
  {   2285,  10,   9,    0,    9,   623 }, /* 'G' */
  {   2375,   9,   9,    0,    9,   620 }, /* 'H' */
  {   2456,   3,   9,    0,    9,   230 }, /* 'I' */
  {   2483,   7,   9,    0,    9,   482 }, /* 'J' */
  {   2546,   9,   9,    0,    9,   585 }, /* 'K' */
  {   2627,   7,   9,    0,    9,   470 }, /* 'L' */
  {   2690,  12,   9,    0,    9,   767 }, /* 'M' */
  {   2798,   9,   9,    0,    9,   632 }, /* 'N' */
  {   2879,  10,   9,    0,    9,   639 }, /* 'O' */
  {   2969,   8,   9,    0,    9,   537 }, /* 'P' */
  {   3041,  10,  10,    0,    9,   643 }, /* 'Q' */
  {   3141,   9,   9,    0,    9,   543 }, /* 'R' */
  {   3222,   8,   9,    0,    9,   541 }, /* 'S' */
  {   3294,   9,   9,    0,    9,   549 }, /* 'T' */
  {   3375,   9,   9,    0,    9,   612 }, /* 'U' */
  {   3456,  10,   9,    0,    9,   605 }, /* 'V' */
  {   3546,  13,   9,    0,    9,   849 }, /* 'W' */
  {   3663,  10,   9,    0,    9,   599 }, /* 'X' */
  {   3753,   9,   9,    0,    9,   594 }, /* 'Y' */
  {   3834,   8,   9,    0,    9,   543 }, /* 'Z' */
  {   3906,   4,  13,    1,   11,   310 }, /* '[' */
  {   3958,   5,  11,    0,   10,   315 }, /* '/' */
  {   4013,   4,  13,    0,   11,   310 }, /* ']' */
  {   4065,   6,   4,    0,    9,   401 }, /* '^' */
  {   4089,   7,   3,    0,    1,   390 }, /* '_' */
  {   4110,   3,   2,    1,   10,   292 }, /* '`' */
  {   4116,   7,   7,    0,    7,   478 }, /* 'a' */
  {   4165,   8,   9,    0,    9,   519 }, /* 'b' */
  {   4237,   8,   7,    0,    7,   485 }, /* 'c' */
  {   4293,   8,   9,    0,    9,   519 }, /* 'd' */
  {   4365,   8,   7,    0,    7,   492 }, /* 'e' */
  {   4421,   5,   9,    0,    9,   323 }, /* 'f' */
  {   4466,   8,  10,    0,    7,   520 }, /* 'g' */
  {   4546,   8,   9,    0,    9,   509 }, /* 'h' */
  {   4618,   3,   9,    0,    9,   218 }, /* 'i' */
  {   4645,   4,  12,   -1,    9,   218 }, /* 'j' */
  {   4693,   8,   9,    0,    9,   474 }, /* 'k' */
  {   4765,   3,   9,    0,    9,   218 }, /* 'l' */
  {   4792,  11,   7,    0,    7,   749 }, /* 'm' */
  {   4869,   8,   7,    0,    7,   509 }, /* 'n' */
  {   4925,   8,   7,    0,    7,   507 }, /* 'o' */
  {   4981,   8,  10,    0,    7,   519 }, /* 'p' */
  {   5061,   8,  10,    0,    7,   519 }, /* 'q' */
  {   5141,   5,   8,    0,    8,   330 }, /* 'r' */
  {   5181,   7,   7,    0,    7,   457 }, /* 's' */
  {   5230,   5,   9,    0,    9,   294 }, /* 't' */
  {   5275,   8,   7,    0,    7,   509 }, /* 'u' */
  {   5331,   8,   7,    0,    7,   488 }, /* 'v' */
  {   5387,  11,   7,    0,    7,   698 }, /* 'w' */
  {   5464,   8,   7,    0,    7,   473 }, /* 'x' */
  {   5520,   8,  10,    0,    7,   490 }, /* 'y' */
  {   5600,   7,   7,    0,    7,   471 }, /* 'z' */
  {   5649,   6,  12,    0,    9,   378 }, /* '{' */
  {   5721,   3,  15,    1,   12,   299 }, /* '|' */
  {   5766,   6,  12,    0,    9,   378 }, /* '}' */
  {   5838,   8,   4,    0,    6,   560 }, /* '~' */
};

static const UINT8 inter_semibold_2_bits[23355] = {
  0xaa,0xff,0xff,0xf6,0x00,0xa6,0xff,0xff,0xf2,0x00,0xa2,0xff,0xff,0xee,0x00,0x9e,
  0xff,0xff,0xea,0x00,0x99,0xff,0xff,0xe6,0x00,0x95,0xff,0xff,0xe2,0x00,0x91,0xff,
  0xff,0xdd,0x00,0x8d,0xff,0xff,0xd9,0x00,0x88,0xff,0xff,0xd6,0x00,0x84,0xff,0xff,
  0xd1,0x00,0x80,0xff,0xff,0xcd,0x00,0x7c,0xff,0xff,0xc8,0x00,0x78,0xff,0xff,0xc5,
  0x00,0x3a,0x83,0x83,0x62,0x00,0x00,0x00,0x00,0x00,0x00,0x00,0x14,0x26,0x00,0x00,
  0x61,0xf8,0xff,0xad,0x00,0xd6,0xff,0xff,0xff,0x39,0xce,0xff,0xff,0xff,0x2e,0x46,
  0xdf,0xf2,0x88,0x00,0x6e,0xff,0xff,0xdb,0x00,0x4e,0xff,0xff,0xfa,0x62,0xff,0xff,
  0xd1,0x00,0x41,0xff,0xff,0xf0,0x57,0xff,0xff,0xc7,0x00,0x35,0xff,0xff,0xe7,0x4c,
  0xff,0xff,0xbe,0x00,0x28,0xff,0xff,0xdd,0x40,0xff,0xff,0xb4,0x00,0x1b,0xff,0xff,
  0xd4,0x34,0xff,0xff,0xaa,0x00,0x0c,0xff,0xff,0xca,0x27,0xff,0xff,0xa0,0x00,0x00,
  0xfc,0xff,0xc0,0x1a,0xfc,0xfc,0x94,0x00,0x00,0xf0,0xfc,0xb5,0x00,0x00,0x00,0x00,
  0x00,0xcd,0xff,0xd2,0x00,0x00,0x00,0x2d,0xff,0xff,0x81,0x00,0x00,0x00,0x00,0x00,
  0x00,0x00,0xf0,0xff,0xad,0x00,0x00,0x00,0x58,0xff,0xff,0x58,0x00,0x00,0x00,0x00,
  0x00,0x00,0x22,0xff,0xff,0x87,0x00,0x00,0x00,0x81,0xff,0xff,0x2b,0x00,0x00,0x00,
  0x00,0x00,0x00,0x51,0xff,0xff,0x5f,0x00,0x00,0x00,0xa7,0xff,0xf6,0x02,0x00,0x00,
  0x00,0x00,0x00,0x00,0x7a,0xff,0xff,0x35,0x00,0x00,0x00,0xcc,0xff,0xd3,0x00,0x00,
  0x00,0x00,0x47,0xff,0xff,0xff,0xff,0xff,0xff,0xff,0xff,0xff,0xff,0xff,0xff,0xff,
  0xff,0x5e,0x00,0x70,0xff,0xff,0xff,0xff,0xff,0xff,0xff,0xff,0xff,0xff,0xff,0xff,
  0xff,0xff,0x34,0x00,0x68,0xba,0xba,0xfb,0xff,0xe6,0xba,0xba,0xba,0xcf,0xff,0xff,
  0xcd,0xba,0xb9,0x07,0x00,0x00,0x00,0x0d,0xfd,0xff,0x97,0x00,0x00,0x00,0x71,0xff,
  0xff,0x3b,0x00,0x00,0x00,0x00,0x00,0x00,0x39,0xff,0xff,0x74,0x00,0x00,0x00,0x94,
  0xff,0xff,0x10,0x00,0x00,0x00,0x00,0x00,0x00,0x60,0xff,0xff,0x50,0x00,0x00,0x00,
  0xb6,0xff,0xe9,0x00,0x00,0x00,0x00,0x00,0x00,0x00,0x84,0xff,0xff,0x28,0x00,0x00,
  0x00,0xd6,0xff,0xc9,0x00,0x00,0x00,0x00,0x41,0xba,0xba,0xe1,0xff,0xff,0xbb,0xba,
  0xba,0xba,0xf9,0xff,0xe8,0xba,0xba,0x3a,0x00,0x7d,0xff,0xff,0xff,0xff,0xff,0xff,
  0xff,0xff,0xff,0xff,0xff,0xff,0xff,0xff,0x29,0x00,0xa3,0xff,0xff,0xff,0xff,0xff,
  0xff,0xff,0xff,0xff,0xff,0xff,0xff,0xff,0xf5,0x02,0x00,0x00,0x00,0x1a,0xff,0xff,
  0x8d,0x00,0x00,0x00,0x7c,0xff,0xff,0x2e,0x00,0x00,0x00,0x00,0x00,0x00,0x49,0xff,
  0xff,0x65,0x00,0x00,0x00,0xa3,0xff,0xf7,0x04,0x00,0x00,0x00,0x00,0x00,0x00,0x73,
  0xff,0xff,0x3a,0x00,0x00,0x00,0xc8,0xff,0xd6,0x00,0x00,0x00,0x00,0x00,0x00,0x00,
  0x9b,0xff,0xfd,0x0c,0x00,0x00,0x00,0xed,0xff,0xb1,0x00,0x00,0x00,0x00,0x00,0x00,
  0x00,0xc0,0xff,0xe1,0x00,0x00,0x00,0x1c,0xff,0xff,0x8a,0x00,0x00,0x00,0x00,0x00,
  0x00,0x00,0x00,0x00,0x00,0x00,0x4b,0xff,0x5b,0x00,0x00,0x00,0x00,0x00,0x00,0x00,
  0x00,0x00,0x00,0x00,0x00,0x4b,0xff,0x5b,0x00,0x00,0x00,0x00,0x00,0x00,0x00,0x00,
  0x00,0x00,0x00,0x00,0x4d,0xff,0x5b,0x00,0x00,0x00,0x00,0x00,0x00,0x00,0x00,0x00,
  0x21,0x8c,0xd7,0xfc,0xff,0xf9,0xe2,0xaa,0x41,0x00,0x00,0x00,0x00,0x00,0x5b,0xf0,
  0xff,0xff,0xff,0xff,0xff,0xff,0xff,0xfd,0x8c,0x00,0x00,0x00,0x47,0xfa,0xff,0xff,
  0xff,0xfe,0xff,0xfe,0xff,0xff,0xff,0xff,0x77,0x00,0x00,0xcf,0xff,0xff,0xf6,0x76,
  0x58,0xff,0x62,0x5e,0xe7,0xff,0xff,0xef,0x10,0x27,0xff,0xff,0xff,0x7c,0x00,0x4b,
  0xff,0x5b,0x00,0x41,0xff,0xff,0xff,0x59,0x49,0xff,0xff,0xff,0x42,0x00,0x4b,0xff,
  0x5b,0x00,0x00,0x8e,0x99,0x99,0x47,0x3e,0xff,0xff,0xff,0x86,0x00,0x4b,0xff,0x5b,
  0x00,0x00,0x00,0x00,0x00,0x00,0x07,0xee,0xff,0xff,0xfc,0x96,0x62,0xff,0x5b,0x00,
  0x00,0x00,0x00,0x00,0x00,0x00,0x75,0xff,0xff,0xff,0xff,0xff,0xff,0xab,0x44,0x02,
  0x00,0x00,0x00,0x00,0x00,0x00,0x7c,0xf7,0xff,0xff,0xff,0xff,0xff,0xff,0xe4,0x7e,
  0x09,0x00,0x00,0x00,0x00,0x00,0x28,0x98,0xe6,0xff,0xff,0xff,0xff,0xff,0xff,0xd6,
  0x26,0x00,0x00,0x00,0x00,0x00,0x00,0x00,0x67,0xff,0xe0,0xfd,0xff,0xff,0xff,0xd7,
  0x07,0x00,0x00,0x00,0x00,0x00,0x00,0x4b,0xff,0x5b,0x2c,0xbb,0xff,0xff,0xff,0x6a,
  0x00,0x00,0x00,0x00,0x00,0x00,0x4b,0xff,0x5b,0x00,0x07,0xe4,0xff,0xff,0xa3,0xbf,
  0xf6,0xf6,0xac,0x00,0x00,0x4b,0xff,0x5b,0x00,0x00,0xc7,0xff,0xff,0xb7,0xa2,0xff,
  0xff,0xf1,0x26,0x00,0x4b,0xff,0x5b,0x00,0x28,0xf5,0xff,0xff,0xa0,0x51,0xff,0xff,
  0xff,0xde,0x5b,0x51,0xff,0x61,0x58,0xde,0xff,0xff,0xff,0x58,0x00,0xbe,0xff,0xff,
  0xff,0xff,0xfc,0xff,0xfe,0xff,0xff,0xff,0xff,0xc7,0x00,0x00,0x16,0xc4,0xff,0xff,
  0xff,0xff,0xff,0xff,0xff,0xff,0xff,0xcf,0x1c,0x00,0x00,0x00,0x02,0x64,0xbc,0xea,
  0xfc,0xff,0xfc,0xec,0xc2,0x6f,0x07,0x00,0x00,0x00,0x00,0x00,0x00,0x00,0x00,0x4b,
  0xff,0x5b,0x00,0x00,0x00,0x00,0x00,0x00,0x00,0x00,0x00,0x00,0x00,0x00,0x4b,0xff,
  0x5b,0x00,0x00,0x00,0x00,0x00,0x00,0x00,0x00,0x00,0x00,0x00,0x00,0x13,0x42,0x17,
  0x00,0x00,0x00,0x00,0x00,0x00,0x00,0x06,0x89,0xe1,0xf9,0xe4,0x91,0x0b,0x00,0x00,
  0x00,0x00,0x00,0x00,0x00,0x2b,0xf5,0xff,0x77,0x00,0x00,0x00,0x00,0xab,0xff,0xff,
  0xff,0xff,0xff,0xbb,0x00,0x00,0x00,0x00,0x00,0x00,0x00,0xc2,0xff,0xc9,0x02,0x00,
  0x00,0x00,0x36,0xff,0xff,0xad,0x4c,0xa0,0xff,0xff,0x4b,0x00,0x00,0x00,0x00,0x00,
  0x6f,0xff,0xf7,0x31,0x00,0x00,0x00,0x00,0x74,0xff,0xff,0x18,0x00,0x0b,0xf9,0xff,
  0x84,0x00,0x00,0x00,0x00,0x22,0xf0,0xff,0x84,0x00,0x00,0x00,0x00,0x00,0x83,0xff,
  0xf9,0x00,0x00,0x00,0xeb,0xff,0x91,0x00,0x00,0x00,0x00,0xb7,0xff,0xd2,0x06,0x00,
  0x00,0x00,0x00,0x00,0x76,0xff,0xff,0x17,0x00,0x0b,0xf9,0xff,0x84,0x00,0x00,0x00,
  0x62,0xff,0xfb,0x3a,0x00,0x00,0x00,0x00,0x00,0x00,0x3a,0xff,0xff,0xad,0x4e,0xa2,
  0xff,0xff,0x49,0x00,0x00,0x1a,0xeb,0xff,0x90,0x00,0x00,0x00,0x00,0x00,0x00,0x00,
  0x00,0xb0,0xff,0xff,0xff,0xff,0xff,0xbb,0x00,0x00,0x00,0xac,0xff,0xdb,0x0b,0x00,
  0x00,0x00,0x00,0x00,0x00,0x00,0x00,0x07,0x8c,0xe2,0xf9,0xe4,0x93,0x0c,0x00,0x00,
  0x55,0xff,0xfd,0x46,0x00,0x00,0x00,0x00,0x00,0x00,0x00,0x00,0x00,0x00,0x00,0x00,
  0x00,0x00,0x00,0x00,0x00,0x13,0xe4,0xff,0x9b,0x00,0x00,0x00,0x00,0x00,0x00,0x00,
  0x00,0x00,0x00,0x00,0x00,0x00,0x00,0x00,0x00,0x00,0x00,0xa1,0xff,0xe2,0x10,0x00,
  0x00,0x00,0x13,0x34,0x1c,0x00,0x00,0x00,0x00,0x00,0x00,0x00,0x00,0x00,0x00,0x00,
  0x49,0xfe,0xff,0x52,0x00,0x00,0x12,0xab,0xfc,0xff,0xff,0xc3,0x26,0x00,0x00,0x00,
  0x00,0x00,0x00,0x00,0x00,0x0c,0xdd,0xff,0xa7,0x00,0x00,0x00,0xb8,0xff,0xff,0xff,
  0xff,0xff,0xda,0x0b,0x00,0x00,0x00,0x00,0x00,0x00,0x00,0x95,0xff,0xe9,0x17,0x00,
  0x00,0x36,0xff,0xff,0x95,0x14,0x6c,0xff,0xff,0x61,0x00,0x00,0x00,0x00,0x00,0x00,
  0x3f,0xfc,0xff,0x5e,0x00,0x00,0x00,0x6b,0xff,0xff,0x18,0x00,0x00,0xea,0xff,0x92,
  0x00,0x00,0x00,0x00,0x00,0x07,0xd6,0xff,0xb3,0x00,0x00,0x00,0x00,0x76,0xff,0xff,
  0x00,0x00,0x00,0xdd,0xff,0x9c,0x00,0x00,0x00,0x00,0x00,0x88,0xff,0xef,0x1f,0x00,
  0x00,0x00,0x00,0x67,0xff,0xff,0x23,0x00,0x06,0xf0,0xff,0x8d,0x00,0x00,0x00,0x00,
  0x35,0xf9,0xff,0x6a,0x00,0x00,0x00,0x00,0x00,0x28,0xfe,0xff,0xb5,0x4f,0x9a,0xff,
  0xff,0x52,0x00,0x00,0x00,0x02,0xcc,0xff,0xbf,0x00,0x00,0x00,0x00,0x00,0x00,0x00,
  0x9f,0xff,0xff,0xff,0xff,0xff,0xc3,0x02,0x00,0x00,0x00,0x7c,0xff,0xf4,0x28,0x00,
  0x00,0x00,0x00,0x00,0x00,0x00,0x02,0x83,0xde,0xf9,0xe7,0x9a,0x10,0x00,0x00,0x00,
  0x00,0x16,0x94,0xde,0xf8,0xeb,0xb6,0x40,0x00,0x00,0x00,0x00,0x00,0x00,0x00,0x00,
  0x00,0x20,0xe0,0xff,0xff,0xff,0xff,0xff,0xfa,0x5e,0x00,0x00,0x00,0x00,0x00,0x00,
  0x00,0x00,0xb5,0xff,0xff,0xfe,0xe5,0xf6,0xff,0xff,0xf0,0x13,0x00,0x00,0x00,0x00,
  0x00,0x00,0x1a,0xfc,0xff,0xfc,0x53,0x00,0x14,0xcc,0xff,0xff,0x68,0x00,0x00,0x00,
  0x00,0x00,0x00,0x43,0xff,0xff,0xcc,0x00,0x00,0x00,0x73,0xff,0xff,0x85,0x00,0x00,
  0x00,0x00,0x00,0x00,0x3b,0xff,0xff,0xd5,0x00,0x00,0x00,0x9b,0xff,0xff,0x6d,0x00,
  0x00,0x00,0x00,0x00,0x00,0x0d,0xf5,0xff,0xff,0x46,0x00,0x65,0xfb,0xff,0xf8,0x1d,
  0x00,0x00,0x00,0x00,0x00,0x00,0x00,0xa2,0xff,0xff,0xdd,0x95,0xfd,0xff,0xff,0x82,
  0x00,0x00,0x00,0x00,0x00,0x00,0x00,0x00,0x20,0xef,0xff,0xff,0xff,0xff,0xff,0x94,
  0x00,0x00,0x00,0x00,0x00,0x00,0x00,0x00,0x00,0x00,0x9d,0xff,0xff,0xff,0xf7,0x6a,
  0x00,0x00,0x00,0x00,0x00,0x00,0x00,0x00,0x00,0x06,0x9e,0xff,0xff,0xff,0xff,0xfc,
  0x54,0x00,0x00,0x00,0x51,0x53,0x49,0x00,0x00,0x00,0xab,0xff,0xff,0xff,0xde,0xff,
  0xff,0xf2,0x36,0x00,0x16,0xff,0xff,0xdc,0x00,0x00,0x62,0xff,0xff,0xff,0x7a,0x0c,
  0xc9,0xff,0xff,0xe3,0x1f,0x43,0xff,0xff,0xc8,0x00,0x00,0xbf,0xff,0xff,0xb3,0x00,
  0x00,0x1a,0xdd,0xff,0xff,0xcc,0xa2,0xff,0xff,0x97,0x00,0x00,0xdd,0xff,0xff,0x7d,
  0x00,0x00,0x00,0x2d,0xec,0xff,0xff,0xff,0xff,0xff,0x48,0x00,0x00,0xcc,0xff,0xff,
  0xa8,0x00,0x00,0x00,0x00,0x43,0xf6,0xff,0xff,0xff,0xce,0x00,0x00,0x00,0x90,0xff,
  0xff,0xfd,0x76,0x04,0x00,0x07,0x63,0xe9,0xff,0xff,0xff,0x80,0x00,0x00,0x00,0x20,
  0xea,0xff,0xff,0xff,0xf6,0xdf,0xf6,0xff,0xff,0xff,0xff,0xff,0xf5,0x35,0x00,0x00,
  0x00,0x41,0xe6,0xff,0xff,0xff,0xff,0xff,0xff,0xff,0xdb,0xc7,0xff,0xff,0xdb,0x12,
  0x00,0x00,0x00,0x17,0x84,0xcf,0xee,0xfb,0xea,0xbd,0x6d,0x0b,0x1b,0xe5,0xff,0xff,
  0xb0,0x00,0x6e,0xff,0xff,0xdb,0x62,0xff,0xff,0xd1,0x57,0xff,0xff,0xc7,0x4c,0xff,
  0xff,0xbe,0x40,0xff,0xff,0xb4,0x34,0xff,0xff,0xaa,0x27,0xff,0xff,0xa0,0x1a,0xfc,
  0xfc,0x94,0x00,0x00,0x00,0x65,0xaf,0xaf,0x6f,0x00,0x00,0x10,0xeb,0xff,0xff,0x4e,
  0x00,0x00,0x7a,0xff,0xff,0xdd,0x00,0x00,0x00,0xd6,0xff,0xff,0x8d,0x00,0x00,0x36,
  0xff,0xff,0xff,0x37,0x00,0x00,0x84,0xff,0xff,0xe6,0x00,0x00,0x00,0xc5,0xff,0xff,
  0xaa,0x00,0x00,0x04,0xf4,0xff,0xff,0x73,0x00,0x00,0x38,0xff,0xff,0xff,0x3f,0x00,
  0x00,0x62,0xff,0xff,0xfe,0x0d,0x00,0x00,0x84,0xff,0xff,0xea,0x00,0x00,0x00,0x9b,
  0xff,0xff,0xd3,0x00,0x00,0x00,0xa7,0xff,0xff,0xc8,0x00,0x00,0x00,0xaa,0xff,0xff,
  0xc4,0x00,0x00,0x00,0x9b,0xff,0xff,0xcd,0x00,0x00,0x00,0x8a,0xff,0xff,0xdf,0x00,
  0x00,0x00,0x6e,0xff,0xff,0xf9,0x04,0x00,0x00,0x38,0xff,0xff,0xff,0x39,0x00,0x00,
  0x04,0xf5,0xff,0xff,0x75,0x00,0x00,0x00,0xbe,0xff,0xff,0xb8,0x00,0x00,0x00,0x6b,
  0xff,0xff,0xf5,0x0d,0x00,0x00,0x13,0xf7,0xff,0xff,0x65,0x00,0x00,0x00,0xa7,0xff,
  0xff,0xbe,0x00,0x00,0x00,0x2d,0xfb,0xff,0xfc,0x28,0x00,0x00,0x00,0xa8,0xff,0xff,
  0x91,0x00,0xa0,0xaf,0xaf,0x31,0x00,0x00,0x00,0x00,0xa4,0xff,0xff,0xb3,0x00,0x00,
  0x00,0x00,0x47,0xff,0xff,0xfe,0x2d,0x00,0x00,0x00,0x00,0xde,0xff,0xff,0x91,0x00,
  0x00,0x00,0x00,0x8a,0xff,0xff,0xe3,0x00,0x00,0x00,0x00,0x40,0xff,0xff,0xff,0x36,
  0x00,0x00,0x00,0x02,0xed,0xff,0xff,0x80,0x00,0x00,0x00,0x00,0xbc,0xff,0xff,0xb4,
  0x00,0x00,0x00,0x00,0x8c,0xff,0xff,0xe4,0x00,0x00,0x00,0x00,0x62,0xff,0xff,0xfe,
  0x0f,0x00,0x00,0x00,0x41,0xff,0xff,0xff,0x37,0x00,0x00,0x00,0x22,0xff,0xff,0xff,
  0x51,0x00,0x00,0x00,0x14,0xff,0xff,0xff,0x5d,0x00,0x00,0x00,0x0c,0xff,0xff,0xff,
  0x61,0x00,0x00,0x00,0x1b,0xff,0xff,0xff,0x50,0x00,0x00,0x00,0x37,0xff,0xff,0xff,
  0x3d,0x00,0x00,0x00,0x5b,0xff,0xff,0xff,0x1c,0x00,0x00,0x00,0x8c,0xff,0xff,0xe2,
  0x00,0x00,0x00,0x00,0xc0,0xff,0xff,0xb1,0x00,0x00,0x00,0x0f,0xf7,0xff,0xff,0x74,
  0x00,0x00,0x00,0x5d,0xff,0xff,0xfb,0x1b,0x00,0x00,0x00,0xb2,0xff,0xff,0xbc,0x00,
  0x00,0x00,0x14,0xf6,0xff,0xff,0x5a,0x00,0x00,0x00,0x78,0xff,0xff,0xd4,0x00,0x00,
  0x00,0x00,0xd6,0xff,0xff,0x5e,0x00,0x00,0x00,0x00,0x00,0x00,0x00,0x1f,0xff,0xff,
  0x22,0x00,0x00,0x00,0x00,0x00,0x0b,0x0f,0x00,0x0b,0xff,0xff,0x12,0x00,0x0c,0x0d,
  0x00,0x00,0x80,0xdd,0x44,0x00,0xf9,0xfd,0x02,0x3f,0xd9,0x89,0x00,0x0c,0xed,0xff,
  0xfc,0x90,0xf0,0xf5,0x8a,0xfb,0xff,0xf1,0x10,0x00,0x37,0xb7,0xff,0xff,0xff,0xff,
  0xff,0xff,0xbd,0x3b,0x00,0x00,0x00,0x00,0x5d,0xfb,0xff,0xff,0xfc,0x66,0x00,0x00,
  0x00,0x00,0x1d,0x99,0xf8,0xff,0xff,0xff,0xff,0xfa,0x9f,0x21,0x00,0x0c,0xea,0xff,
  0xff,0xa7,0xf1,0xf6,0xa2,0xfe,0xff,0xef,0x10,0x00,0x8e,0xea,0x5a,0x00,0xf8,0xfc,
  0x00,0x54,0xe7,0x96,0x00,0x00,0x12,0x1c,0x00,0x09,0xff,0xff,0x10,0x00,0x17,0x16,
  0x00,0x00,0x00,0x00,0x00,0x1d,0xff,0xff,0x21,0x00,0x00,0x00,0x00,0x00,0x00,0x00,
  0x00,0x04,0x22,0x22,0x04,0x00,0x00,0x00,0x00,0x00,0x00,0x00,0x00,0x00,0xba,0xff,
  0xff,0x3e,0x00,0x00,0x00,0x00,0x00,0x00,0x00,0x00,0x00,0x00,0xba,0xff,0xff,0x3e,
  0x00,0x00,0x00,0x00,0x00,0x00,0x00,0x00,0x00,0x00,0xba,0xff,0xff,0x3e,0x00,0x00,
  0x00,0x00,0x00,0x00,0x00,0x00,0x00,0x00,0xba,0xff,0xff,0x3e,0x00,0x00,0x00,0x00,
  0x00,0x00,0x00,0x00,0x00,0x00,0xba,0xff,0xff,0x3e,0x00,0x00,0x00,0x00,0x00,0x92,
  0xda,0xda,0xda,0xda,0xf4,0xff,0xff,0xe1,0xda,0xda,0xda,0xda,0x28,0xac,0xff,0xff,
  0xff,0xff,0xff,0xff,0xff,0xff,0xff,0xff,0xff,0xff,0x30,0xac,0xff,0xff,0xff,0xff,
  0xff,0xff,0xff,0xff,0xff,0xff,0xff,0xff,0x30,0x00,0x00,0x00,0x00,0x00,0xba,0xff,
  0xff,0x3e,0x00,0x00,0x00,0x00,0x00,0x00,0x00,0x00,0x00,0x00,0xba,0xff,0xff,0x3e,
  0x00,0x00,0x00,0x00,0x00,0x00,0x00,0x00,0x00,0x00,0xba,0xff,0xff,0x3e,0x00,0x00,
  0x00,0x00,0x00,0x00,0x00,0x00,0x00,0x00,0xba,0xff,0xff,0x3e,0x00,0x00,0x00,0x00,
  0x00,0x00,0x00,0x00,0x00,0x00,0xba,0xff,0xff,0x3e,0x00,0x00,0x00,0x00,0x00,0x00,
  0x00,0x00,0x00,0x00,0x47,0x63,0x63,0x17,0x00,0x00,0x00,0x00,0x00,0x00,0x75,0xff,
  0xff,0xf0,0x04,0x00,0x97,0xff,0xff,0xb4,0x00,0x00,0xb7,0xff,0xff,0x72,0x00,0x00,
  0xd7,0xff,0xff,0x28,0x00,0x00,0xf5,0xff,0xdc,0x00,0x00,0x22,0xff,0xff,0x9c,0x00,
  0x00,0x49,0xff,0xff,0x58,0x00,0x00,0x6d,0xff,0xf9,0x10,0x00,0x00,0x38,0xdd,0xdd,
  0xdd,0xdd,0xdd,0xdd,0xdd,0xdd,0x4f,0x42,0xff,0xff,0xff,0xff,0xff,0xff,0xff,0xff,
  0x5b,0x42,0xff,0xff,0xff,0xff,0xff,0xff,0xff,0xff,0x5b,0x00,0x20,0x31,0x00,0x00,
  0x66,0xfb,0xff,0xa6,0x00,0xd7,0xff,0xff,0xff,0x28,0xcb,0xff,0xff,0xfc,0x1b,0x42,
  0xde,0xf0,0x76,0x00,0x00,0x00,0x00,0x00,0x00,0x00,0x53,0x8e,0x8e,0x3a,0x00,0x00,
  0x00,0x00,0x00,0x00,0xc4,0xff,0xff,0x36,0x00,0x00,0x00,0x00,0x00,0x0b,0xf7,0xff,
  0xea,0x00,0x00,0x00,0x00,0x00,0x00,0x4e,0xff,0xff,0xaf,0x00,0x00,0x00,0x00,0x00,
  0x00,0x90,0xff,0xff,0x71,0x00,0x00,0x00,0x00,0x00,0x00,0xcc,0xff,0xff,0x2b,0x00,
  0x00,0x00,0x00,0x00,0x12,0xfb,0xff,0xe2,0x00,0x00,0x00,0x00,0x00,0x00,0x58,0xff,
  0xff,0xa7,0x00,0x00,0x00,0x00,0x00,0x00,0x98,0xff,0xff,0x67,0x00,0x00,0x00,0x00,
  0x00,0x00,0xd5,0xff,0xff,0x21,0x00,0x00,0x00,0x00,0x00,0x1b,0xfd,0xff,0xd9,0x00,
  0x00,0x00,0x00,0x00,0x00,0x62,0xff,0xff,0x9e,0x00,0x00,0x00,0x00,0x00,0x00,0xa2,
  0xff,0xff,0x5e,0x00,0x00,0x00,0x00,0x00,0x00,0xdd,0xff,0xfc,0x18,0x00,0x00,0x00,
  0x00,0x00,0x23,0xff,0xff,0xd1,0x00,0x00,0x00,0x00,0x00,0x00,0x6b,0xff,0xff,0x95,
  0x00,0x00,0x00,0x00,0x00,0x00,0xaa,0xff,0xff,0x54,0x00,0x00,0x00,0x00,0x00,0x00,
  0xe4,0xff,0xfa,0x0f,0x00,0x00,0x00,0x00,0x00,0x2f,0xff,0xff,0xc8,0x00,0x00,0x00,
  0x00,0x00,0x00,0x75,0xff,0xff,0x8c,0x00,0x00,0x00,0x00,0x00,0x00,0xb3,0xff,0xff,
  0x4b,0x00,0x00,0x00,0x00,0x00,0x02,0xec,0xff,0xf6,0x09,0x00,0x00,0x00,0x00,0x00,
  0x3a,0xff,0xff,0xc0,0x00,0x00,0x00,0x00,0x00,0x00,0x7e,0xff,0xff,0x84,0x00,0x00,
  0x00,0x00,0x00,0x00,0x00,0x00,0x00,0x00,0x59,0xb6,0xe7,0xf9,0xea,0xc2,0x6b,0x02,
  0x00,0x00,0x00,0x00,0x00,0x09,0xb0,0xff,0xff,0xff,0xff,0xff,0xff,0xff,0xc7,0x17,
  0x00,0x00,0x00,0x00,0xac,0xff,0xff,0xff,0xff,0xfc,0xff,0xff,0xff,0xff,0xc9,0x06,
  0x00,0x00,0x55,0xff,0xff,0xff,0xcd,0x3a,0x02,0x2c,0xb6,0xff,0xff,0xff,0x7a,0x00,
  0x00,0xca,0xff,0xff,0xe5,0x16,0x00,0x00,0x00,0x06,0xcf,0xff,0xff,0xe8,0x04,0x27,
  0xfe,0xff,0xff,0x7b,0x00,0x00,0x00,0x00,0x00,0x58,0xff,0xff,0xff,0x4f,0x66,0xff,
  0xff,0xff,0x26,0x00,0x00,0x00,0x00,0x00,0x07,0xf5,0xff,0xff,0x8b,0x92,0xff,0xff,
  0xea,0x00,0x00,0x00,0x00,0x00,0x00,0x00,0xcc,0xff,0xff,0xb6,0xa8,0xff,0xff,0xd0,
  0x00,0x00,0x00,0x00,0x00,0x00,0x00,0xb0,0xff,0xff,0xcb,0xb4,0xff,0xff,0xc6,0x00,
  0x00,0x00,0x00,0x00,0x00,0x00,0xa5,0xff,0xff,0xd7,0xb5,0xff,0xff,0xc5,0x00,0x00,
  0x00,0x00,0x00,0x00,0x00,0xa6,0xff,0xff,0xd6,0xa8,0xff,0xff,0xd0,0x00,0x00,0x00,
  0x00,0x00,0x00,0x00,0xb0,0xff,0xff,0xcb,0x93,0xff,0xff,0xea,0x00,0x00,0x00,0x00,
  0x00,0x00,0x00,0xcb,0xff,0xff,0xb6,0x67,0xff,0xff,0xff,0x25,0x00,0x00,0x00,0x00,
  0x00,0x07,0xf4,0xff,0xff,0x8c,0x28,0xfe,0xff,0xff,0x79,0x00,0x00,0x00,0x00,0x00,
  0x56,0xff,0xff,0xff,0x51,0x00,0xcc,0xff,0xff,0xe4,0x14,0x00,0x00,0x00,0x04,0xce,
  0xff,0xff,0xea,0x04,0x00,0x59,0xff,0xff,0xff,0xcc,0x3d,0x04,0x2e,0xb6,0xff,0xff,
  0xff,0x7c,0x00,0x00,0x00,0xb0,0xff,0xff,0xff,0xff,0xfe,0xff,0xff,0xff,0xff,0xcc,
  0x07,0x00,0x00,0x00,0x0b,0xb4,0xff,0xff,0xff,0xff,0xff,0xff,0xff,0xc9,0x1a,0x00,
  0x00,0x00,0x00,0x00,0x00,0x5b,0xb8,0xe9,0xfa,0xec,0xc3,0x6d,0x02,0x00,0x00,0x00,
  0x00,0x00,0x00,0x6b,0xf6,0xff,0xff,0xff,0x27,0x00,0x0d,0xa7,0xff,0xff,0xff,0xff,
  0xff,0x27,0x33,0xd7,0xff,0xff,0xff,0xff,0xff,0xff,0x27,0xd3,0xff,0xff,0xee,0x98,
  0xff,0xff,0xff,0x27,0xd6,0xff,0xcd,0x27,0x53,0xff,0xff,0xff,0x27,0xd6,0x9a,0x07,
  0x00,0x53,0xff,0xff,0xff,0x27,0x40,0x00,0x00,0x00,0x53,0xff,0xff,0xff,0x27,0x00,
  0x00,0x00,0x00,0x53,0xff,0xff,0xff,0x27,0x00,0x00,0x00,0x00,0x53,0xff,0xff,0xff,
  0x27,0x00,0x00,0x00,0x00,0x53,0xff,0xff,0xff,0x27,0x00,0x00,0x00,0x00,0x53,0xff,
  0xff,0xff,0x27,0x00,0x00,0x00,0x00,0x53,0xff,0xff,0xff,0x27,0x00,0x00,0x00,0x00,
  0x53,0xff,0xff,0xff,0x27,0x00,0x00,0x00,0x00,0x53,0xff,0xff,0xff,0x27,0x00,0x00,
  0x00,0x00,0x53,0xff,0xff,0xff,0x27,0x00,0x00,0x00,0x00,0x53,0xff,0xff,0xff,0x27,
  0x00,0x00,0x00,0x00,0x53,0xff,0xff,0xff,0x27,0x00,0x00,0x00,0x00,0x53,0xff,0xff,
  0xff,0x27,0x00,0x00,0x00,0x00,0x53,0xff,0xff,0xff,0x27,0x00,0x00,0x00,0x00,0x53,
  0xff,0xff,0xff,0x27,0x00,0x00,0x00,0x2e,0x96,0xda,0xf3,0xf4,0xdb,0x99,0x31,0x00,
  0x00,0x00,0x00,0x00,0x6e,0xf6,0xff,0xff,0xff,0xff,0xff,0xff,0xf8,0x78,0x00,0x00,
  0x00,0x56,0xfd,0xff,0xff,0xff,0xf6,0xf8,0xff,0xff,0xff,0xfe,0x61,0x00,0x00,0xda,
  0xff,0xff,0xe4,0x4f,0x04,0x06,0x58,0xe9,0xff,0xff,0xe1,0x04,0x3e,0xff,0xff,0xff,
  0x4e,0x00,0x00,0x00,0x00,0x53,0xff,0xff,0xff,0x40,0x63,0xff,0xff,0xf3,0x00,0x00,
  0x00,0x00,0x00,0x06,0xf8,0xff,0xff,0x60,0x1a,0x39,0x39,0x31,0x00,0x00,0x00,0x00,
  0x00,0x07,0xfc,0xff,0xff,0x58,0x00,0x00,0x00,0x00,0x00,0x00,0x00,0x00,0x00,0x57,
  0xff,0xff,0xfd,0x1d,0x00,0x00,0x00,0x00,0x00,0x00,0x00,0x00,0x0f,0xd8,0xff,0xff,
  0xb4,0x00,0x00,0x00,0x00,0x00,0x00,0x00,0x00,0x02,0xaf,0xff,0xff,0xf5,0x2e,0x00,
  0x00,0x00,0x00,0x00,0x00,0x00,0x00,0x97,0xff,0xff,0xff,0x6a,0x00,0x00,0x00,0x00,
  0x00,0x00,0x00,0x00,0x8d,0xff,0xff,0xff,0x92,0x00,0x00,0x00,0x00,0x00,0x00,0x00,
  0x00,0x86,0xff,0xff,0xff,0xa5,0x00,0x00,0x00,0x00,0x00,0x00,0x00,0x00,0x80,0xff,
  0xff,0xff,0xb1,0x04,0x00,0x00,0x00,0x00,0x00,0x00,0x00,0x7b,0xff,0xff,0xff,0xbe,
  0x09,0x00,0x00,0x00,0x00,0x00,0x00,0x00,0x74,0xfe,0xff,0xff,0xc9,0x0f,0x00,0x00,
  0x00,0x00,0x00,0x00,0x00,0x6e,0xfe,0xff,0xff,0xd6,0x1b,0x07,0x07,0x07,0x07,0x07,
  0x07,0x04,0x42,0xfd,0xff,0xff,0xff,0xff,0xff,0xff,0xff,0xff,0xff,0xff,0xff,0xaf,
  0x5b,0xff,0xff,0xff,0xff,0xff,0xff,0xff,0xff,0xff,0xff,0xff,0xff,0xaf,0x5b,0xff,
  0xff,0xff,0xff,0xff,0xff,0xff,0xff,0xff,0xff,0xff,0xff,0xaf,0x00,0x00,0x00,0x18,
  0x84,0xce,0xed,0xf9,0xe5,0xb6,0x5a,0x00,0x00,0x00,0x00,0x00,0x00,0x57,0xeb,0xff,
  0xff,0xff,0xff,0xff,0xff,0xff,0xb6,0x0c,0x00,0x00,0x00,0x48,0xf8,0xff,0xff,0xff,
  0xfc,0xf1,0xff,0xff,0xff,0xff,0xad,0x00,0x00,0x00,0xcf,0xff,0xff,0xee,0x64,0x07,
  0x00,0x2b,0xc1,0xff,0xff,0xff,0x39,0x00,0x23,0xff,0xff,0xff,0x59,0x00,0x00,0x00,
  0x00,0x14,0xf3,0xff,0xff,0x7e,0x00,0x22,0x7f,0x7f,0x7f,0x0c,0x00,0x00,0x00,0x00,
  0x00,0xd4,0xff,0xff,0x8e,0x00,0x00,0x00,0x00,0x00,0x00,0x00,0x00,0x00,0x00,0x12,
  0xf4,0xff,0xff,0x67,0x00,0x00,0x00,0x00,0x00,0x00,0x00,0x00,0x00,0x22,0xbe,0xff,
  0xff,0xe4,0x0d,0x00,0x00,0x00,0x00,0x00,0x00,0x9a,0xc5,0xd6,0xf9,0xff,0xff,0xe1,
  0x37,0x00,0x00,0x00,0x00,0x00,0x00,0x00,0xc8,0xff,0xff,0xff,0xff,0xa8,0x12,0x00,
  0x00,0x00,0x00,0x00,0x00,0x00,0x00,0xc8,0xff,0xff,0xff,0xff,0xff,0xf3,0x6d,0x00,
  0x00,0x00,0x00,0x00,0x00,0x00,0x00,0x00,0x1d,0x51,0xc7,0xff,0xff,0xff,0x76,0x00,
  0x00,0x00,0x00,0x00,0x00,0x00,0x00,0x00,0x00,0x04,0xc3,0xff,0xff,0xec,0x06,0x00,
  0x00,0x00,0x00,0x00,0x00,0x00,0x00,0x00,0x00,0x63,0xff,0xff,0xff,0x37,0x6d,0xac,
  0xac,0x97,0x00,0x00,0x00,0x00,0x00,0x00,0x65,0xff,0xff,0xff,0x3e,0x83,0xff,0xff,
  0xfe,0x39,0x00,0x00,0x00,0x00,0x00,0xbb,0xff,0xff,0xfe,0x16,0x2c,0xfb,0xff,0xff,
  0xe9,0x6b,0x1b,0x07,0x39,0xb2,0xff,0xff,0xff,0xb7,0x00,0x00,0x90,0xff,0xff,0xff,
  0xff,0xff,0xfe,0xff,0xff,0xff,0xff,0xed,0x30,0x00,0x00,0x00,0x90,0xfc,0xff,0xff,
  0xff,0xff,0xff,0xff,0xff,0xdc,0x3e,0x00,0x00,0x00,0x00,0x00,0x37,0x99,0xd7,0xf0,
  0xf9,0xe6,0xbe,0x70,0x0b,0x00,0x00,0x00,0x00,0x00,0x00,0x00,0x00,0x00,0x00,0x0f,
  0xe4,0xff,0xff,0xff,0xa8,0x00,0x00,0x00,0x00,0x00,0x00,0x00,0x00,0x00,0x00,0x94,
  0xff,0xff,0xff,0xff,0xa8,0x00,0x00,0x00,0x00,0x00,0x00,0x00,0x00,0x00,0x35,0xfa,
  0xff,0xff,0xff,0xff,0xa8,0x00,0x00,0x00,0x00,0x00,0x00,0x00,0x00,0x00,0xc6,0xff,
  0xff,0xff,0xff,0xff,0xa8,0x00,0x00,0x00,0x00,0x00,0x00,0x00,0x00,0x69,0xff,0xff,
  0xec,0xaf,0xff,0xff,0xa8,0x00,0x00,0x00,0x00,0x00,0x00,0x00,0x16,0xea,0xff,0xff,
  0x6f,0xa1,0xff,0xff,0xa8,0x00,0x00,0x00,0x00,0x00,0x00,0x00,0x9f,0xff,0xff,0xcd,
  0x02,0xa1,0xff,0xff,0xa8,0x00,0x00,0x00,0x00,0x00,0x00,0x3e,0xfc,0xff,0xfc,0x3e,
  0x00,0xa1,0xff,0xff,0xa8,0x00,0x00,0x00,0x00,0x00,0x02,0xcf,0xff,0xff,0xa1,0x00,
  0x00,0xa1,0xff,0xff,0xa8,0x00,0x00,0x00,0x00,0x00,0x75,0xff,0xff,0xed,0x18,0x00,
  0x00,0xa1,0xff,0xff,0xa8,0x00,0x00,0x00,0x00,0x1c,0xf0,0xff,0xff,0x70,0x00,0x00,
  0x00,0xa1,0xff,0xff,0xa8,0x00,0x00,0x00,0x00,0xa9,0xff,0xff,0xce,0x02,0x00,0x00,
  0x00,0xa1,0xff,0xff,0xa8,0x00,0x00,0x00,0x48,0xfe,0xff,0xfd,0x3f,0x00,0x00,0x00,
  0x00,0xa1,0xff,0xff,0xa8,0x00,0x00,0x00,0xac,0xff,0xff,0xfc,0xeb,0xeb,0xeb,0xeb,
  0xeb,0xf6,0xff,0xff,0xf7,0xeb,0xeb,0x10,0xaf,0xff,0xff,0xff,0xff,0xff,0xff,0xff,
  0xff,0xff,0xff,0xff,0xff,0xff,0xff,0x13,0xaf,0xff,0xff,0xff,0xff,0xff,0xff,0xff,
  0xff,0xff,0xff,0xff,0xff,0xff,0xff,0x13,0x00,0x00,0x00,0x00,0x00,0x00,0x00,0x00,
  0x00,0xaf,0xff,0xff,0xa8,0x00,0x00,0x00,0x00,0x00,0x00,0x00,0x00,0x00,0x00,0x00,
  0x00,0xaf,0xff,0xff,0xa8,0x00,0x00,0x00,0x00,0x00,0x00,0x00,0x00,0x00,0x00,0x00,
  0x00,0xaf,0xff,0xff,0xa8,0x00,0x00,0x00,0x00,0x00,0x00,0x00,0x00,0x00,0x00,0x00,
  0x00,0xaf,0xff,0xff,0xa8,0x00,0x00,0x00,0x00,0x70,0xff,0xff,0xff,0xff,0xff,0xff,
  0xff,0xff,0xff,0xff,0xac,0x00,0x00,0x87,0xff,0xff,0xff,0xff,0xff,0xff,0xff,0xff,
  0xff,0xff,0xac,0x00,0x00,0x9e,0xff,0xff,0xfc,0xf9,0xf9,0xf9,0xf9,0xf9,0xf9,0xf9,
  0xa7,0x00,0x00,0xb4,0xff,0xff,0x7d,0x00,0x00,0x00,0x00,0x00,0x00,0x00,0x00,0x00,
  0x00,0xc9,0xff,0xff,0x64,0x00,0x00,0x00,0x00,0x00,0x00,0x00,0x00,0x00,0x00,0xde,
  0xff,0xff,0x4c,0x00,0x00,0x00,0x00,0x00,0x00,0x00,0x00,0x00,0x00,0xf4,0xff,0xff,
  0x30,0x00,0x00,0x00,0x00,0x00,0x00,0x00,0x00,0x00,0x0f,0xff,0xff,0xff,0x26,0x94,
  0xe0,0xf9,0xe7,0xb7,0x4d,0x00,0x00,0x00,0x2e,0xff,0xff,0xfc,0xde,0xff,0xff,0xff,
  0xff,0xff,0xff,0x93,0x00,0x00,0x48,0xff,0xff,0xff,0xff,0xf1,0xcf,0xdd,0xff,0xff,
  0xff,0xff,0x74,0x00,0x2d,0x9b,0xc1,0xdf,0x70,0x07,0x00,0x00,0x43,0xe6,0xff,0xff,
  0xf2,0x0f,0x00,0x00,0x00,0x00,0x00,0x00,0x00,0x00,0x00,0x43,0xfe,0xff,0xff,0x66,
  0x00,0x00,0x00,0x00,0x00,0x00,0x00,0x00,0x00,0x00,0xd4,0xff,0xff,0x90,0x00,0x00,
  0x00,0x00,0x00,0x00,0x00,0x00,0x00,0x00,0xbe,0xff,0xff,0xa0,0x64,0x95,0x95,0x6f,
  0x00,0x00,0x00,0x00,0x00,0x00,0xdd,0xff,0xff,0x88,0x8d,0xff,0xff,0xed,0x14,0x00,
  0x00,0x00,0x00,0x55,0xff,0xff,0xff,0x54,0x39,0xfe,0xff,0xff,0xc8,0x35,0x00,0x02,
  0x58,0xeb,0xff,0xff,0xe1,0x02,0x00,0xa3,0xff,0xff,0xff,0xff,0xf0,0xf3,0xff,0xff,
  0xff,0xfc,0x4b,0x00,0x00,0x07,0xa8,0xff,0xff,0xff,0xff,0xff,0xff,0xff,0xf0,0x5c,
  0x00,0x00,0x00,0x00,0x00,0x4d,0xac,0xe2,0xf7,0xf0,0xd4,0x8b,0x22,0x00,0x00,0x00,
  0x00,0x00,0x00,0x00,0x3e,0xac,0xe4,0xfa,0xed,0xca,0x77,0x0b,0x00,0x00,0x00,0x00,
  0x00,0x00,0x88,0xfc,0xff,0xff,0xff,0xff,0xff,0xff,0xd6,0x2b,0x00,0x00,0x00,0x00,
  0x80,0xff,0xff,0xff,0xff,0xff,0xff,0xff,0xff,0xff,0xdc,0x13,0x00,0x00,0x30,0xf9,
  0xff,0xff,0xda,0x5b,0x23,0x3e,0xac,0xff,0xff,0xff,0x8b,0x00,0x00,0xa8,0xff,0xff,
  0xe4,0x18,0x00,0x00,0x00,0x00,0xb5,0xff,0xff,0xe6,0x00,0x04,0xf1,0xff,0xff,0x6b,
  0x00,0x00,0x00,0x00,0x00,0x36,0x99,0x99,0x99,0x10,0x43,0xff,0xff,0xf8,0x10,0x00,
  0x00,0x00,0x00,0x00,0x00,0x00,0x00,0x00,0x00,0x80,0xff,0xff,0xd1,0x00,0x33,0xa6,
  0xe4,0xf8,0xe2,0xa4,0x33,0x00,0x00,0x00,0x96,0xff,0xff,0xb6,0x5b,0xf6,0xff,0xff,
  0xff,0xff,0xff,0xf6,0x61,0x00,0x00,0xa8,0xff,0xff,0xcc,0xf3,0xff,0xea,0xc8,0xe4,
  0xff,0xff,0xff,0xf9,0x3a,0x00,0xb6,0xff,0xff,0xff,0xfd,0x7e,0x06,0x00,0x00,0x69,
  0xf9,0xff,0xff,0xbf,0x00,0xad,0xff,0xff,0xff,0x96,0x00,0x00,0x00,0x00,0x00,0x88,
  0xff,0xff,0xfd,0x20,0x9f,0xff,0xff,0xff,0x2b,0x00,0x00,0x00,0x00,0x00,0x22,0xff,
  0xff,0xff,0x49,0x7d,0xff,0xff,0xff,0x07,0x00,0x00,0x00,0x00,0x00,0x04,0xfd,0xff,
  0xff,0x5a,0x43,0xff,0xff,0xff,0x36,0x00,0x00,0x00,0x00,0x00,0x33,0xff,0xff,0xff,
  0x3e,0x06,0xe4,0xff,0xff,0xa9,0x00,0x00,0x00,0x00,0x00,0xa5,0xff,0xff,0xf1,0x0d,
  0x00,0x7e,0xff,0xff,0xff,0x9a,0x18,0x00,0x17,0x95,0xff,0xff,0xff,0x9b,0x00,0x00,
  0x06,0xcb,0xff,0xff,0xff,0xfc,0xeb,0xfc,0xff,0xff,0xff,0xde,0x14,0x00,0x00,0x00,
  0x1a,0xc6,0xff,0xff,0xff,0xff,0xff,0xff,0xff,0xd1,0x2b,0x00,0x00,0x00,0x00,0x00,
  0x02,0x64,0xbd,0xeb,0xfa,0xe7,0xc3,0x6b,0x0b,0x00,0x00,0x00,0xf6,0xff,0xff,0xff,
  0xff,0xff,0xff,0xff,0xff,0xff,0xff,0xff,0xef,0xf6,0xff,0xff,0xff,0xff,0xff,0xff,
  0xff,0xff,0xff,0xff,0xff,0xef,0xf6,0xff,0xff,0xff,0xff,0xff,0xff,0xff,0xff,0xff,
  0xff,0xff,0xef,0x0c,0x0d,0x0d,0x0d,0x0d,0x0d,0x0d,0x0d,0x0f,0xdc,0xff,0xff,0xbe,
  0x00,0x00,0x00,0x00,0x00,0x00,0x00,0x00,0x5e,0xff,0xff,0xff,0x49,0x00,0x00,0x00,
  0x00,0x00,0x00,0x00,0x00,0xcf,0xff,0xff,0xc9,0x00,0x00,0x00,0x00,0x00,0x00,0x00,
  0x00,0x50,0xff,0xff,0xff,0x57,0x00,0x00,0x00,0x00,0x00,0x00,0x00,0x00,0xc4,0xff,
  0xff,0xd5,0x00,0x00,0x00,0x00,0x00,0x00,0x00,0x00,0x42,0xff,0xff,0xff,0x64,0x00,
  0x00,0x00,0x00,0x00,0x00,0x00,0x00,0xb8,0xff,0xff,0xde,0x04,0x00,0x00,0x00,0x00,
  0x00,0x00,0x00,0x35,0xfe,0xff,0xff,0x71,0x00,0x00,0x00,0x00,0x00,0x00,0x00,0x00,
  0xac,0xff,0xff,0xe7,0x09,0x00,0x00,0x00,0x00,0x00,0x00,0x00,0x29,0xfb,0xff,0xff,
  0x7e,0x00,0x00,0x00,0x00,0x00,0x00,0x00,0x00,0xa0,0xff,0xff,0xee,0x10,0x00,0x00,
  0x00,0x00,0x00,0x00,0x00,0x20,0xf7,0xff,0xff,0x8a,0x00,0x00,0x00,0x00,0x00,0x00,
  0x00,0x00,0x94,0xff,0xff,0xf4,0x18,0x00,0x00,0x00,0x00,0x00,0x00,0x00,0x16,0xf2,
  0xff,0xff,0x96,0x00,0x00,0x00,0x00,0x00,0x00,0x00,0x00,0x87,0xff,0xff,0xf8,0x22,
  0x00,0x00,0x00,0x00,0x00,0x00,0x00,0x0d,0xec,0xff,0xff,0xa2,0x00,0x00,0x00,0x00,
  0x00,0x00,0x00,0x00,0x7a,0xff,0xff,0xfc,0x2c,0x00,0x00,0x00,0x00,0x00,0x00,0x00,
  0x00,0x00,0x00,0x1b,0x87,0xcf,0xee,0xf9,0xe5,0xb6,0x5f,0x00,0x00,0x00,0x00,0x00,
  0x00,0x52,0xec,0xff,0xff,0xff,0xff,0xff,0xff,0xff,0xc3,0x16,0x00,0x00,0x00,0x37,
  0xf6,0xff,0xff,0xff,0xeb,0xd9,0xf7,0xff,0xff,0xff,0xc7,0x00,0x00,0x00,0xb3,0xff,
  0xff,0xfa,0x63,0x00,0x00,0x14,0xac,0xff,0xff,0xff,0x59,0x00,0x00,0xea,0xff,0xff,
  0x98,0x00,0x00,0x00,0x00,0x09,0xe7,0xff,0xff,0x98,0x00,0x00,0xf4,0xff,0xff,0x6a,
  0x00,0x00,0x00,0x00,0x00,0xc1,0xff,0xff,0xa2,0x00,0x00,0xcf,0xff,0xff,0x95,0x00,
  0x00,0x00,0x00,0x06,0xe4,0xff,0xff,0x77,0x00,0x00,0x66,0xff,0xff,0xf7,0x50,0x00,
  0x00,0x09,0x9e,0xff,0xff,0xeb,0x12,0x00,0x00,0x00,0x93,0xff,0xff,0xff,0xd5,0xc0,
  0xe9,0xff,0xff,0xec,0x40,0x00,0x00,0x00,0x00,0x00,0x67,0xf5,0xff,0xff,0xff,0xff,
  0xff,0xd2,0x2d,0x00,0x00,0x00,0x00,0x10,0xb5,0xff,0xff,0xff,0xff,0xff,0xff,0xff,
  0xff,0xf5,0x71,0x00,0x00,0x00,0xbd,0xff,0xff,0xf7,0x88,0x2e,0x13,0x44,0xbf,0xff,
  0xff,0xff,0x61,0x00,0x52,0xff,0xff,0xff,0x68,0x00,0x00,0x00,0x00,0x02,0xc4,0xff,
  0xff,0xe6,0x04,0x9e,0xff,0xff,0xee,0x00,0x00,0x00,0x00,0x00,0x00,0x5f,0xff,0xff,
  0xff,0x45,0xb2,0xff,0xff,0xdd,0x00,0x00,0x00,0x00,0x00,0x00,0x4b,0xff,0xff,0xff,
  0x5e,0x96,0xff,0xff,0xfc,0x29,0x00,0x00,0x00,0x00,0x00,0x8d,0xff,0xff,0xff,0x3e,
  0x45,0xff,0xff,0xff,0xd2,0x34,0x00,0x00,0x02,0x6b,0xfa,0xff,0xff,0xdc,0x04,0x00,
  0xa8,0xff,0xff,0xff,0xfc,0xde,0xce,0xec,0xff,0xff,0xff,0xfa,0x51,0x00,0x00,0x06,
  0x9f,0xfd,0xff,0xff,0xff,0xff,0xff,0xff,0xff,0xe9,0x57,0x00,0x00,0x00,0x00,0x00,
  0x3d,0x9b,0xd8,0xf0,0xfa,0xe8,0xc4,0x7a,0x13,0x00,0x00,0x00,0x00,0x00,0x00,0x25,
  0x8b,0xd4,0xef,0xf8,0xde,0xa2,0x34,0x00,0x00,0x00,0x00,0x00,0x00,0x61,0xf2,0xff,
  0xff,0xff,0xff,0xff,0xff,0xfc,0x83,0x00,0x00,0x00,0x00,0x54,0xfd,0xff,0xff,0xff,
  0xf9,0xf3,0xff,0xff,0xff,0xff,0x7a,0x00,0x00,0x09,0xea,0xff,0xff,0xf0,0x64,0x04,
  0x00,0x41,0xd6,0xff,0xff,0xf9,0x27,0x00,0x62,0xff,0xff,0xff,0x4c,0x00,0x00,0x00,
  0x00,0x1c,0xeb,0xff,0xff,0x95,0x00,0x9a,0xff,0xff,0xcf,0x00,0x00,0x00,0x00,0x00,
  0x00,0x92,0xff,0xff,0xde,0x00,0xb2,0xff,0xff,0xae,0x00,0x00,0x00,0x00,0x00,0x00,
  0x6b,0xff,0xff,0xff,0x1c,0xa5,0xff,0xff,0xc4,0x00,0x00,0x00,0x00,0x00,0x00,0x88,
  0xff,0xff,0xff,0x43,0x7f,0xff,0xff,0xfb,0x2e,0x00,0x00,0x00,0x00,0x0f,0xe1,0xff,
  0xff,0xff,0x54,0x22,0xfc,0xff,0xff,0xd8,0x30,0x00,0x00,0x1d,0xbe,0xff,0xff,0xff,
  0xff,0x5e,0x00,0x92,0xff,0xff,0xff,0xfc,0xd2,0xcd,0xf7,0xff,0xc4,0xfd,0xff,0xff,
  0x4e,0x00,0x07,0xab,0xff,0xff,0xff,0xff,0xff,0xff,0xd6,0x29,0xff,0xff,0xff,0x39,
  0x00,0x00,0x00,0x5f,0xc3,0xed,0xf6,0xd7,0x84,0x0f,0x33,0xff,0xff,0xff,0x1d,0x00,
  0x00,0x00,0x00,0x00,0x00,0x00,0x00,0x00,0x00,0x6c,0xff,0xff,0xdd,0x00,0x51,0xa1,
  0xa1,0x98,0x02,0x00,0x00,0x00,0x00,0x00,0xbf,0xff,0xff,0xa2,0x00,0x51,0xff,0xff,
  0xff,0x60,0x00,0x00,0x00,0x00,0x59,0xff,0xff,0xff,0x4e,0x00,0x07,0xe0,0xff,0xff,
  0xf3,0x78,0x2c,0x2d,0x82,0xf7,0xff,0xff,0xc8,0x00,0x00,0x00,0x58,0xfc,0xff,0xff,
  0xff,0xff,0xff,0xff,0xff,0xff,0xf1,0x31,0x00,0x00,0x00,0x00,0x6c,0xf6,0xff,0xff,
  0xff,0xff,0xff,0xff,0xea,0x43,0x00,0x00,0x00,0x00,0x00,0x00,0x2e,0x99,0xdc,0xf6,
  0xf7,0xd6,0x8c,0x18,0x00,0x00,0x00,0x00,0x00,0x23,0x36,0x00,0x00,0x69,0xfc,0xff,
  0xaa,0x00,0xd8,0xff,0xff,0xff,0x28,0xcb,0xff,0xff,0xfc,0x1b,0x42,0xde,0xf0,0x76,
  0x00,0x00,0x00,0x00,0x00,0x00,0x00,0x00,0x00,0x00,0x00,0x00,0x00,0x00,0x00,0x00,
  0x00,0x00,0x00,0x00,0x00,0x00,0x00,0x00,0x00,0x00,0x00,0x20,0x31,0x00,0x00,0x66,
  0xfb,0xff,0xa6,0x00,0xd7,0xff,0xff,0xff,0x28,0xcb,0xff,0xff,0xfc,0x1b,0x42,0xde,
  0xf0,0x76,0x00,0x00,0x00,0x13,0x3d,0x0b,0x00,0x00,0x31,0xeb,0xff,0xdc,0x17,0x00,
  0x97,0xff,0xff,0xff,0x74,0x00,0x89,0xff,0xff,0xff,0x65,0x00,0x17,0xc2,0xf5,0xac,
  0x06,0x00,0x00,0x00,0x00,0x00,0x00,0x00,0x00,0x00,0x00,0x00,0x00,0x00,0x00,0x00,
  0x00,0x00,0x00,0x00,0x00,0x00,0x00,0x00,0x00,0x00,0x00,0x00,0x00,0x00,0x00,0x00,
  0x00,0x00,0x00,0x00,0x00,0x00,0x00,0x00,0x00,0x00,0x00,0x00,0x75,0xff,0xff,0xf0,
  0x04,0x00,0x97,0xff,0xff,0xb4,0x00,0x00,0xb7,0xff,0xff,0x72,0x00,0x00,0xd7,0xff,
  0xff,0x28,0x00,0x00,0xf5,0xff,0xdc,0x00,0x00,0x22,0xff,0xff,0x9c,0x00,0x00,0x49,
  0xff,0xff,0x58,0x00,0x00,0x6d,0xff,0xf9,0x10,0x00,0x00,0x00,0x00,0x00,0x00,0x00,
  0x00,0x00,0x00,0x00,0x00,0x00,0x00,0x21,0x00,0x00,0x00,0x00,0x00,0x00,0x00,0x00,
  0x00,0x00,0x41,0xb9,0xca,0x00,0x00,0x00,0x00,0x00,0x00,0x00,0x00,0x49,0xc0,0xff,
  0xff,0xcc,0x00,0x00,0x00,0x00,0x00,0x00,0x52,0xc7,0xff,0xff,0xff,0xff,0xcc,0x00,
  0x00,0x00,0x00,0x5a,0xcf,0xff,0xff,0xff,0xff,0xfd,0xbb,0x48,0x00,0x04,0x63,0xd6,
  0xff,0xff,0xff,0xff,0xf6,0xa2,0x31,0x00,0x00,0x65,0xdc,0xff,0xff,0xff,0xff,0xea,
  0x89,0x1b,0x00,0x00,0x00,0x00,0xe1,0xff,0xff,0xff,0xd7,0x6f,0x0b,0x00,0x00,0x00,
  0x00,0x00,0x00,0xe1,0xff,0xff,0xfa,0x84,0x17,0x00,0x00,0x00,0x00,0x00,0x00,0x00,
  0xad,0xff,0xff,0xff,0xff,0xf4,0x9c,0x2c,0x00,0x00,0x00,0x00,0x00,0x00,0x3f,0xb7,
  0xfe,0xff,0xff,0xff,0xfc,0xb4,0x44,0x00,0x00,0x00,0x00,0x00,0x00,0x37,0xaf,0xfc,
  0xff,0xff,0xff,0xff,0xcb,0x5f,0x04,0x00,0x00,0x00,0x00,0x00,0x2f,0xa8,0xfb,0xff,
  0xff,0xff,0xff,0xbc,0x00,0x00,0x00,0x00,0x00,0x00,0x00,0x28,0xa1,0xf8,0xff,0xff,
  0xcc,0x00,0x00,0x00,0x00,0x00,0x00,0x00,0x00,0x00,0x22,0x99,0xf6,0xcc,0x00,0x00,
  0x00,0x00,0x00,0x00,0x00,0x00,0x00,0x00,0x00,0x1c,0x68,0x6f,0xff,0xff,0xff,0xff,
  0xff,0xff,0xff,0xff,0xff,0xff,0xff,0xe4,0x6f,0xff,0xff,0xff,0xff,0xff,0xff,0xff,
  0xff,0xff,0xff,0xff,0xe4,0x69,0xf2,0xf2,0xf2,0xf2,0xf2,0xf2,0xf2,0xf2,0xf2,0xf2,
  0xf2,0xd8,0x00,0x00,0x00,0x00,0x00,0x00,0x00,0x00,0x00,0x00,0x00,0x00,0x00,0x00,
  0x00,0x00,0x00,0x00,0x00,0x00,0x00,0x00,0x00,0x00,0x00,0x00,0x00,0x00,0x00,0x00,
  0x00,0x00,0x00,0x00,0x00,0x00,0x00,0x00,0x00,0x6c,0xf9,0xf9,0xf9,0xf9,0xf9,0xf9,
  0xf9,0xf9,0xf9,0xf9,0xf9,0xde,0x6f,0xff,0xff,0xff,0xff,0xff,0xff,0xff,0xff,0xff,
  0xff,0xff,0xe4,0x6f,0xff,0xff,0xff,0xff,0xff,0xff,0xff,0xff,0xff,0xff,0xff,0xe4,
  0x17,0x0c,0x00,0x00,0x00,0x00,0x00,0x00,0x00,0x00,0x00,0x00,0x00,0x00,0x4f,0xea,
  0x81,0x10,0x00,0x00,0x00,0x00,0x00,0x00,0x00,0x00,0x00,0x00,0x4f,0xff,0xff,0xee,
  0x88,0x16,0x00,0x00,0x00,0x00,0x00,0x00,0x00,0x00,0x4f,0xff,0xff,0xff,0xff,0xf1,
  0x8f,0x1b,0x00,0x00,0x00,0x00,0x00,0x00,0x12,0x84,0xe7,0xff,0xff,0xff,0xff,0xf4,
  0x96,0x20,0x00,0x00,0x00,0x00,0x00,0x00,0x09,0x6a,0xd4,0xff,0xff,0xff,0xff,0xf7,
  0x9e,0x26,0x00,0x00,0x00,0x00,0x00,0x00,0x00,0x4f,0xbd,0xfe,0xff,0xff,0xff,0xfa,
  0xa4,0x21,0x00,0x00,0x00,0x00,0x00,0x00,0x00,0x33,0xa3,0xf7,0xff,0xff,0xff,0x67,
  0x00,0x00,0x00,0x00,0x00,0x00,0x00,0x00,0x48,0xc9,0xff,0xff,0xff,0x67,0x00,0x00,
  0x00,0x00,0x00,0x06,0x63,0xcf,0xff,0xff,0xff,0xff,0xea,0x44,0x00,0x00,0x00,0x13,
  0x7d,0xe3,0xff,0xff,0xff,0xff,0xe7,0x7c,0x0d,0x00,0x00,0x26,0x95,0xf1,0xff,0xff,
  0xff,0xff,0xe2,0x75,0x0b,0x00,0x00,0x00,0x41,0xfb,0xff,0xff,0xff,0xff,0xdd,0x6d,
  0x07,0x00,0x00,0x00,0x00,0x00,0x4f,0xff,0xff,0xff,0xd7,0x66,0x04,0x00,0x00,0x00,
  0x00,0x00,0x00,0x00,0x4f,0xff,0xd1,0x5e,0x02,0x00,0x00,0x00,0x00,0x00,0x00,0x00,
  0x00,0x00,0x31,0x56,0x00,0x00,0x00,0x00,0x00,0x00,0x00,0x00,0x00,0x00,0x00,0x00,
  0x00,0x00,0x29,0x9a,0xdc,0xf6,0xf3,0xda,0x96,0x27,0x00,0x00,0x00,0x5f,0xf5,0xff,
  0xff,0xff,0xff,0xff,0xff,0xf3,0x5a,0x00,0x36,0xf8,0xff,0xff,0xff,0xea,0xf0,0xff,
  0xff,0xff,0xf6,0x30,0xaa,0xff,0xff,0xf6,0x54,0x00,0x00,0x71,0xfe,0xff,0xff,0x9f,
  0xe0,0xff,0xff,0x8a,0x00,0x00,0x00,0x00,0xb6,0xff,0xff,0xcf,0x7d,0x83,0x83,0x2e,
  0x00,0x00,0x00,0x00,0x99,0xff,0xff,0xdb,0x00,0x00,0x00,0x00,0x00,0x00,0x00,0x00,
  0xd2,0xff,0xff,0xbe,0x00,0x00,0x00,0x00,0x00,0x00,0x02,0x98,0xff,0xff,0xff,0x67,
  0x00,0x00,0x00,0x00,0x00,0x1c,0xc1,0xff,0xff,0xff,0xb8,0x02,0x00,0x00,0x00,0x00,
  0x26,0xe4,0xff,0xff,0xff,0xa0,0x0b,0x00,0x00,0x00,0x00,0x00,0xaa,0xff,0xff,0xf6,
  0x5e,0x00,0x00,0x00,0x00,0x00,0x00,0x00,0xea,0xff,0xff,0x7c,0x00,0x00,0x00,0x00,
  0x00,0x00,0x00,0x0c,0xff,0xff,0xff,0x13,0x00,0x00,0x00,0x00,0x00,0x00,0x00,0x16,
  0xcf,0xcf,0xc8,0x00,0x00,0x00,0x00,0x00,0x00,0x00,0x00,0x00,0x00,0x00,0x00,0x00,
  0x00,0x00,0x00,0x00,0x00,0x00,0x00,0x00,0x09,0x2b,0x06,0x00,0x00,0x00,0x00,0x00,
  0x00,0x00,0x00,0x2d,0xe5,0xff,0xdc,0x1d,0x00,0x00,0x00,0x00,0x00,0x00,0x00,0x99,
  0xff,0xff,0xff,0x83,0x00,0x00,0x00,0x00,0x00,0x00,0x00,0x8f,0xff,0xff,0xff,0x78,
  0x00,0x00,0x00,0x00,0x00,0x00,0x00,0x1b,0xc5,0xf6,0xba,0x0f,0x00,0x00,0x00,0x00,
  0x00,0x00,0x00,0x00,0x00,0x00,0x00,0x40,0x92,0xc5,0xe8,0xf6,0xf9,0xe7,0xd2,0x9d,
  0x52,0x07,0x00,0x00,0x00,0x00,0x00,0x00,0x00,0x00,0x00,0x00,0x00,0x44,0xc9,0xff,
  0xff,0xff,0xff,0xff,0xff,0xff,0xff,0xff,0xff,0xdd,0x5d,0x00,0x00,0x00,0x00,0x00,
  0x00,0x00,0x00,0x00,0x84,0xfc,0xff,0xff,0xff,0xfc,0xd7,0xc3,0xb6,0xc2,0xe3,0xff,
  0xff,0xff,0xff,0xa5,0x06,0x00,0x00,0x00,0x00,0x00,0x00,0x8e,0xff,0xff,0xff,0xdd,
  0x69,0x17,0x00,0x00,0x00,0x00,0x00,0x2c,0x95,0xf7,0xff,0xff,0xb6,0x02,0x00,0x00,
  0x00,0x00,0x5d,0xff,0xff,0xff,0x96,0x06,0x00,0x00,0x00,0x00,0x00,0x00,0x00,0x00,
  0x00,0x43,0xea,0xff,0xff,0x84,0x00,0x00,0x00,0x0f,0xe7,0xff,0xff,0x91,0x00,0x00,
  0x00,0x00,0x00,0x00,0x00,0x00,0x00,0x00,0x00,0x00,0x2e,0xf4,0xff,0xfb,0x2c,0x00,
  0x00,0x7b,0xff,0xff,0xcf,0x06,0x00,0x00,0x00,0x00,0x00,0x00,0x00,0x00,0x00,0x00,
  0x00,0x00,0x00,0x7d,0xff,0xff,0xa2,0x00,0x00,0xd7,0xff,0xff,0x51,0x00,0x00,0x00,
  0x1f,0x96,0xdf,0xf8,0xe7,0x9e,0x18,0xbb,0xbe,0x5d,0x00,0x04,0xea,0xff,0xf6,0x0b,
  0x28,0xff,0xff,0xde,0x00,0x00,0x00,0x31,0xe4,0xff,0xff,0xff,0xff,0xff,0xd2,0xfd,
  0xff,0x7f,0x00,0x00,0xa2,0xff,0xff,0x50,0x69,0xff,0xff,0xa2,0x00,0x00,0x07,0xd5,
  0xff,0xff,0xed,0xbe,0xd0,0xfa,0xff,0xff,0xff,0x7f,0x00,0x00,0x5d,0xff,0xff,0x89,
  0x90,0xff,0xff,0x6e,0x00,0x00,0x65,0xff,0xff,0xbe,0x10,0x00,0x00,0x33,0xde,0xff,
  0xff,0x7f,0x00,0x00,0x40,0xff,0xff,0x9f,0xa9,0xff,0xff,0x54,0x00,0x00,0xb2,0xff,
  0xfa,0x28,0x00,0x00,0x00,0x00,0x66,0xff,0xff,0x7f,0x00,0x00,0x23,0xff,0xff,0xb0,
  0xb5,0xff,0xff,0x42,0x00,0x00,0xd4,0xff,0xcf,0x00,0x00,0x00,0x00,0x00,0x2d,0xff,
  0xff,0x7f,0x00,0x00,0x1d,0xff,0xff,0xa6,0xb6,0xff,0xff,0x41,0x00,0x00,0xe3,0xff,
  0xb9,0x00,0x00,0x00,0x00,0x00,0x1f,0xff,0xff,0x7f,0x00,0x00,0x28,0xff,0xff,0x94,
  0xac,0xff,0xff,0x52,0x00,0x00,0xd4,0xff,0xcd,0x00,0x00,0x00,0x00,0x00,0x3a,0xff,
  0xff,0x7f,0x00,0x00,0x3f,0xff,0xff,0x80,0x96,0xff,0xff,0x6a,0x00,0x00,0xb2,0xff,
  0xf6,0x14,0x00,0x00,0x00,0x00,0x6e,0xff,0xff,0x7f,0x00,0x00,0x69,0xff,0xff,0x54,
  0x72,0xff,0xff,0x9e,0x00,0x00,0x6c,0xff,0xff,0x86,0x00,0x00,0x00,0x0c,0xd8,0xff,
  0xff,0x8e,0x00,0x00,0xb3,0xff,0xf6,0x13,0x38,0xff,0xff,0xd9,0x00,0x00,0x0b,0xe1,
  0xff,0xfe,0xaa,0x72,0x82,0xd7,0xff,0xf6,0xff,0xeb,0x7a,0x9f,0xff,0xff,0xa3,0x00,
  0x00,0xe7,0xff,0xff,0x49,0x00,0x00,0x44,0xf1,0xff,0xff,0xff,0xff,0xff,0xc0,0x83,
  0xff,0xff,0xff,0xff,0xff,0xe2,0x1b,0x00,0x00,0x8f,0xff,0xff,0xc7,0x04,0x00,0x00,
  0x30,0xaa,0xe4,0xf9,0xe4,0x95,0x0d,0x04,0x75,0xd7,0xf6,0xea,0xa9,0x22,0x00,0x00,
  0x00,0x1f,0xf1,0xff,0xff,0x8b,0x00,0x00,0x00,0x00,0x00,0x00,0x00,0x00,0x00,0x00,
  0x00,0x00,0x00,0x00,0x00,0x00,0x00,0x00,0x00,0x00,0x76,0xff,0xff,0xff,0x99,0x07,
  0x00,0x00,0x00,0x00,0x00,0x00,0x00,0x00,0x00,0x00,0x00,0x00,0x00,0x00,0x00,0x00,
  0x00,0x00,0x00,0xa5,0xff,0xff,0xff,0xe3,0x76,0x25,0x00,0x00,0x00,0x00,0x00,0x17,
  0x65,0x86,0x00,0x00,0x00,0x00,0x00,0x00,0x00,0x00,0x00,0x02,0x96,0xfe,0xff,0xff,
  0xff,0xff,0xe2,0xcd,0xbe,0xc6,0xde,0xfd,0xff,0xfa,0x17,0x00,0x00,0x00,0x00,0x00,
  0x00,0x00,0x00,0x00,0x00,0x4e,0xcf,0xff,0xff,0xff,0xff,0xff,0xff,0xff,0xff,0xff,
  0xff,0xfe,0x5b,0x00,0x00,0x00,0x00,0x00,0x00,0x00,0x00,0x00,0x00,0x00,0x00,0x43,
  0x91,0xc4,0xe6,0xf6,0xfc,0xf3,0xdd,0xb6,0x7e,0x2e,0x00,0x00,0x00,0x00,0x00,0x00,
  0x00,0x00,0x00,0x00,0x00,0x00,0x06,0xee,0xff,0xff,0xff,0xbf,0x00,0x00,0x00,0x00,
  0x00,0x00,0x00,0x00,0x00,0x00,0x00,0x00,0x00,0x52,0xff,0xff,0xff,0xff,0xfb,0x1b,
  0x00,0x00,0x00,0x00,0x00,0x00,0x00,0x00,0x00,0x00,0x00,0x00,0xa3,0xff,0xff,0xfd,
  0xff,0xff,0x72,0x00,0x00,0x00,0x00,0x00,0x00,0x00,0x00,0x00,0x00,0x00,0x04,0xeb,
  0xff,0xff,0xb0,0xff,0xff,0xc3,0x00,0x00,0x00,0x00,0x00,0x00,0x00,0x00,0x00,0x00,
  0x00,0x4f,0xff,0xff,0xf0,0x43,0xff,0xff,0xfc,0x1d,0x00,0x00,0x00,0x00,0x00,0x00,
  0x00,0x00,0x00,0x00,0xa2,0xff,0xff,0xb8,0x04,0xf0,0xff,0xff,0x75,0x00,0x00,0x00,
  0x00,0x00,0x00,0x00,0x00,0x00,0x04,0xea,0xff,0xff,0x7c,0x00,0xb6,0xff,0xff,0xc6,
  0x00,0x00,0x00,0x00,0x00,0x00,0x00,0x00,0x00,0x4c,0xff,0xff,0xff,0x38,0x00,0x74,
  0xff,0xff,0xfc,0x21,0x00,0x00,0x00,0x00,0x00,0x00,0x00,0x00,0x9f,0xff,0xff,0xea,
  0x00,0x00,0x28,0xff,0xff,0xff,0x79,0x00,0x00,0x00,0x00,0x00,0x00,0x00,0x02,0xe8,
  0xff,0xff,0xaa,0x00,0x00,0x00,0xd9,0xff,0xff,0xc8,0x00,0x00,0x00,0x00,0x00,0x00,
  0x00,0x49,0xff,0xff,0xff,0x5f,0x00,0x00,0x00,0x90,0xff,0xff,0xfd,0x23,0x00,0x00,
  0x00,0x00,0x00,0x00,0x9c,0xff,0xff,0xf7,0x10,0x00,0x00,0x00,0x3d,0xff,0xff,0xff,
  0x7c,0x00,0x00,0x00,0x00,0x00,0x02,0xe6,0xff,0xff,0xf9,0xdd,0xdd,0xdd,0xdd,0xdd,
  0xff,0xff,0xff,0xcb,0x00,0x00,0x00,0x00,0x00,0x46,0xff,0xff,0xff,0xff,0xff,0xff,
  0xff,0xff,0xff,0xff,0xff,0xff,0xfe,0x26,0x00,0x00,0x00,0x00,0x99,0xff,0xff,0xff,
  0xff,0xff,0xff,0xff,0xff,0xff,0xff,0xff,0xff,0xff,0x7f,0x00,0x00,0x00,0x00,0xe4,
  0xff,0xff,0xc4,0x00,0x00,0x00,0x00,0x00,0x00,0x00,0xe3,0xff,0xff,0xce,0x00,0x00,
  0x00,0x43,0xff,0xff,0xff,0x7b,0x00,0x00,0x00,0x00,0x00,0x00,0x00,0x9a,0xff,0xff,
  0xfe,0x29,0x00,0x00,0x96,0xff,0xff,0xff,0x29,0x00,0x00,0x00,0x00,0x00,0x00,0x00,
  0x48,0xff,0xff,0xff,0x82,0x00,0x00,0xe2,0xff,0xff,0xd5,0x00,0x00,0x00,0x00,0x00,
  0x00,0x00,0x00,0x02,0xea,0xff,0xff,0xd1,0x00,0x40,0xff,0xff,0xff,0x8d,0x00,0x00,
  0x00,0x00,0x00,0x00,0x00,0x00,0x00,0xa2,0xff,0xff,0xff,0x2d,0x22,0xff,0xff,0xff,
  0xff,0xff,0xff,0xff,0xf8,0xe4,0xb6,0x5c,0x00,0x00,0x00,0x22,0xff,0xff,0xff,0xff,
  0xff,0xff,0xff,0xff,0xff,0xff,0xff,0xb4,0x06,0x00,0x22,0xff,0xff,0xff,0xf6,0xf2,
  0xf2,0xf2,0xff,0xff,0xff,0xff,0xff,0x91,0x00,0x22,0xff,0xff,0xff,0x5b,0x00,0x00,
  0x00,0x10,0x69,0xf2,0xff,0xff,0xf1,0x0c,0x22,0xff,0xff,0xff,0x5b,0x00,0x00,0x00,
  0x00,0x00,0x79,0xff,0xff,0xff,0x38,0x22,0xff,0xff,0xff,0x5b,0x00,0x00,0x00,0x00,
  0x00,0x3e,0xff,0xff,0xff,0x3f,0x22,0xff,0xff,0xff,0x5b,0x00,0x00,0x00,0x00,0x00,
  0x63,0xff,0xff,0xfc,0x13,0x22,0xff,0xff,0xff,0x5b,0x00,0x00,0x00,0x00,0x27,0xe1,
  0xff,0xff,0x9d,0x00,0x22,0xff,0xff,0xff,0xbb,0x9d,0x9d,0x9e,0xb9,0xf6,0xff,0xfe,
  0xa8,0x0c,0x00,0x22,0xff,0xff,0xff,0xff,0xff,0xff,0xff,0xff,0xff,0xfd,0x8a,0x14,
  0x00,0x00,0x22,0xff,0xff,0xff,0xff,0xff,0xff,0xff,0xff,0xff,0xff,0xff,0xef,0x55,
  0x00,0x22,0xff,0xff,0xff,0x5b,0x00,0x00,0x00,0x18,0x58,0xdd,0xff,0xff,0xf7,0x34,
  0x22,0xff,0xff,0xff,0x5b,0x00,0x00,0x00,0x00,0x00,0x21,0xef,0xff,0xff,0xaa,0x22,
  0xff,0xff,0xff,0x5b,0x00,0x00,0x00,0x00,0x00,0x00,0xa4,0xff,0xff,0xe4,0x22,0xff,
  0xff,0xff,0x5b,0x00,0x00,0x00,0x00,0x00,0x00,0x91,0xff,0xff,0xf6,0x22,0xff,0xff,
  0xff,0x5b,0x00,0x00,0x00,0x00,0x00,0x04,0xd0,0xff,0xff,0xe1,0x22,0xff,0xff,0xff,
  0x5b,0x00,0x00,0x00,0x00,0x2f,0xaa,0xff,0xff,0xff,0xa4,0x22,0xff,0xff,0xff,0xf8,
  0xf6,0xf6,0xf6,0xfb,0xff,0xff,0xff,0xff,0xf5,0x31,0x22,0xff,0xff,0xff,0xff,0xff,
  0xff,0xff,0xff,0xff,0xff,0xff,0xf0,0x57,0x00,0x22,0xff,0xff,0xff,0xff,0xff,0xff,
  0xff,0xfd,0xed,0xd2,0x8c,0x22,0x00,0x00,0x00,0x00,0x00,0x00,0x00,0x59,0xb1,0xe3,
  0xf9,0xf4,0xdd,0xa8,0x52,0x00,0x00,0x00,0x00,0x00,0x00,0x00,0x2c,0xcc,0xff,0xff,
  0xff,0xff,0xff,0xff,0xff,0xff,0xbf,0x26,0x00,0x00,0x00,0x00,0x33,0xea,0xff,0xff,
  0xff,0xff,0xff,0xff,0xff,0xff,0xff,0xff,0xe0,0x22,0x00,0x00,0x0d,0xdc,0xff,0xff,
  0xff,0xd9,0x76,0x44,0x48,0x77,0xdd,0xff,0xff,0xff,0xc6,0x00,0x00,0x88,0xff,0xff,
  0xff,0xac,0x07,0x00,0x00,0x00,0x00,0x06,0xb6,0xff,0xff,0xff,0x56,0x09,0xeb,0xff,
  0xff,0xd3,0x07,0x00,0x00,0x00,0x00,0x00,0x00,0x0c,0xec,0xff,0xff,0xaa,0x4e,0xff,
  0xff,0xff,0x5d,0x00,0x00,0x00,0x00,0x00,0x00,0x00,0x00,0x83,0xc8,0xc8,0xac,0x86,
  0xff,0xff,0xf8,0x09,0x00,0x00,0x00,0x00,0x00,0x00,0x00,0x00,0x00,0x00,0x00,0x00,
  0xa7,0xff,0xff,0xd4,0x00,0x00,0x00,0x00,0x00,0x00,0x00,0x00,0x00,0x00,0x00,0x00,
  0x00,0xb5,0xff,0xff,0xc4,0x00,0x00,0x00,0x00,0x00,0x00,0x00,0x00,0x00,0x00,0x00,
  0x00,0x00,0xb6,0xff,0xff,0xc4,0x00,0x00,0x00,0x00,0x00,0x00,0x00,0x00,0x00,0x00,
  0x00,0x00,0x00,0xa7,0xff,0xff,0xd5,0x00,0x00,0x00,0x00,0x00,0x00,0x00,0x00,0x00,
  0x00,0x00,0x00,0x00,0x86,0xff,0xff,0xf8,0x09,0x00,0x00,0x00,0x00,0x00,0x00,0x00,
  0x00,0x00,0x00,0x00,0x00,0x4f,0xff,0xff,0xff,0x5b,0x00,0x00,0x00,0x00,0x00,0x00,
  0x00,0x00,0x88,0xcf,0xcf,0xb5,0x09,0xec,0xff,0xff,0xd1,0x06,0x00,0x00,0x00,0x00,
  0x00,0x00,0x0f,0xee,0xff,0xff,0xab,0x00,0x8a,0xff,0xff,0xff,0xa9,0x07,0x00,0x00,
  0x00,0x00,0x07,0xb9,0xff,0xff,0xff,0x4c,0x00,0x0f,0xde,0xff,0xff,0xff,0xda,0x77,
  0x45,0x4d,0x7b,0xe0,0xff,0xff,0xff,0xba,0x00,0x00,0x00,0x36,0xec,0xff,0xff,0xff,
  0xff,0xff,0xff,0xff,0xff,0xff,0xff,0xda,0x17,0x00,0x00,0x00,0x00,0x2f,0xce,0xff,
  0xff,0xff,0xff,0xff,0xff,0xff,0xff,0xb7,0x1c,0x00,0x00,0x00,0x00,0x00,0x00,0x00,
  0x5b,0xb2,0xe4,0xf9,0xf4,0xdc,0xa9,0x4d,0x00,0x00,0x00,0x00,0x22,0xff,0xff,0xff,
  0xff,0xff,0xff,0xfd,0xf1,0xd2,0x9a,0x3a,0x00,0x00,0x00,0x00,0x00,0x22,0xff,0xff,
  0xff,0xff,0xff,0xff,0xff,0xff,0xff,0xff,0xfe,0xab,0x14,0x00,0x00,0x00,0x22,0xff,
  0xff,0xff,0xff,0xff,0xff,0xff,0xff,0xff,0xff,0xff,0xff,0xd4,0x18,0x00,0x00,0x22,
  0xff,0xff,0xff,0x66,0x18,0x18,0x20,0x3a,0x79,0xde,0xff,0xff,0xff,0xb9,0x00,0x00,
  0x22,0xff,0xff,0xff,0x5b,0x00,0x00,0x00,0x00,0x00,0x09,0xb2,0xff,0xff,0xff,0x57,
  0x00,0x22,0xff,0xff,0xff,0x5b,0x00,0x00,0x00,0x00,0x00,0x00,0x0d,0xdf,0xff,0xff,
  0xc0,0x00,0x22,0xff,0xff,0xff,0x5b,0x00,0x00,0x00,0x00,0x00,0x00,0x00,0x7b,0xff,
  0xff,0xfb,0x12,0x22,0xff,0xff,0xff,0x5b,0x00,0x00,0x00,0x00,0x00,0x00,0x00,0x2f,
  0xff,0xff,0xff,0x4c,0x22,0xff,0xff,0xff,0x5b,0x00,0x00,0x00,0x00,0x00,0x00,0x00,
  0x00,0xf8,0xff,0xff,0x6e,0x22,0xff,0xff,0xff,0x5b,0x00,0x00,0x00,0x00,0x00,0x00,
  0x00,0x00,0xea,0xff,0xff,0x7d,0x22,0xff,0xff,0xff,0x5b,0x00,0x00,0x00,0x00,0x00,
  0x00,0x00,0x00,0xeb,0xff,0xff,0x7c,0x22,0xff,0xff,0xff,0x5b,0x00,0x00,0x00,0x00,
  0x00,0x00,0x00,0x02,0xf9,0xff,0xff,0x6c,0x22,0xff,0xff,0xff,0x5b,0x00,0x00,0x00,
  0x00,0x00,0x00,0x00,0x33,0xff,0xff,0xff,0x49,0x22,0xff,0xff,0xff,0x5b,0x00,0x00,
  0x00,0x00,0x00,0x00,0x00,0x7f,0xff,0xff,0xfa,0x10,0x22,0xff,0xff,0xff,0x5b,0x00,
  0x00,0x00,0x00,0x00,0x00,0x12,0xe3,0xff,0xff,0xbc,0x00,0x22,0xff,0xff,0xff,0x5b,
  0x00,0x00,0x00,0x00,0x00,0x0c,0xb9,0xff,0xff,0xff,0x51,0x00,0x22,0xff,0xff,0xff,
  0x66,0x18,0x18,0x20,0x3d,0x7d,0xe2,0xff,0xff,0xff,0xb5,0x00,0x00,0x22,0xff,0xff,
  0xff,0xff,0xff,0xff,0xff,0xff,0xff,0xff,0xff,0xff,0xd1,0x16,0x00,0x00,0x22,0xff,
  0xff,0xff,0xff,0xff,0xff,0xff,0xff,0xff,0xff,0xfd,0xa7,0x13,0x00,0x00,0x00,0x22,
  0xff,0xff,0xff,0xff,0xff,0xff,0xfc,0xf0,0xcf,0x96,0x36,0x00,0x00,0x00,0x00,0x00,
  0x22,0xff,0xff,0xff,0xff,0xff,0xff,0xff,0xff,0xff,0xff,0xff,0xff,0x3e,0x22,0xff,
  0xff,0xff,0xff,0xff,0xff,0xff,0xff,0xff,0xff,0xff,0xff,0x3e,0x22,0xff,0xff,0xff,
  0xfd,0xfc,0xfc,0xfc,0xfc,0xfc,0xfc,0xfc,0xfc,0x3d,0x22,0xff,0xff,0xff,0x5b,0x00,
  0x00,0x00,0x00,0x00,0x00,0x00,0x00,0x00,0x22,0xff,0xff,0xff,0x5b,0x00,0x00,0x00,
  0x00,0x00,0x00,0x00,0x00,0x00,0x22,0xff,0xff,0xff,0x5b,0x00,0x00,0x00,0x00,0x00,
  0x00,0x00,0x00,0x00,0x22,0xff,0xff,0xff,0x5b,0x00,0x00,0x00,0x00,0x00,0x00,0x00,
  0x00,0x00,0x22,0xff,0xff,0xff,0x5b,0x00,0x00,0x00,0x00,0x00,0x00,0x00,0x00,0x00,
  0x22,0xff,0xff,0xff,0x5b,0x00,0x00,0x00,0x00,0x00,0x00,0x00,0x00,0x00,0x22,0xff,
  0xff,0xff,0xff,0xff,0xff,0xff,0xff,0xff,0xff,0xff,0x95,0x00,0x22,0xff,0xff,0xff,
  0xff,0xff,0xff,0xff,0xff,0xff,0xff,0xff,0x95,0x00,0x22,0xff,0xff,0xff,0xf8,0xf6,
  0xf6,0xf6,0xf6,0xf6,0xf6,0xf6,0x8f,0x00,0x22,0xff,0xff,0xff,0x5b,0x00,0x00,0x00,
  0x00,0x00,0x00,0x00,0x00,0x00,0x22,0xff,0xff,0xff,0x5b,0x00,0x00,0x00,0x00,0x00,
  0x00,0x00,0x00,0x00,0x22,0xff,0xff,0xff,0x5b,0x00,0x00,0x00,0x00,0x00,0x00,0x00,
  0x00,0x00,0x22,0xff,0xff,0xff,0x5b,0x00,0x00,0x00,0x00,0x00,0x00,0x00,0x00,0x00,
  0x22,0xff,0xff,0xff,0x5b,0x00,0x00,0x00,0x00,0x00,0x00,0x00,0x00,0x00,0x22,0xff,
  0xff,0xff,0xfd,0xfc,0xfc,0xfc,0xfc,0xfc,0xfc,0xfc,0xfc,0x4e,0x22,0xff,0xff,0xff,
  0xff,0xff,0xff,0xff,0xff,0xff,0xff,0xff,0xff,0x4f,0x22,0xff,0xff,0xff,0xff,0xff,
  0xff,0xff,0xff,0xff,0xff,0xff,0xff,0x4f,0x22,0xff,0xff,0xff,0xff,0xff,0xff,0xff,
  0xff,0xff,0xff,0xff,0xff,0x07,0x22,0xff,0xff,0xff,0xff,0xff,0xff,0xff,0xff,0xff,
  0xff,0xff,0xff,0x07,0x22,0xff,0xff,0xff,0xfd,0xfc,0xfc,0xfc,0xfc,0xfc,0xfc,0xfc,
  0xfc,0x06,0x22,0xff,0xff,0xff,0x5b,0x00,0x00,0x00,0x00,0x00,0x00,0x00,0x00,0x00,
  0x22,0xff,0xff,0xff,0x5b,0x00,0x00,0x00,0x00,0x00,0x00,0x00,0x00,0x00,0x22,0xff,
  0xff,0xff,0x5b,0x00,0x00,0x00,0x00,0x00,0x00,0x00,0x00,0x00,0x22,0xff,0xff,0xff,
  0x5b,0x00,0x00,0x00,0x00,0x00,0x00,0x00,0x00,0x00,0x22,0xff,0xff,0xff,0x5b,0x00,
  0x00,0x00,0x00,0x00,0x00,0x00,0x00,0x00,0x22,0xff,0xff,0xff,0x5b,0x00,0x00,0x00,
  0x00,0x00,0x00,0x00,0x00,0x00,0x22,0xff,0xff,0xff,0xf8,0xf6,0xf6,0xf6,0xf6,0xf6,
  0xf6,0xf6,0x36,0x00,0x22,0xff,0xff,0xff,0xff,0xff,0xff,0xff,0xff,0xff,0xff,0xff,
  0x39,0x00,0x22,0xff,0xff,0xff,0xff,0xff,0xff,0xff,0xff,0xff,0xff,0xff,0x39,0x00,
  0x22,0xff,0xff,0xff,0x5b,0x00,0x00,0x00,0x00,0x00,0x00,0x00,0x00,0x00,0x22,0xff,
  0xff,0xff,0x5b,0x00,0x00,0x00,0x00,0x00,0x00,0x00,0x00,0x00,0x22,0xff,0xff,0xff,
  0x5b,0x00,0x00,0x00,0x00,0x00,0x00,0x00,0x00,0x00,0x22,0xff,0xff,0xff,0x5b,0x00,
  0x00,0x00,0x00,0x00,0x00,0x00,0x00,0x00,0x22,0xff,0xff,0xff,0x5b,0x00,0x00,0x00,
  0x00,0x00,0x00,0x00,0x00,0x00,0x22,0xff,0xff,0xff,0x5b,0x00,0x00,0x00,0x00,0x00,
  0x00,0x00,0x00,0x00,0x22,0xff,0xff,0xff,0x5b,0x00,0x00,0x00,0x00,0x00,0x00,0x00,
  0x00,0x00,0x22,0xff,0xff,0xff,0x5b,0x00,0x00,0x00,0x00,0x00,0x00,0x00,0x00,0x00,
  0x00,0x00,0x00,0x00,0x00,0x57,0xb0,0xe2,0xf8,0xf3,0xdd,0xa7,0x50,0x00,0x00,0x00,
  0x00,0x00,0x00,0x00,0x00,0x28,0xc7,0xff,0xff,0xff,0xff,0xff,0xff,0xff,0xff,0xbf,
  0x28,0x00,0x00,0x00,0x00,0x00,0x2f,0xe8,0xff,0xff,0xff,0xff,0xff,0xff,0xff,0xff,
  0xff,0xff,0xe4,0x29,0x00,0x00,0x00,0x0b,0xd9,0xff,0xff,0xff,0xdd,0x79,0x48,0x47,
  0x72,0xd7,0xff,0xff,0xff,0xd1,0x02,0x00,0x00,0x84,0xff,0xff,0xff,0xb3,0x0b,0x00,
  0x00,0x00,0x00,0x04,0xb0,0xff,0xff,0xff,0x6b,0x00,0x07,0xe9,0xff,0xff,0xdd,0x09,
  0x00,0x00,0x00,0x00,0x00,0x00,0x0d,0xea,0xff,0xff,0xbb,0x00,0x4c,0xff,0xff,0xff,
  0x64,0x00,0x00,0x00,0x00,0x00,0x00,0x00,0x00,0x3f,0x5f,0x5f,0x55,0x00,0x85,0xff,
  0xff,0xf9,0x13,0x00,0x00,0x00,0x00,0x00,0x00,0x00,0x00,0x00,0x00,0x00,0x00,0x00,
  0xa6,0xff,0xff,0xda,0x00,0x00,0x00,0x00,0x00,0x00,0x00,0x00,0x00,0x00,0x00,0x00,
  0x00,0x00,0xb5,0xff,0xff,0xc7,0x00,0x00,0x00,0x00,0x00,0x7f,0xcf,0xcf,0xcf,0xcf,
  0xcf,0xcf,0xcf,0x1b,0xb5,0xff,0xff,0xc4,0x00,0x00,0x00,0x00,0x00,0x9d,0xff,0xff,
  0xff,0xff,0xff,0xff,0xff,0x22,0xa7,0xff,0xff,0xd5,0x00,0x00,0x00,0x00,0x00,0x9d,
  0xff,0xff,0xff,0xff,0xff,0xff,0xff,0x20,0x86,0xff,0xff,0xf9,0x09,0x00,0x00,0x00,
  0x00,0x00,0x00,0x00,0x00,0x50,0xff,0xff,0xff,0x12,0x50,0xff,0xff,0xff,0x5d,0x00,
  0x00,0x00,0x00,0x00,0x00,0x00,0x00,0x7b,0xff,0xff,0xee,0x00,0x09,0xec,0xff,0xff,
  0xd3,0x07,0x00,0x00,0x00,0x00,0x00,0x00,0x02,0xd4,0xff,0xff,0xba,0x00,0x00,0x8c,
  0xff,0xff,0xff,0xac,0x09,0x00,0x00,0x00,0x00,0x00,0x96,0xff,0xff,0xff,0x61,0x00,
  0x00,0x10,0xdf,0xff,0xff,0xff,0xdc,0x7b,0x47,0x42,0x6b,0xc8,0xff,0xff,0xff,0xc6,
  0x04,0x00,0x00,0x00,0x37,0xec,0xff,0xff,0xff,0xff,0xff,0xff,0xff,0xff,0xff,0xff,
  0xea,0x23,0x00,0x00,0x00,0x00,0x00,0x2f,0xcf,0xff,0xff,0xff,0xff,0xff,0xff,0xff,
  0xff,0xca,0x23,0x00,0x00,0x00,0x00,0x00,0x00,0x00,0x02,0x5b,0xb1,0xe2,0xf9,0xf5,
  0xdc,0xb1,0x55,0x04,0x00,0x00,0x00,0x00,0x22,0xff,0xff,0xff,0x5b,0x00,0x00,0x00,
  0x00,0x00,0x00,0x00,0x00,0xeb,0xff,0xff,0x8a,0x22,0xff,0xff,0xff,0x5b,0x00,0x00,
  0x00,0x00,0x00,0x00,0x00,0x00,0xeb,0xff,0xff,0x8a,0x22,0xff,0xff,0xff,0x5b,0x00,
  0x00,0x00,0x00,0x00,0x00,0x00,0x00,0xeb,0xff,0xff,0x8a,0x22,0xff,0xff,0xff,0x5b,
  0x00,0x00,0x00,0x00,0x00,0x00,0x00,0x00,0xeb,0xff,0xff,0x8a,0x22,0xff,0xff,0xff,
  0x5b,0x00,0x00,0x00,0x00,0x00,0x00,0x00,0x00,0xeb,0xff,0xff,0x8a,0x22,0xff,0xff,
  0xff,0x5b,0x00,0x00,0x00,0x00,0x00,0x00,0x00,0x00,0xeb,0xff,0xff,0x8a,0x22,0xff,
  0xff,0xff,0x5b,0x00,0x00,0x00,0x00,0x00,0x00,0x00,0x00,0xeb,0xff,0xff,0x8a,0x22,
  0xff,0xff,0xff,0x5b,0x00,0x00,0x00,0x00,0x00,0x00,0x00,0x00,0xeb,0xff,0xff,0x8a,
  0x22,0xff,0xff,0xff,0xfd,0xfc,0xfc,0xfc,0xfc,0xfc,0xfc,0xfc,0xfc,0xff,0xff,0xff,
  0x8a,0x22,0xff,0xff,0xff,0xff,0xff,0xff,0xff,0xff,0xff,0xff,0xff,0xff,0xff,0xff,
  0xff,0x8a,0x22,0xff,0xff,0xff,0xff,0xff,0xff,0xff,0xff,0xff,0xff,0xff,0xff,0xff,
  0xff,0xff,0x8a,0x22,0xff,0xff,0xff,0x5b,0x00,0x00,0x00,0x00,0x00,0x00,0x00,0x00,
  0xeb,0xff,0xff,0x8a,0x22,0xff,0xff,0xff,0x5b,0x00,0x00,0x00,0x00,0x00,0x00,0x00,
  0x00,0xeb,0xff,0xff,0x8a,0x22,0xff,0xff,0xff,0x5b,0x00,0x00,0x00,0x00,0x00,0x00,
  0x00,0x00,0xeb,0xff,0xff,0x8a,0x22,0xff,0xff,0xff,0x5b,0x00,0x00,0x00,0x00,0x00,
  0x00,0x00,0x00,0xeb,0xff,0xff,0x8a,0x22,0xff,0xff,0xff,0x5b,0x00,0x00,0x00,0x00,
  0x00,0x00,0x00,0x00,0xeb,0xff,0xff,0x8a,0x22,0xff,0xff,0xff,0x5b,0x00,0x00,0x00,
  0x00,0x00,0x00,0x00,0x00,0xeb,0xff,0xff,0x8a,0x22,0xff,0xff,0xff,0x5b,0x00,0x00,
  0x00,0x00,0x00,0x00,0x00,0x00,0xeb,0xff,0xff,0x8a,0x22,0xff,0xff,0xff,0x5b,0x00,
  0x00,0x00,0x00,0x00,0x00,0x00,0x00,0xeb,0xff,0xff,0x8a,0x22,0xff,0xff,0xff,0x5b,
  0x00,0x00,0x00,0x00,0x00,0x00,0x00,0x00,0xeb,0xff,0xff,0x8a,0x22,0xff,0xff,0xff,
  0x5b,0x22,0xff,0xff,0xff,0x5b,0x22,0xff,0xff,0xff,0x5b,0x22,0xff,0xff,0xff,0x5b,
  0x22,0xff,0xff,0xff,0x5b,0x22,0xff,0xff,0xff,0x5b,0x22,0xff,0xff,0xff,0x5b,0x22,
  0xff,0xff,0xff,0x5b,0x22,0xff,0xff,0xff,0x5b,0x22,0xff,0xff,0xff,0x5b,0x22,0xff,
  0xff,0xff,0x5b,0x22,0xff,0xff,0xff,0x5b,0x22,0xff,0xff,0xff,0x5b,0x22,0xff,0xff,
  0xff,0x5b,0x22,0xff,0xff,0xff,0x5b,0x22,0xff,0xff,0xff,0x5b,0x22,0xff,0xff,0xff,
  0x5b,0x22,0xff,0xff,0xff,0x5b,0x22,0xff,0xff,0xff,0x5b,0x22,0xff,0xff,0xff,0x5b,
  0x00,0x00,0x00,0x00,0x00,0x00,0x00,0x00,0x00,0x3e,0xff,0xff,0xff,0x39,0x00,0x00,
  0x00,0x00,0x00,0x00,0x00,0x00,0x00,0x3e,0xff,0xff,0xff,0x39,0x00,0x00,0x00,0x00,
  0x00,0x00,0x00,0x00,0x00,0x3e,0xff,0xff,0xff,0x39,0x00,0x00,0x00,0x00,0x00,0x00,
  0x00,0x00,0x00,0x3e,0xff,0xff,0xff,0x39,0x00,0x00,0x00,0x00,0x00,0x00,0x00,0x00,
  0x00,0x3e,0xff,0xff,0xff,0x39,0x00,0x00,0x00,0x00,0x00,0x00,0x00,0x00,0x00,0x3e,
  0xff,0xff,0xff,0x39,0x00,0x00,0x00,0x00,0x00,0x00,0x00,0x00,0x00,0x3e,0xff,0xff,
  0xff,0x39,0x00,0x00,0x00,0x00,0x00,0x00,0x00,0x00,0x00,0x3e,0xff,0xff,0xff,0x39,
  0x00,0x00,0x00,0x00,0x00,0x00,0x00,0x00,0x00,0x3e,0xff,0xff,0xff,0x39,0x00,0x00,
  0x00,0x00,0x00,0x00,0x00,0x00,0x00,0x3e,0xff,0xff,0xff,0x39,0x00,0x00,0x00,0x00,
  0x00,0x00,0x00,0x00,0x00,0x3e,0xff,0xff,0xff,0x39,0x00,0x00,0x00,0x00,0x00,0x00,
  0x00,0x00,0x00,0x3e,0xff,0xff,0xff,0x39,0x00,0x46,0x46,0x46,0x1f,0x00,0x00,0x00,
  0x00,0x3e,0xff,0xff,0xff,0x39,0x06,0xff,0xff,0xff,0x6f,0x00,0x00,0x00,0x00,0x3e,
  0xff,0xff,0xff,0x38,0x00,0xf9,0xff,0xff,0x82,0x00,0x00,0x00,0x00,0x53,0xff,0xff,
  0xff,0x2b,0x00,0xdf,0xff,0xff,0xb9,0x00,0x00,0x00,0x00,0x8f,0xff,0xff,0xfa,0x0c,
  0x00,0x9f,0xff,0xff,0xff,0x81,0x0f,0x07,0x63,0xf6,0xff,0xff,0xc3,0x00,0x00,0x2b,
  0xf4,0xff,0xff,0xff,0xfd,0xfa,0xff,0xff,0xff,0xfd,0x4d,0x00,0x00,0x00,0x55,0xf2,
  0xff,0xff,0xff,0xff,0xff,0xff,0xfc,0x76,0x00,0x00,0x00,0x00,0x00,0x27,0x99,0xda,
  0xf6,0xf9,0xe3,0xa9,0x3a,0x00,0x00,0x00,0x22,0xff,0xff,0xff,0x5b,0x00,0x00,0x00,
  0x00,0x00,0x00,0x3f,0xf6,0xff,0xff,0xef,0x2f,0x22,0xff,0xff,0xff,0x5b,0x00,0x00,
  0x00,0x00,0x00,0x22,0xe6,0xff,0xff,0xfb,0x4e,0x00,0x22,0xff,0xff,0xff,0x5b,0x00,
  0x00,0x00,0x00,0x0c,0xcf,0xff,0xff,0xff,0x71,0x00,0x00,0x22,0xff,0xff,0xff,0x5b,
  0x00,0x00,0x00,0x00,0xae,0xff,0xff,0xff,0x98,0x00,0x00,0x00,0x22,0xff,0xff,0xff,
  0x5b,0x00,0x00,0x00,0x87,0xff,0xff,0xff,0xbc,0x04,0x00,0x00,0x00,0x22,0xff,0xff,
  0xff,0x5a,0x00,0x00,0x5d,0xfd,0xff,0xff,0xd7,0x13,0x00,0x00,0x00,0x00,0x22,0xff,
  0xff,0xff,0x58,0x00,0x33,0xf4,0xff,0xff,0xeb,0x29,0x00,0x00,0x00,0x00,0x00,0x22,
  0xff,0xff,0xff,0x56,0x10,0xd9,0xff,0xff,0xf8,0x46,0x00,0x00,0x00,0x00,0x00,0x00,
  0x22,0xff,0xff,0xff,0x53,0xa5,0xff,0xff,0xff,0x7f,0x00,0x00,0x00,0x00,0x00,0x00,
  0x00,0x22,0xff,0xff,0xff,0x95,0xff,0xff,0xff,0xff,0xca,0x02,0x00,0x00,0x00,0x00,
  0x00,0x00,0x22,0xff,0xff,0xff,0xfc,0xff,0xff,0xff,0xff,0xff,0x7a,0x00,0x00,0x00,
  0x00,0x00,0x00,0x22,0xff,0xff,0xff,0xff,0xff,0x89,0xd6,0xff,0xff,0xf5,0x29,0x00,
  0x00,0x00,0x00,0x00,0x22,0xff,0xff,0xff,0xff,0xa5,0x00,0x41,0xfc,0xff,0xff,0xc1,
  0x00,0x00,0x00,0x00,0x00,0x22,0xff,0xff,0xff,0xc0,0x07,0x00,0x00,0x99,0xff,0xff,
  0xff,0x6e,0x00,0x00,0x00,0x00,0x22,0xff,0xff,0xff,0x5b,0x00,0x00,0x00,0x10,0xe3,
  0xff,0xff,0xf0,0x22,0x00,0x00,0x00,0x22,0xff,0xff,0xff,0x5b,0x00,0x00,0x00,0x00,
  0x54,0xff,0xff,0xff,0xb7,0x00,0x00,0x00,0x22,0xff,0xff,0xff,0x5b,0x00,0x00,0x00,
  0x00,0x00,0xac,0xff,0xff,0xff,0x62,0x00,0x00,0x22,0xff,0xff,0xff,0x5b,0x00,0x00,
  0x00,0x00,0x00,0x1c,0xed,0xff,0xff,0xeb,0x1b,0x00,0x22,0xff,0xff,0xff,0x5b,0x00,
  0x00,0x00,0x00,0x00,0x00,0x69,0xff,0xff,0xff,0xac,0x00,0x22,0xff,0xff,0xff,0x5b,
  0x00,0x00,0x00,0x00,0x00,0x00,0x00,0xbf,0xff,0xff,0xff,0x57,0x22,0xff,0xff,0xff,
  0x5b,0x00,0x00,0x00,0x00,0x00,0x00,0x00,0x00,0x22,0xff,0xff,0xff,0x5b,0x00,0x00,
  0x00,0x00,0x00,0x00,0x00,0x00,0x22,0xff,0xff,0xff,0x5b,0x00,0x00,0x00,0x00,0x00,
  0x00,0x00,0x00,0x22,0xff,0xff,0xff,0x5b,0x00,0x00,0x00,0x00,0x00,0x00,0x00,0x00,
  0x22,0xff,0xff,0xff,0x5b,0x00,0x00,0x00,0x00,0x00,0x00,0x00,0x00,0x22,0xff,0xff,
  0xff,0x5b,0x00,0x00,0x00,0x00,0x00,0x00,0x00,0x00,0x22,0xff,0xff,0xff,0x5b,0x00,
  0x00,0x00,0x00,0x00,0x00,0x00,0x00,0x22,0xff,0xff,0xff,0x5b,0x00,0x00,0x00,0x00,
  0x00,0x00,0x00,0x00,0x22,0xff,0xff,0xff,0x5b,0x00,0x00,0x00,0x00,0x00,0x00,0x00,
  0x00,0x22,0xff,0xff,0xff,0x5b,0x00,0x00,0x00,0x00,0x00,0x00,0x00,0x00,0x22,0xff,
  0xff,0xff,0x5b,0x00,0x00,0x00,0x00,0x00,0x00,0x00,0x00,0x22,0xff,0xff,0xff,0x5b,
  0x00,0x00,0x00,0x00,0x00,0x00,0x00,0x00,0x22,0xff,0xff,0xff,0x5b,0x00,0x00,0x00,
  0x00,0x00,0x00,0x00,0x00,0x22,0xff,0xff,0xff,0x5b,0x00,0x00,0x00,0x00,0x00,0x00,
  0x00,0x00,0x22,0xff,0xff,0xff,0x5b,0x00,0x00,0x00,0x00,0x00,0x00,0x00,0x00,0x22,
  0xff,0xff,0xff,0x5b,0x00,0x00,0x00,0x00,0x00,0x00,0x00,0x00,0x22,0xff,0xff,0xff,
  0x5b,0x00,0x00,0x00,0x00,0x00,0x00,0x00,0x00,0x22,0xff,0xff,0xff,0xfd,0xfc,0xfc,
  0xfc,0xfc,0xfc,0xfc,0xfc,0xac,0x22,0xff,0xff,0xff,0xff,0xff,0xff,0xff,0xff,0xff,
  0xff,0xff,0xaf,0x22,0xff,0xff,0xff,0xff,0xff,0xff,0xff,0xff,0xff,0xff,0xff,0xaf,
  0x22,0xff,0xff,0xff,0xff,0xff,0x3d,0x00,0x00,0x00,0x00,0x00,0x00,0x00,0x00,0x43,
  0xff,0xff,0xff,0xff,0xff,0x1d,0x22,0xff,0xff,0xff,0xff,0xff,0x95,0x00,0x00,0x00,
  0x00,0x00,0x00,0x00,0x00,0x9a,0xff,0xff,0xff,0xff,0xff,0x1d,0x22,0xff,0xff,0xff,
  0xff,0xff,0xe4,0x02,0x00,0x00,0x00,0x00,0x00,0x00,0x02,0xe7,0xff,0xff,0xff,0xff,
  0xff,0x1d,0x22,0xff,0xff,0xff,0xf4,0xff,0xff,0x48,0x00,0x00,0x00,0x00,0x00,0x00,
  0x4d,0xff,0xff,0xf0,0xff,0xff,0xff,0x1d,0x22,0xff,0xff,0xff,0xc0,0xff,0xff,0xa0,
  0x00,0x00,0x00,0x00,0x00,0x00,0xa2,0xff,0xff,0xbc,0xff,0xff,0xff,0x1d,0x22,0xff,
  0xff,0xff,0x84,0xff,0xff,0xeb,0x06,0x00,0x00,0x00,0x00,0x07,0xed,0xff,0xff,0x82,
  0xff,0xff,0xff,0x1d,0x22,0xff,0xff,0xff,0x47,0xfb,0xff,0xff,0x53,0x00,0x00,0x00,
  0x00,0x56,0xff,0xff,0xf0,0x52,0xff,0xff,0xff,0x1d,0x22,0xff,0xff,0xff,0x3e,0xc7,
  0xff,0xff,0xa9,0x00,0x00,0x00,0x00,0xac,0xff,0xff,0xb2,0x54,0xff,0xff,0xff,0x1d,
  0x22,0xff,0xff,0xff,0x44,0x81,0xff,0xff,0xf1,0x0b,0x00,0x00,0x0c,0xf2,0xff,0xff,
  0x6c,0x58,0xff,0xff,0xff,0x1d,0x22,0xff,0xff,0xff,0x49,0x2c,0xff,0xff,0xff,0x5e,
  0x00,0x00,0x5f,0xff,0xff,0xfc,0x1b,0x5a,0xff,0xff,0xff,0x1d,0x22,0xff,0xff,0xff,
  0x4b,0x00,0xcf,0xff,0xff,0xb1,0x00,0x00,0xaf,0xff,0xff,0xc0,0x00,0x5b,0xff,0xff,
  0xff,0x1d,0x22,0xff,0xff,0xff,0x4b,0x00,0x7d,0xff,0xff,0xf0,0x04,0x02,0xec,0xff,
  0xff,0x6d,0x00,0x5b,0xff,0xff,0xff,0x1d,0x22,0xff,0xff,0xff,0x4b,0x00,0x21,0xfc,
  0xff,0xff,0x3e,0x3b,0xff,0xff,0xf8,0x16,0x00,0x5b,0xff,0xff,0xff,0x1d,0x22,0xff,
  0xff,0xff,0x4b,0x00,0x00,0xc3,0xff,0xff,0x7e,0x7e,0xff,0xff,0xb8,0x00,0x00,0x5b,
  0xff,0xff,0xff,0x1d,0x22,0xff,0xff,0xff,0x4b,0x00,0x00,0x70,0xff,0xff,0xb7,0xb6,
  0xff,0xff,0x64,0x00,0x00,0x5b,0xff,0xff,0xff,0x1d,0x22,0xff,0xff,0xff,0x4b,0x00,
  0x00,0x17,0xf9,0xff,0xeb,0xe7,0xff,0xf5,0x0f,0x00,0x00,0x5b,0xff,0xff,0xff,0x1d,
  0x22,0xff,0xff,0xff,0x4b,0x00,0x00,0x00,0xb8,0xff,0xff,0xff,0xff,0xb0,0x00,0x00,
  0x00,0x5b,0xff,0xff,0xff,0x1d,0x22,0xff,0xff,0xff,0x4b,0x00,0x00,0x00,0x63,0xff,
  0xff,0xff,0xff,0x5b,0x00,0x00,0x00,0x5b,0xff,0xff,0xff,0x1d,0x22,0xff,0xff,0xff,
  0x4b,0x00,0x00,0x00,0x0d,0xf3,0xff,0xff,0xf0,0x09,0x00,0x00,0x00,0x5b,0xff,0xff,
  0xff,0x1d,0x22,0xff,0xff,0xff,0x4b,0x00,0x00,0x00,0x00,0xac,0xff,0xff,0xa8,0x00,
  0x00,0x00,0x00,0x5b,0xff,0xff,0xff,0x1d,0x22,0xff,0xff,0xff,0xf2,0x21,0x00,0x00,
  0x00,0x00,0x00,0x00,0x00,0xa8,0xff,0xff,0xdd,0x22,0xff,0xff,0xff,0xff,0xac,0x00,
  0x00,0x00,0x00,0x00,0x00,0x00,0xa8,0xff,0xff,0xdd,0x22,0xff,0xff,0xff,0xff,0xfe,
  0x47,0x00,0x00,0x00,0x00,0x00,0x00,0xa8,0xff,0xff,0xdd,0x22,0xff,0xff,0xff,0xff,
  0xff,0xd4,0x04,0x00,0x00,0x00,0x00,0x00,0xa8,0xff,0xff,0xdd,0x22,0xff,0xff,0xff,
  0xec,0xff,0xff,0x77,0x00,0x00,0x00,0x00,0x00,0xa8,0xff,0xff,0xdd,0x22,0xff,0xff,
  0xff,0x8d,0xff,0xff,0xf0,0x1c,0x00,0x00,0x00,0x00,0xa8,0xff,0xff,0xdd,0x22,0xff,
  0xff,0xff,0x47,0xd9,0xff,0xff,0xa4,0x00,0x00,0x00,0x00,0xa8,0xff,0xff,0xdd,0x22,
  0xff,0xff,0xff,0x53,0x62,0xff,0xff,0xfd,0x41,0x00,0x00,0x00,0xa8,0xff,0xff,0xdd,
  0x22,0xff,0xff,0xff,0x5f,0x02,0xd3,0xff,0xff,0xcf,0x02,0x00,0x00,0xa8,0xff,0xff,
  0xdd,0x22,0xff,0xff,0xff,0x67,0x00,0x4c,0xff,0xff,0xff,0x70,0x00,0x00,0xa8,0xff,
  0xff,0xdd,0x22,0xff,0xff,0xff,0x6a,0x00,0x00,0xb2,0xff,0xff,0xec,0x17,0x00,0xa7,
  0xff,0xff,0xdd,0x22,0xff,0xff,0xff,0x6b,0x00,0x00,0x26,0xf6,0xff,0xff,0x9a,0x00,
  0xa4,0xff,0xff,0xdd,0x22,0xff,0xff,0xff,0x6b,0x00,0x00,0x00,0x86,0xff,0xff,0xf9,
  0x29,0x9f,0xff,0xff,0xdd,0x22,0xff,0xff,0xff,0x6b,0x00,0x00,0x00,0x0b,0xde,0xff,
  0xff,0xa7,0x95,0xff,0xff,0xdd,0x22,0xff,0xff,0xff,0x6b,0x00,0x00,0x00,0x00,0x57,
  0xff,0xff,0xfb,0xa0,0xff,0xff,0xdd,0x22,0xff,0xff,0xff,0x6b,0x00,0x00,0x00,0x00,
  0x00,0xba,0xff,0xff,0xed,0xff,0xff,0xdd,0x22,0xff,0xff,0xff,0x6b,0x00,0x00,0x00,
  0x00,0x00,0x2d,0xf8,0xff,0xff,0xff,0xff,0xdd,0x22,0xff,0xff,0xff,0x6b,0x00,0x00,
  0x00,0x00,0x00,0x00,0x8e,0xff,0xff,0xff,0xff,0xdd,0x22,0xff,0xff,0xff,0x6b,0x00,
  0x00,0x00,0x00,0x00,0x00,0x0d,0xe4,0xff,0xff,0xff,0xdd,0x22,0xff,0xff,0xff,0x6b,
  0x00,0x00,0x00,0x00,0x00,0x00,0x00,0x5f,0xff,0xff,0xff,0xdd,0x00,0x00,0x00,0x00,
  0x00,0x57,0xaf,0xe2,0xf8,0xf9,0xe2,0xaf,0x56,0x00,0x00,0x00,0x00,0x00,0x00,0x00,
  0x00,0x29,0xc9,0xff,0xff,0xff,0xff,0xff,0xff,0xff,0xff,0xc7,0x28,0x00,0x00,0x00,
  0x00,0x00,0x30,0xe9,0xff,0xff,0xff,0xff,0xff,0xff,0xff,0xff,0xff,0xff,0xe8,0x2f,
  0x00,0x00,0x00,0x0c,0xda,0xff,0xff,0xff,0xd8,0x75,0x44,0x43,0x76,0xd9,0xff,0xff,
  0xff,0xd7,0x09,0x00,0x00,0x84,0xff,0xff,0xff,0xaa,0x07,0x00,0x00,0x00,0x00,0x09,
  0xae,0xff,0xff,0xff,0x81,0x00,0x07,0xea,0xff,0xff,0xd1,0x06,0x00,0x00,0x00,0x00,
  0x00,0x00,0x09,0xd7,0xff,0xff,0xe6,0x06,0x4d,0xff,0xff,0xff,0x5b,0x00,0x00,0x00,
  0x00,0x00,0x00,0x00,0x00,0x65,0xff,0xff,0xff,0x46,0x85,0xff,0xff,0xf8,0x09,0x00,
  0x00,0x00,0x00,0x00,0x00,0x00,0x00,0x0f,0xfc,0xff,0xff,0x81,0xa7,0xff,0xff,0xd4,
  0x00,0x00,0x00,0x00,0x00,0x00,0x00,0x00,0x00,0x00,0xdc,0xff,0xff,0xa2,0xb5,0xff,
  0xff,0xc4,0x00,0x00,0x00,0x00,0x00,0x00,0x00,0x00,0x00,0x00,0xcc,0xff,0xff,0xb0,
  0xb6,0xff,0xff,0xc3,0x00,0x00,0x00,0x00,0x00,0x00,0x00,0x00,0x00,0x00,0xcc,0xff,
  0xff,0xb0,0xa7,0xff,0xff,0xd4,0x00,0x00,0x00,0x00,0x00,0x00,0x00,0x00,0x00,0x00,
  0xdc,0xff,0xff,0xa2,0x85,0xff,0xff,0xf8,0x09,0x00,0x00,0x00,0x00,0x00,0x00,0x00,
  0x00,0x0f,0xfc,0xff,0xff,0x82,0x4e,0xff,0xff,0xff,0x5b,0x00,0x00,0x00,0x00,0x00,
  0x00,0x00,0x00,0x64,0xff,0xff,0xff,0x48,0x09,0xea,0xff,0xff,0xd0,0x06,0x00,0x00,
  0x00,0x00,0x00,0x00,0x09,0xd6,0xff,0xff,0xe8,0x06,0x00,0x86,0xff,0xff,0xff,0xaa,
  0x07,0x00,0x00,0x00,0x00,0x09,0xae,0xff,0xff,0xff,0x84,0x00,0x00,0x0c,0xdb,0xff,
  0xff,0xff,0xda,0x77,0x46,0x46,0x78,0xdb,0xff,0xff,0xff,0xda,0x0c,0x00,0x00,0x00,
  0x31,0xea,0xff,0xff,0xff,0xff,0xff,0xff,0xff,0xff,0xff,0xff,0xe9,0x30,0x00,0x00,
  0x00,0x00,0x00,0x2b,0xc9,0xff,0xff,0xff,0xff,0xff,0xff,0xff,0xff,0xc7,0x29,0x00,
  0x00,0x00,0x00,0x00,0x00,0x00,0x00,0x58,0xb0,0xe3,0xf9,0xf9,0xe2,0xaf,0x56,0x00,
  0x00,0x00,0x00,0x00,0x22,0xff,0xff,0xff,0xff,0xff,0xff,0xff,0xf3,0xdc,0xa2,0x3e,
  0x00,0x00,0x00,0x22,0xff,0xff,0xff,0xff,0xff,0xff,0xff,0xff,0xff,0xff,0xfd,0x8c,
  0x00,0x00,0x22,0xff,0xff,0xff,0xfb,0xf9,0xf9,0xfb,0xff,0xff,0xff,0xff,0xff,0x77,
  0x00,0x22,0xff,0xff,0xff,0x5b,0x00,0x00,0x00,0x1c,0x76,0xf6,0xff,0xff,0xf5,0x12,
  0x22,0xff,0xff,0xff,0x5b,0x00,0x00,0x00,0x00,0x00,0x74,0xff,0xff,0xff,0x69,0x22,
  0xff,0xff,0xff,0x5b,0x00,0x00,0x00,0x00,0x00,0x06,0xfa,0xff,0xff,0x95,0x22,0xff,
  0xff,0xff,0x5b,0x00,0x00,0x00,0x00,0x00,0x00,0xe3,0xff,0xff,0xa9,0x22,0xff,0xff,
  0xff,0x5b,0x00,0x00,0x00,0x00,0x00,0x06,0xf9,0xff,0xff,0x95,0x22,0xff,0xff,0xff,
  0x5b,0x00,0x00,0x00,0x00,0x00,0x72,0xff,0xff,0xff,0x6a,0x22,0xff,0xff,0xff,0x5b,
  0x00,0x00,0x00,0x0f,0x6b,0xf3,0xff,0xff,0xf6,0x13,0x22,0xff,0xff,0xff,0xf3,0xef,
  0xef,0xf0,0xfd,0xff,0xff,0xff,0xff,0x77,0x00,0x22,0xff,0xff,0xff,0xff,0xff,0xff,
  0xff,0xff,0xff,0xff,0xfd,0x8c,0x00,0x00,0x22,0xff,0xff,0xff,0xff,0xff,0xff,0xff,
  0xf3,0xdc,0xa2,0x3f,0x00,0x00,0x00,0x22,0xff,0xff,0xff,0x5b,0x00,0x00,0x00,0x00,
  0x00,0x00,0x00,0x00,0x00,0x00,0x22,0xff,0xff,0xff,0x5b,0x00,0x00,0x00,0x00,0x00,
  0x00,0x00,0x00,0x00,0x00,0x22,0xff,0xff,0xff,0x5b,0x00,0x00,0x00,0x00,0x00,0x00,
  0x00,0x00,0x00,0x00,0x22,0xff,0xff,0xff,0x5b,0x00,0x00,0x00,0x00,0x00,0x00,0x00,
  0x00,0x00,0x00,0x22,0xff,0xff,0xff,0x5b,0x00,0x00,0x00,0x00,0x00,0x00,0x00,0x00,
  0x00,0x00,0x22,0xff,0xff,0xff,0x5b,0x00,0x00,0x00,0x00,0x00,0x00,0x00,0x00,0x00,
  0x00,0x22,0xff,0xff,0xff,0x5b,0x00,0x00,0x00,0x00,0x00,0x00,0x00,0x00,0x00,0x00,
  0x00,0x00,0x00,0x00,0x00,0x57,0xaf,0xe2,0xf8,0xf9,0xe2,0xaf,0x56,0x00,0x00,0x00,
  0x00,0x00,0x00,0x00,0x00,0x29,0xc9,0xff,0xff,0xff,0xff,0xff,0xff,0xff,0xff,0xc7,
  0x28,0x00,0x00,0x00,0x00,0x00,0x30,0xe9,0xff,0xff,0xff,0xff,0xff,0xff,0xff,0xff,
  0xff,0xff,0xe8,0x2f,0x00,0x00,0x00,0x0c,0xda,0xff,0xff,0xff,0xd8,0x75,0x44,0x43,
  0x76,0xd9,0xff,0xff,0xff,0xd8,0x0b,0x00,0x00,0x84,0xff,0xff,0xff,0xaa,0x07,0x00,
  0x00,0x00,0x00,0x09,0xae,0xff,0xff,0xff,0x83,0x00,0x07,0xea,0xff,0xff,0xd1,0x06,
  0x00,0x00,0x00,0x00,0x00,0x00,0x09,0xd7,0xff,0xff,0xe7,0x06,0x4d,0xff,0xff,0xff,
  0x5b,0x00,0x00,0x00,0x00,0x00,0x00,0x00,0x00,0x65,0xff,0xff,0xff,0x47,0x85,0xff,
  0xff,0xf8,0x09,0x00,0x00,0x00,0x00,0x00,0x00,0x00,0x00,0x0f,0xfc,0xff,0xff,0x81,
  0xa7,0xff,0xff,0xd4,0x00,0x00,0x00,0x00,0x00,0x00,0x00,0x00,0x00,0x00,0xdd,0xff,
  0xff,0xa2,0xb5,0xff,0xff,0xc4,0x00,0x00,0x00,0x00,0x00,0x00,0x00,0x00,0x00,0x00,
  0xcc,0xff,0xff,0xb0,0xb6,0xff,0xff,0xc3,0x00,0x00,0x00,0x00,0x00,0x00,0x00,0x00,
  0x00,0x00,0xcc,0xff,0xff,0xac,0xa7,0xff,0xff,0xd4,0x00,0x00,0x00,0x00,0x00,0x00,
  0x00,0x00,0x00,0x00,0xdd,0xff,0xff,0x98,0x85,0xff,0xff,0xf8,0x09,0x00,0x00,0x00,
  0x00,0x00,0x00,0x00,0x00,0x14,0xfc,0xff,0xff,0x7e,0x4e,0xff,0xff,0xff,0x5b,0x00,
  0x00,0x00,0xa6,0xcf,0xcf,0x45,0x00,0x69,0xff,0xff,0xff,0x38,0x09,0xea,0xff,0xff,
  0xd0,0x06,0x00,0x00,0x35,0xf6,0xff,0xe5,0x22,0xd7,0xff,0xff,0xe2,0x00,0x00,0x86,
  0xff,0xff,0xff,0xaa,0x07,0x00,0x00,0x6d,0xff,0xff,0xee,0xff,0xff,0xff,0x72,0x00,
  0x00,0x0c,0xdb,0xff,0xff,0xff,0xda,0x77,0x46,0x4c,0xdc,0xff,0xff,0xff,0xff,0xd3,
  0x06,0x00,0x00,0x00,0x31,0xea,0xff,0xff,0xff,0xff,0xff,0xff,0xff,0xff,0xff,0xff,
  0xe6,0x23,0x00,0x00,0x00,0x00,0x00,0x2b,0xc9,0xff,0xff,0xff,0xff,0xff,0xff,0xff,
  0xff,0xff,0xef,0x26,0x00,0x00,0x00,0x00,0x00,0x00,0x00,0x58,0xb0,0xe3,0xf9,0xf6,
  0xe0,0xa9,0xa7,0xff,0xff,0xc8,0x06,0x00,0x00,0x00,0x00,0x00,0x00,0x00,0x00,0x00,
  0x00,0x00,0x00,0x00,0x04,0xc7,0xff,0xff,0x8e,0x00,0x00,0x00,0x00,0x00,0x00,0x00,
  0x00,0x00,0x00,0x00,0x00,0x00,0x00,0x23,0x8e,0x8e,0x8a,0x0f,0x22,0xff,0xff,0xff,
  0xff,0xff,0xff,0xff,0xf6,0xe2,0xac,0x46,0x00,0x00,0x00,0x00,0x22,0xff,0xff,0xff,
  0xff,0xff,0xff,0xff,0xff,0xff,0xff,0xff,0x9a,0x02,0x00,0x00,0x22,0xff,0xff,0xff,
  0xfb,0xf9,0xf9,0xfb,0xff,0xff,0xff,0xff,0xff,0x82,0x00,0x00,0x22,0xff,0xff,0xff,
  0x5b,0x00,0x00,0x00,0x1b,0x71,0xf2,0xff,0xff,0xf4,0x1a,0x00,0x22,0xff,0xff,0xff,
  0x5b,0x00,0x00,0x00,0x00,0x00,0x6c,0xff,0xff,0xff,0x6c,0x00,0x22,0xff,0xff,0xff,
  0x5b,0x00,0x00,0x00,0x00,0x00,0x04,0xf9,0xff,0xff,0x9a,0x00,0x22,0xff,0xff,0xff,
  0x5b,0x00,0x00,0x00,0x00,0x00,0x00,0xe3,0xff,0xff,0xa9,0x00,0x22,0xff,0xff,0xff,
  0x5b,0x00,0x00,0x00,0x00,0x00,0x04,0xf8,0xff,0xff,0x95,0x00,0x22,0xff,0xff,0xff,
  0x5b,0x00,0x00,0x00,0x00,0x00,0x68,0xff,0xff,0xff,0x71,0x00,0x22,0xff,0xff,0xff,
  0x5b,0x00,0x00,0x04,0x21,0x73,0xf1,0xff,0xff,0xf7,0x17,0x00,0x22,0xff,0xff,0xff,
  0xff,0xff,0xff,0xff,0xff,0xff,0xff,0xff,0xff,0x85,0x00,0x00,0x22,0xff,0xff,0xff,
  0xff,0xff,0xff,0xff,0xff,0xff,0xff,0xfc,0x94,0x00,0x00,0x00,0x22,0xff,0xff,0xff,
  0xf3,0xef,0xef,0xf1,0xff,0xff,0xff,0x80,0x00,0x00,0x00,0x00,0x22,0xff,0xff,0xff,
  0x5b,0x00,0x00,0x07,0xdf,0xff,0xff,0xdd,0x06,0x00,0x00,0x00,0x22,0xff,0xff,0xff,
  0x5b,0x00,0x00,0x00,0x67,0xff,0xff,0xff,0x74,0x00,0x00,0x00,0x22,0xff,0xff,0xff,
  0x5b,0x00,0x00,0x00,0x02,0xd6,0xff,0xff,0xe9,0x0f,0x00,0x00,0x22,0xff,0xff,0xff,
  0x5b,0x00,0x00,0x00,0x00,0x5a,0xff,0xff,0xff,0x85,0x00,0x00,0x22,0xff,0xff,0xff,
  0x5b,0x00,0x00,0x00,0x00,0x00,0xcc,0xff,0xff,0xf1,0x1a,0x00,0x22,0xff,0xff,0xff,
  0x5b,0x00,0x00,0x00,0x00,0x00,0x4c,0xff,0xff,0xff,0x96,0x00,0x22,0xff,0xff,0xff,
  0x5b,0x00,0x00,0x00,0x00,0x00,0x00,0xc0,0xff,0xff,0xf8,0x27,0x00,0x00,0x00,0x10,
  0x77,0xc3,0xe7,0xfa,0xed,0xd2,0x8e,0x28,0x00,0x00,0x00,0x00,0x00,0x4d,0xe4,0xff,
  0xff,0xff,0xff,0xff,0xff,0xff,0xf5,0x72,0x00,0x00,0x00,0x41,0xf6,0xff,0xff,0xff,
  0xff,0xff,0xff,0xff,0xff,0xff,0xfe,0x65,0x00,0x00,0xc8,0xff,0xff,0xfc,0x8f,0x30,
  0x0d,0x28,0x7a,0xf0,0xff,0xff,0xe9,0x0c,0x22,0xff,0xff,0xff,0x88,0x00,0x00,0x00,
  0x00,0x00,0x51,0xff,0xff,0xff,0x54,0x48,0xff,0xff,0xff,0x42,0x00,0x00,0x00,0x00,
  0x00,0x00,0x9e,0xa8,0xa8,0x4d,0x3f,0xff,0xff,0xff,0x7b,0x00,0x00,0x00,0x00,0x00,
  0x00,0x00,0x00,0x00,0x00,0x07,0xee,0xff,0xff,0xfb,0x8a,0x1f,0x00,0x00,0x00,0x00,
  0x00,0x00,0x00,0x00,0x00,0x71,0xff,0xff,0xff,0xff,0xfc,0xc8,0x86,0x3d,0x00,0x00,
  0x00,0x00,0x00,0x00,0x00,0x73,0xf5,0xff,0xff,0xff,0xff,0xff,0xff,0xe1,0x7d,0x09,
  0x00,0x00,0x00,0x00,0x00,0x21,0x8e,0xdd,0xff,0xff,0xff,0xff,0xff,0xff,0xd7,0x28,
  0x00,0x00,0x00,0x00,0x00,0x00,0x00,0x29,0x70,0xb9,0xf8,0xff,0xff,0xff,0xdb,0x09,
  0x00,0x00,0x00,0x00,0x00,0x00,0x00,0x00,0x00,0x21,0xae,0xff,0xff,0xff,0x70,0x0b,
  0x0d,0x0d,0x07,0x00,0x00,0x00,0x00,0x00,0x00,0x02,0xe0,0xff,0xff,0xa6,0xc3,0xff,
  0xff,0xaf,0x00,0x00,0x00,0x00,0x00,0x00,0x00,0xc5,0xff,0xff,0xb4,0x9a,0xff,0xff,
  0xf4,0x2b,0x00,0x00,0x00,0x00,0x00,0x2f,0xf7,0xff,0xff,0x95,0x41,0xfe,0xff,0xff,
  0xe9,0x7d,0x30,0x12,0x2f,0x7b,0xea,0xff,0xff,0xff,0x40,0x00,0xa2,0xff,0xff,0xff,
  0xff,0xff,0xff,0xff,0xff,0xff,0xff,0xff,0xaa,0x00,0x00,0x06,0x9d,0xfd,0xff,0xff,
  0xff,0xff,0xff,0xff,0xff,0xfe,0xa5,0x07,0x00,0x00,0x00,0x00,0x3a,0x9c,0xd4,0xf2,
  0xfc,0xee,0xd7,0x9b,0x40,0x00,0x00,0x00,0xf6,0xff,0xff,0xff,0xff,0xff,0xff,0xff,
  0xff,0xff,0xff,0xff,0xff,0xff,0xff,0x27,0xf6,0xff,0xff,0xff,0xff,0xff,0xff,0xff,
  0xff,0xff,0xff,0xff,0xff,0xff,0xff,0x27,0xf2,0xfc,0xfc,0xfc,0xfc,0xfc,0xff,0xff,
  0xff,0xfd,0xfc,0xfc,0xfc,0xfc,0xfc,0x26,0x00,0x00,0x00,0x00,0x00,0x27,0xff,0xff,
  0xff,0x57,0x00,0x00,0x00,0x00,0x00,0x00,0x00,0x00,0x00,0x00,0x00,0x27,0xff,0xff,
  0xff,0x57,0x00,0x00,0x00,0x00,0x00,0x00,0x00,0x00,0x00,0x00,0x00,0x27,0xff,0xff,
  0xff,0x57,0x00,0x00,0x00,0x00,0x00,0x00,0x00,0x00,0x00,0x00,0x00,0x27,0xff,0xff,
  0xff,0x57,0x00,0x00,0x00,0x00,0x00,0x00,0x00,0x00,0x00,0x00,0x00,0x27,0xff,0xff,
  0xff,0x57,0x00,0x00,0x00,0x00,0x00,0x00,0x00,0x00,0x00,0x00,0x00,0x27,0xff,0xff,
  0xff,0x57,0x00,0x00,0x00,0x00,0x00,0x00,0x00,0x00,0x00,0x00,0x00,0x27,0xff,0xff,
  0xff,0x57,0x00,0x00,0x00,0x00,0x00,0x00,0x00,0x00,0x00,0x00,0x00,0x27,0xff,0xff,
  0xff,0x57,0x00,0x00,0x00,0x00,0x00,0x00,0x00,0x00,0x00,0x00,0x00,0x27,0xff,0xff,
  0xff,0x57,0x00,0x00,0x00,0x00,0x00,0x00,0x00,0x00,0x00,0x00,0x00,0x27,0xff,0xff,
  0xff,0x57,0x00,0x00,0x00,0x00,0x00,0x00,0x00,0x00,0x00,0x00,0x00,0x27,0xff,0xff,
  0xff,0x57,0x00,0x00,0x00,0x00,0x00,0x00,0x00,0x00,0x00,0x00,0x00,0x27,0xff,0xff,
  0xff,0x57,0x00,0x00,0x00,0x00,0x00,0x00,0x00,0x00,0x00,0x00,0x00,0x27,0xff,0xff,
  0xff,0x57,0x00,0x00,0x00,0x00,0x00,0x00,0x00,0x00,0x00,0x00,0x00,0x27,0xff,0xff,
  0xff,0x57,0x00,0x00,0x00,0x00,0x00,0x00,0x00,0x00,0x00,0x00,0x00,0x27,0xff,0xff,
  0xff,0x57,0x00,0x00,0x00,0x00,0x00,0x00,0x00,0x00,0x00,0x00,0x00,0x27,0xff,0xff,
  0xff,0x57,0x00,0x00,0x00,0x00,0x00,0x00,0x00,0x00,0x00,0x00,0x00,0x27,0xff,0xff,
  0xff,0x57,0x00,0x00,0x00,0x00,0x00,0x00,0x22,0xff,0xff,0xff,0x5b,0x00,0x00,0x00,
  0x00,0x00,0x00,0x00,0x35,0xff,0xff,0xff,0x4b,0x22,0xff,0xff,0xff,0x5b,0x00,0x00,
  0x00,0x00,0x00,0x00,0x00,0x35,0xff,0xff,0xff,0x4b,0x22,0xff,0xff,0xff,0x5b,0x00,
  0x00,0x00,0x00,0x00,0x00,0x00,0x35,0xff,0xff,0xff,0x4b,0x22,0xff,0xff,0xff,0x5b,
  0x00,0x00,0x00,0x00,0x00,0x00,0x00,0x35,0xff,0xff,0xff,0x4b,0x22,0xff,0xff,0xff,
  0x5b,0x00,0x00,0x00,0x00,0x00,0x00,0x00,0x35,0xff,0xff,0xff,0x4b,0x22,0xff,0xff,
  0xff,0x5b,0x00,0x00,0x00,0x00,0x00,0x00,0x00,0x35,0xff,0xff,0xff,0x4b,0x22,0xff,
  0xff,0xff,0x5b,0x00,0x00,0x00,0x00,0x00,0x00,0x00,0x35,0xff,0xff,0xff,0x4b,0x22,
  0xff,0xff,0xff,0x5b,0x00,0x00,0x00,0x00,0x00,0x00,0x00,0x35,0xff,0xff,0xff,0x4b,
  0x22,0xff,0xff,0xff,0x5b,0x00,0x00,0x00,0x00,0x00,0x00,0x00,0x35,0xff,0xff,0xff,
  0x4b,0x22,0xff,0xff,0xff,0x5b,0x00,0x00,0x00,0x00,0x00,0x00,0x00,0x35,0xff,0xff,
  0xff,0x4b,0x22,0xff,0xff,0xff,0x5b,0x00,0x00,0x00,0x00,0x00,0x00,0x00,0x35,0xff,
  0xff,0xff,0x4b,0x22,0xff,0xff,0xff,0x5b,0x00,0x00,0x00,0x00,0x00,0x00,0x00,0x35,
  0xff,0xff,0xff,0x4b,0x21,0xff,0xff,0xff,0x5c,0x00,0x00,0x00,0x00,0x00,0x00,0x00,
  0x37,0xff,0xff,0xff,0x49,0x0b,0xfe,0xff,0xff,0x74,0x00,0x00,0x00,0x00,0x00,0x00,
  0x00,0x52,0xff,0xff,0xff,0x35,0x00,0xe9,0xff,0xff,0xbf,0x00,0x00,0x00,0x00,0x00,
  0x00,0x00,0x9f,0xff,0xff,0xfe,0x10,0x00,0xa2,0xff,0xff,0xff,0x71,0x00,0x00,0x00,
  0x00,0x00,0x52,0xfb,0xff,0xff,0xc2,0x00,0x00,0x36,0xfa,0xff,0xff,0xfe,0xaf,0x5b,
  0x3e,0x53,0x9f,0xfa,0xff,0xff,0xff,0x56,0x00,0x00,0x00,0x77,0xff,0xff,0xff,0xff,
  0xff,0xff,0xff,0xff,0xff,0xff,0xff,0x97,0x00,0x00,0x00,0x00,0x00,0x6c,0xf3,0xff,
  0xff,0xff,0xff,0xff,0xff,0xff,0xfa,0x84,0x04,0x00,0x00,0x00,0x00,0x00,0x00,0x21,
  0x81,0xcb,0xe7,0xfa,0xea,0xd0,0x8c,0x2c,0x00,0x00,0x00,0x00,0x3f,0xff,0xff,0xff,
  0x92,0x00,0x00,0x00,0x00,0x00,0x00,0x00,0x00,0x00,0x9e,0xff,0xff,0xff,0x2d,0x00,
  0xdf,0xff,0xff,0xdd,0x00,0x00,0x00,0x00,0x00,0x00,0x00,0x00,0x00,0xe4,0xff,0xff,
  0xd3,0x00,0x00,0x93,0xff,0xff,0xff,0x36,0x00,0x00,0x00,0x00,0x00,0x00,0x00,0x3f,
  0xff,0xff,0xff,0x85,0x00,0x00,0x3d,0xff,0xff,0xff,0x8a,0x00,0x00,0x00,0x00,0x00,
  0x00,0x00,0x8f,0xff,0xff,0xff,0x2f,0x00,0x00,0x00,0xdd,0xff,0xff,0xd5,0x00,0x00,
  0x00,0x00,0x00,0x00,0x00,0xd7,0xff,0xff,0xd4,0x00,0x00,0x00,0x00,0x90,0xff,0xff,
  0xff,0x2d,0x00,0x00,0x00,0x00,0x00,0x2c,0xff,0xff,0xff,0x87,0x00,0x00,0x00,0x00,
  0x39,0xff,0xff,0xff,0x82,0x00,0x00,0x00,0x00,0x00,0x80,0xff,0xff,0xff,0x31,0x00,
  0x00,0x00,0x00,0x00,0xdb,0xff,0xff,0xcd,0x00,0x00,0x00,0x00,0x00,0xc9,0xff,0xff,
  0xd6,0x00,0x00,0x00,0x00,0x00,0x00,0x8e,0xff,0xff,0xfe,0x23,0x00,0x00,0x00,0x1d,
  0xfc,0xff,0xff,0x88,0x00,0x00,0x00,0x00,0x00,0x00,0x36,0xff,0xff,0xff,0x79,0x00,
  0x00,0x00,0x70,0xff,0xff,0xff,0x33,0x00,0x00,0x00,0x00,0x00,0x00,0x00,0xd9,0xff,
  0xff,0xc4,0x00,0x00,0x00,0xb9,0xff,0xff,0xd7,0x00,0x00,0x00,0x00,0x00,0x00,0x00,
  0x00,0x8b,0xff,0xff,0xfa,0x14,0x00,0x0c,0xf6,0xff,0xff,0x8a,0x00,0x00,0x00,0x00,
  0x00,0x00,0x00,0x00,0x33,0xff,0xff,0xff,0x5e,0x00,0x52,0xff,0xff,0xff,0x34,0x00,
  0x00,0x00,0x00,0x00,0x00,0x00,0x00,0x00,0xd7,0xff,0xff,0xa2,0x00,0x95,0xff,0xff,
  0xd8,0x00,0x00,0x00,0x00,0x00,0x00,0x00,0x00,0x00,0x00,0x89,0xff,0xff,0xdf,0x00,
  0xd2,0xff,0xff,0x8b,0x00,0x00,0x00,0x00,0x00,0x00,0x00,0x00,0x00,0x00,0x30,0xff,
  0xff,0xff,0x3a,0xfc,0xff,0xff,0x36,0x00,0x00,0x00,0x00,0x00,0x00,0x00,0x00,0x00,
  0x00,0x00,0xd5,0xff,0xff,0xb6,0xff,0xff,0xda,0x00,0x00,0x00,0x00,0x00,0x00,0x00,
  0x00,0x00,0x00,0x00,0x00,0x86,0xff,0xff,0xfe,0xff,0xff,0x8d,0x00,0x00,0x00,0x00,
  0x00,0x00,0x00,0x00,0x00,0x00,0x00,0x00,0x2e,0xff,0xff,0xff,0xff,0xff,0x37,0x00,
  0x00,0x00,0x00,0x00,0x00,0x00,0x00,0x00,0x00,0x00,0x00,0x00,0xd2,0xff,0xff,0xff,
  0xdc,0x00,0x00,0x00,0x00,0x00,0x00,0x00,0x4b,0xff,0xff,0xff,0x74,0x00,0x00,0x00,
  0x00,0x00,0x00,0xb2,0xff,0xff,0xff,0x3b,0x00,0x00,0x00,0x00,0x00,0x00,0xe6,0xff,
  0xff,0xca,0x09,0xf6,0xff,0xff,0xac,0x00,0x00,0x00,0x00,0x00,0x00,0xe8,0xff,0xff,
  0xff,0x7a,0x00,0x00,0x00,0x00,0x00,0x27,0xff,0xff,0xff,0x8f,0x00,0xc2,0xff,0xff,
  0xe0,0x00,0x00,0x00,0x00,0x00,0x2e,0xff,0xff,0xff,0xff,0xb3,0x00,0x00,0x00,0x00,
  0x00,0x67,0xff,0xff,0xff,0x4e,0x00,0x86,0xff,0xff,0xff,0x20,0x00,0x00,0x00,0x00,
  0x6f,0xff,0xff,0xff,0xff,0xe9,0x00,0x00,0x00,0x00,0x00,0xa0,0xff,0xff,0xf7,0x0c,
  0x00,0x45,0xff,0xff,0xff,0x60,0x00,0x00,0x00,0x00,0xaa,0xff,0xff,0xeb,0xff,0xff,
  0x2f,0x00,0x00,0x00,0x00,0xd5,0xff,0xff,0xc5,0x00,0x00,0x06,0xf3,0xff,0xff,0x99,
  0x00,0x00,0x00,0x00,0xe0,0xff,0xfe,0xa3,0xff,0xff,0x6f,0x00,0x00,0x00,0x13,0xfc,
  0xff,0xff,0x88,0x00,0x00,0x00,0xbe,0xff,0xff,0xcf,0x00,0x00,0x00,0x23,0xff,0xff,
  0xe2,0x70,0xff,0xff,0xa9,0x00,0x00,0x00,0x53,0xff,0xff,0xff,0x47,0x00,0x00,0x00,
  0x82,0xff,0xff,0xfa,0x0d,0x00,0x00,0x66,0xff,0xff,0xb6,0x3b,0xff,0xff,0xe0,0x00,
  0x00,0x00,0x8d,0xff,0xff,0xf5,0x07,0x00,0x00,0x00,0x40,0xff,0xff,0xff,0x4c,0x00,
  0x00,0xa1,0xff,0xff,0x84,0x06,0xf6,0xff,0xff,0x22,0x00,0x00,0xc3,0xff,0xff,0xbf,
  0x00,0x00,0x00,0x00,0x04,0xf0,0xff,0xff,0x86,0x00,0x00,0xd8,0xff,0xff,0x4b,0x00,
  0xc6,0xff,0xff,0x64,0x00,0x04,0xf4,0xff,0xff,0x83,0x00,0x00,0x00,0x00,0x00,0xba,
  0xff,0xff,0xbc,0x00,0x18,0xfe,0xff,0xf7,0x0b,0x00,0x8b,0xff,0xff,0x9f,0x00,0x3d,
  0xff,0xff,0xff,0x40,0x00,0x00,0x00,0x00,0x00,0x7d,0xff,0xff,0xe9,0x00,0x56,0xff,
  0xff,0xc5,0x00,0x00,0x4c,0xff,0xff,0xcf,0x00,0x73,0xff,0xff,0xf0,0x04,0x00,0x00,
  0x00,0x00,0x00,0x3a,0xff,0xff,0xff,0x20,0x8b,0xff,0xff,0x8b,0x00,0x00,0x0b,0xf7,
  0xff,0xf8,0x07,0xa2,0xff,0xff,0xb9,0x00,0x00,0x00,0x00,0x00,0x00,0x02,0xed,0xff,
  0xff,0x55,0xbc,0xff,0xff,0x4c,0x00,0x00,0x00,0xc6,0xff,0xff,0x3d,0xcf,0xff,0xff,
  0x7d,0x00,0x00,0x00,0x00,0x00,0x00,0x00,0xb6,0xff,0xff,0x80,0xe4,0xff,0xf8,0x0b,
  0x00,0x00,0x00,0x8b,0xff,0xff,0x6e,0xf5,0xff,0xff,0x39,0x00,0x00,0x00,0x00,0x00,
  0x00,0x00,0x79,0xff,0xff,0xb3,0xfe,0xff,0xc7,0x00,0x00,0x00,0x00,0x4c,0xff,0xff,
  0xb6,0xff,0xff,0xec,0x02,0x00,0x00,0x00,0x00,0x00,0x00,0x00,0x35,0xff,0xff,0xf6,
  0xff,0xff,0x8c,0x00,0x00,0x00,0x00,0x0b,0xf7,0xff,0xf8,0xff,0xff,0xb4,0x00,0x00,
  0x00,0x00,0x00,0x00,0x00,0x00,0x00,0xea,0xff,0xff,0xff,0xff,0x4d,0x00,0x00,0x00,
  0x00,0x00,0xc6,0xff,0xff,0xff,0xff,0x76,0x00,0x00,0x00,0x00,0x00,0x00,0x00,0x00,
  0x00,0xb1,0xff,0xff,0xff,0xf8,0x0c,0x00,0x00,0x00,0x00,0x00,0x8b,0xff,0xff,0xff,
  0xff,0x33,0x00,0x00,0x00,0x00,0x00,0x00,0x00,0x00,0x00,0x74,0xff,0xff,0xff,0xc7,
  0x00,0x00,0x00,0x00,0x00,0x00,0x4b,0xff,0xff,0xff,0xe8,0x00,0x00,0x00,0x00,0x00,
  0x00,0x85,0xff,0xff,0xff,0x83,0x00,0x00,0x00,0x00,0x00,0x00,0x00,0xa7,0xff,0xff,
  0xfe,0x49,0x00,0x00,0x07,0xd5,0xff,0xff,0xf6,0x2c,0x00,0x00,0x00,0x00,0x00,0x4f,
  0xfe,0xff,0xff,0xa2,0x00,0x00,0x00,0x00,0x40,0xfc,0xff,0xff,0xc0,0x00,0x00,0x00,
  0x00,0x0f,0xe0,0xff,0xff,0xe7,0x14,0x00,0x00,0x00,0x00,0x00,0x98,0xff,0xff,0xff,
  0x67,0x00,0x00,0x00,0x95,0xff,0xff,0xff,0x5b,0x00,0x00,0x00,0x00,0x00,0x00,0x0f,
  0xe2,0xff,0xff,0xe9,0x13,0x00,0x35,0xfb,0xff,0xff,0xb2,0x00,0x00,0x00,0x00,0x00,
  0x00,0x00,0x00,0x52,0xff,0xff,0xff,0x8b,0x00,0xbb,0xff,0xff,0xf0,0x20,0x00,0x00,
  0x00,0x00,0x00,0x00,0x00,0x00,0x00,0xab,0xff,0xff,0xf0,0x50,0xff,0xff,0xff,0x6d,
  0x00,0x00,0x00,0x00,0x00,0x00,0x00,0x00,0x00,0x00,0x1b,0xec,0xff,0xff,0xf4,0xff,
  0xff,0xc2,0x00,0x00,0x00,0x00,0x00,0x00,0x00,0x00,0x00,0x00,0x00,0x00,0x67,0xff,
  0xff,0xff,0xff,0xf6,0x2d,0x00,0x00,0x00,0x00,0x00,0x00,0x00,0x00,0x00,0x00,0x00,
  0x00,0x00,0xc5,0xff,0xff,0xff,0x92,0x00,0x00,0x00,0x00,0x00,0x00,0x00,0x00,0x00,
  0x00,0x00,0x00,0x00,0x21,0xf0,0xff,0xff,0xff,0xdf,0x0d,0x00,0x00,0x00,0x00,0x00,
  0x00,0x00,0x00,0x00,0x00,0x00,0x00,0xb8,0xff,0xff,0xff,0xff,0xff,0x96,0x00,0x00,
  0x00,0x00,0x00,0x00,0x00,0x00,0x00,0x00,0x00,0x68,0xff,0xff,0xff,0xbf,0xff,0xff,
  0xfc,0x41,0x00,0x00,0x00,0x00,0x00,0x00,0x00,0x00,0x00,0x20,0xef,0xff,0xff,0xbb,
  0x17,0xf0,0xff,0xff,0xd6,0x07,0x00,0x00,0x00,0x00,0x00,0x00,0x00,0x00,0xb6,0xff,
  0xff,0xf9,0x31,0x00,0x7c,0xff,0xff,0xff,0x89,0x00,0x00,0x00,0x00,0x00,0x00,0x00,
  0x66,0xff,0xff,0xff,0x8b,0x00,0x00,0x06,0xd5,0xff,0xff,0xf9,0x35,0x00,0x00,0x00,
  0x00,0x00,0x1f,0xee,0xff,0xff,0xd8,0x09,0x00,0x00,0x00,0x41,0xfc,0xff,0xff,0xcc,
  0x04,0x00,0x00,0x00,0x00,0xb6,0xff,0xff,0xfc,0x43,0x00,0x00,0x00,0x00,0x00,0x99,
  0xff,0xff,0xff,0x7c,0x00,0x00,0x00,0x63,0xff,0xff,0xff,0x99,0x00,0x00,0x00,0x00,
  0x00,0x00,0x10,0xe3,0xff,0xff,0xf5,0x2b,0x00,0x1d,0xed,0xff,0xff,0xe1,0x10,0x00,
  0x00,0x00,0x00,0x00,0x00,0x00,0x55,0xff,0xff,0xff,0xc1,0x00,0x28,0xf7,0xff,0xff,
  0xdd,0x06,0x00,0x00,0x00,0x00,0x00,0x00,0x00,0x57,0xff,0xff,0xff,0xab,0x00,0x90,
  0xff,0xff,0xff,0x74,0x00,0x00,0x00,0x00,0x00,0x00,0x02,0xd3,0xff,0xff,0xf6,0x25,
  0x00,0x12,0xe8,0xff,0xff,0xe9,0x0f,0x00,0x00,0x00,0x00,0x00,0x64,0xff,0xff,0xff,
  0x8d,0x00,0x00,0x00,0x6d,0xff,0xff,0xff,0x85,0x00,0x00,0x00,0x00,0x06,0xdd,0xff,
  0xff,0xe8,0x10,0x00,0x00,0x00,0x02,0xd1,0xff,0xff,0xf1,0x1a,0x00,0x00,0x00,0x71,
  0xff,0xff,0xff,0x6d,0x00,0x00,0x00,0x00,0x00,0x48,0xff,0xff,0xff,0x97,0x00,0x00,
  0x0c,0xe5,0xff,0xff,0xd3,0x02,0x00,0x00,0x00,0x00,0x00,0x00,0xb3,0xff,0xff,0xf8,
  0x23,0x00,0x7d,0xff,0xff,0xff,0x4d,0x00,0x00,0x00,0x00,0x00,0x00,0x00,0x29,0xf8,
  0xff,0xff,0x9d,0x0c,0xe9,0xff,0xff,0xb7,0x00,0x00,0x00,0x00,0x00,0x00,0x00,0x00,
  0x00,0x92,0xff,0xff,0xf5,0x79,0xff,0xff,0xfa,0x2f,0x00,0x00,0x00,0x00,0x00,0x00,
  0x00,0x00,0x00,0x12,0xea,0xff,0xff,0xf9,0xff,0xff,0x99,0x00,0x00,0x00,0x00,0x00,
  0x00,0x00,0x00,0x00,0x00,0x00,0x6f,0xff,0xff,0xff,0xff,0xef,0x18,0x00,0x00,0x00,
  0x00,0x00,0x00,0x00,0x00,0x00,0x00,0x00,0x02,0xd3,0xff,0xff,0xff,0x7b,0x00,0x00,
  0x00,0x00,0x00,0x00,0x00,0x00,0x00,0x00,0x00,0x00,0x00,0x73,0xff,0xff,0xff,0x07,
  0x00,0x00,0x00,0x00,0x00,0x00,0x00,0x00,0x00,0x00,0x00,0x00,0x00,0x6f,0xff,0xff,
  0xff,0x00,0x00,0x00,0x00,0x00,0x00,0x00,0x00,0x00,0x00,0x00,0x00,0x00,0x00,0x6f,
  0xff,0xff,0xff,0x00,0x00,0x00,0x00,0x00,0x00,0x00,0x00,0x00,0x00,0x00,0x00,0x00,
  0x00,0x6f,0xff,0xff,0xff,0x00,0x00,0x00,0x00,0x00,0x00,0x00,0x00,0x00,0x00,0x00,
  0x00,0x00,0x00,0x6f,0xff,0xff,0xff,0x00,0x00,0x00,0x00,0x00,0x00,0x00,0x00,0x00,
  0x00,0x00,0x00,0x00,0x00,0x6f,0xff,0xff,0xff,0x00,0x00,0x00,0x00,0x00,0x00,0x00,
  0x00,0x00,0x00,0x00,0x00,0x00,0x00,0x6f,0xff,0xff,0xff,0x00,0x00,0x00,0x00,0x00,
  0x00,0x00,0x00,0x00,0x00,0x00,0x00,0x00,0x00,0x6f,0xff,0xff,0xff,0x00,0x00,0x00,
  0x00,0x00,0x00,0x00,0x95,0xff,0xff,0xff,0xff,0xff,0xff,0xff,0xff,0xff,0xff,0xff,
  0xff,0xff,0x7f,0x95,0xff,0xff,0xff,0xff,0xff,0xff,0xff,0xff,0xff,0xff,0xff,0xff,
  0xff,0x7f,0x8f,0xf6,0xf6,0xf6,0xf6,0xf6,0xf6,0xf6,0xf6,0xf6,0xfb,0xff,0xff,0xfe,
  0x4d,0x00,0x00,0x00,0x00,0x00,0x00,0x00,0x00,0x00,0x18,0xe3,0xff,0xff,0xa5,0x00,
  0x00,0x00,0x00,0x00,0x00,0x00,0x00,0x00,0x00,0xb9,0xff,0xff,0xe7,0x16,0x00,0x00,
  0x00,0x00,0x00,0x00,0x00,0x00,0x00,0x75,0xff,0xff,0xff,0x59,0x00,0x00,0x00,0x00,
  0x00,0x00,0x00,0x00,0x00,0x29,0xf4,0xff,0xff,0xad,0x00,0x00,0x00,0x00,0x00,0x00,
  0x00,0x00,0x00,0x00,0xc2,0xff,0xff,0xeb,0x1b,0x00,0x00,0x00,0x00,0x00,0x00,0x00,
  0x00,0x00,0x70,0xff,0xff,0xff,0x63,0x00,0x00,0x00,0x00,0x00,0x00,0x00,0x00,0x00,
  0x23,0xf1,0xff,0xff,0xb7,0x00,0x00,0x00,0x00,0x00,0x00,0x00,0x00,0x00,0x00,0xba,
  0xff,0xff,0xf0,0x21,0x00,0x00,0x00,0x00,0x00,0x00,0x00,0x00,0x00,0x67,0xff,0xff,
  0xff,0x6c,0x00,0x00,0x00,0x00,0x00,0x00,0x00,0x00,0x00,0x1d,0xed,0xff,0xff,0xbf,
  0x00,0x00,0x00,0x00,0x00,0x00,0x00,0x00,0x00,0x00,0xb3,0xff,0xff,0xf3,0x28,0x00,
  0x00,0x00,0x00,0x00,0x00,0x00,0x00,0x00,0x5d,0xff,0xff,0xff,0x71,0x00,0x00,0x00,
  0x00,0x00,0x00,0x00,0x00,0x00,0x18,0xea,0xff,0xff,0xb5,0x00,0x00,0x00,0x00,0x00,
  0x00,0x00,0x00,0x00,0x00,0xab,0xff,0xff,0xe0,0x16,0x00,0x00,0x00,0x00,0x00,0x00,
  0x00,0x00,0x00,0x52,0xff,0xff,0xff,0xf9,0xf2,0xf2,0xf2,0xf2,0xf2,0xf2,0xf2,0xf2,
  0xf2,0x86,0x86,0xff,0xff,0xff,0xff,0xff,0xff,0xff,0xff,0xff,0xff,0xff,0xff,0xff,
  0x8e,0x86,0xff,0xff,0xff,0xff,0xff,0xff,0xff,0xff,0xff,0xff,0xff,0xff,0xff,0x8e,
  0x69,0xba,0xba,0xba,0xba,0xba,0x45,0x92,0xff,0xff,0xff,0xff,0xff,0x5f,0x92,0xff,
  0xff,0xff,0xff,0xff,0x5f,0x92,0xff,0xff,0xb6,0x00,0x00,0x00,0x92,0xff,0xff,0xb6,
  0x00,0x00,0x00,0x92,0xff,0xff,0xb6,0x00,0x00,0x00,0x92,0xff,0xff,0xb6,0x00,0x00,
  0x00,0x92,0xff,0xff,0xb6,0x00,0x00,0x00,0x92,0xff,0xff,0xb6,0x00,0x00,0x00,0x92,
  0xff,0xff,0xb6,0x00,0x00,0x00,0x92,0xff,0xff,0xb6,0x00,0x00,0x00,0x92,0xff,0xff,
  0xb6,0x00,0x00,0x00,0x92,0xff,0xff,0xb6,0x00,0x00,0x00,0x92,0xff,0xff,0xb6,0x00,
  0x00,0x00,0x92,0xff,0xff,0xb6,0x00,0x00,0x00,0x92,0xff,0xff,0xb6,0x00,0x00,0x00,
  0x92,0xff,0xff,0xb6,0x00,0x00,0x00,0x92,0xff,0xff,0xb6,0x00,0x00,0x00,0x92,0xff,
  0xff,0xb6,0x00,0x00,0x00,0x92,0xff,0xff,0xb6,0x00,0x00,0x00,0x92,0xff,0xff,0xb6,
  0x00,0x00,0x00,0x92,0xff,0xff,0xb6,0x00,0x00,0x00,0x92,0xff,0xff,0xea,0xbe,0xbe,
  0x46,0x92,0xff,0xff,0xff,0xff,0xff,0x5f,0x92,0xff,0xff,0xff,0xff,0xff,0x5f,0x4e,
  0x8e,0x8e,0x40,0x00,0x00,0x00,0x00,0x00,0x00,0x5d,0xff,0xff,0xa2,0x00,0x00,0x00,
  0x00,0x00,0x00,0x17,0xfc,0xff,0xdd,0x00,0x00,0x00,0x00,0x00,0x00,0x00,0xd0,0xff,
  0xff,0x26,0x00,0x00,0x00,0x00,0x00,0x00,0x95,0xff,0xff,0x6c,0x00,0x00,0x00,0x00,
  0x00,0x00,0x53,0xff,0xff,0xab,0x00,0x00,0x00,0x00,0x00,0x00,0x0f,0xf9,0xff,0xe6,
  0x00,0x00,0x00,0x00,0x00,0x00,0x00,0xc8,0xff,0xff,0x30,0x00,0x00,0x00,0x00,0x00,
  0x00,0x8b,0xff,0xff,0x75,0x00,0x00,0x00,0x00,0x00,0x00,0x49,0xff,0xff,0xb4,0x00,
  0x00,0x00,0x00,0x00,0x00,0x07,0xf5,0xff,0xed,0x02,0x00,0x00,0x00,0x00,0x00,0x00,
  0xbf,0xff,0xff,0x3b,0x00,0x00,0x00,0x00,0x00,0x00,0x83,0xff,0xff,0x7f,0x00,0x00,
  0x00,0x00,0x00,0x00,0x3f,0xff,0xff,0xbc,0x00,0x00,0x00,0x00,0x00,0x00,0x02,0xf0,
  0xff,0xf3,0x06,0x00,0x00,0x00,0x00,0x00,0x00,0xb7,0xff,0xff,0x45,0x00,0x00,0x00,
  0x00,0x00,0x00,0x79,0xff,0xff,0x87,0x00,0x00,0x00,0x00,0x00,0x00,0x35,0xff,0xff,
  0xc5,0x00,0x00,0x00,0x00,0x00,0x00,0x00,0xe8,0xff,0xf7,0x0c,0x00,0x00,0x00,0x00,
  0x00,0x00,0xae,0xff,0xff,0x50,0x00,0x00,0x00,0x00,0x00,0x00,0x70,0xff,0xff,0x91,
  0x00,0x00,0x00,0x00,0x00,0x00,0x29,0xff,0xff,0xcd,0x00,0x00,0x00,0x00,0x00,0x00,
  0x00,0xe1,0xff,0xfc,0x13,0x00,0x00,0x00,0x00,0x00,0x00,0xa5,0xff,0xff,0x59,0x7a,
  0xba,0xba,0xba,0xba,0xba,0x2f,0xa8,0xff,0xff,0xff,0xff,0xff,0x42,0xa8,0xff,0xff,
  0xff,0xff,0xff,0x42,0x00,0x00,0x00,0xf9,0xff,0xff,0x42,0x00,0x00,0x00,0xf9,0xff,
  0xff,0x42,0x00,0x00,0x00,0xf9,0xff,0xff,0x42,0x00,0x00,0x00,0xf9,0xff,0xff,0x42,
  0x00,0x00,0x00,0xf9,0xff,0xff,0x42,0x00,0x00,0x00,0xf9,0xff,0xff,0x42,0x00,0x00,
  0x00,0xf9,0xff,0xff,0x42,0x00,0x00,0x00,0xf9,0xff,0xff,0x42,0x00,0x00,0x00,0xf9,
  0xff,0xff,0x42,0x00,0x00,0x00,0xf9,0xff,0xff,0x42,0x00,0x00,0x00,0xf9,0xff,0xff,
  0x42,0x00,0x00,0x00,0xf9,0xff,0xff,0x42,0x00,0x00,0x00,0xf9,0xff,0xff,0x42,0x00,
  0x00,0x00,0xf9,0xff,0xff,0x42,0x00,0x00,0x00,0xf9,0xff,0xff,0x42,0x00,0x00,0x00,
  0xf9,0xff,0xff,0x42,0x00,0x00,0x00,0xf9,0xff,0xff,0x42,0x00,0x00,0x00,0xf9,0xff,
  0xff,0x42,0x00,0x00,0x00,0xf9,0xff,0xff,0x42,0x7c,0xbe,0xbe,0xfd,0xff,0xff,0x42,
  0xa8,0xff,0xff,0xff,0xff,0xff,0x42,0xa8,0xff,0xff,0xff,0xff,0xff,0x42,0x00,0x00,
  0x00,0x00,0x35,0x8e,0x8e,0x79,0x00,0x00,0x00,0x00,0x00,0x00,0x00,0x00,0xb4,0xff,
  0xff,0xff,0x3a,0x00,0x00,0x00,0x00,0x00,0x00,0x2d,0xfc,0xff,0xff,0xff,0xac,0x00,
  0x00,0x00,0x00,0x00,0x00,0x9f,0xff,0xf1,0x91,0xff,0xfb,0x26,0x00,0x00,0x00,0x00,
  0x1b,0xf6,0xff,0x9a,0x1c,0xf7,0xff,0x97,0x00,0x00,0x00,0x00,0x8a,0xff,0xfd,0x2f,
  0x00,0xa8,0xff,0xf3,0x16,0x00,0x00,0x0c,0xeb,0xff,0xbd,0x00,0x00,0x3b,0xff,0xff,
  0x82,0x00,0x00,0x74,0xff,0xff,0x55,0x00,0x00,0x00,0xc9,0xff,0xe7,0x09,0x02,0xdd,
  0xff,0xde,0x02,0x00,0x00,0x00,0x62,0xff,0xff,0x6c,0xcc,0xcc,0xcc,0xcc,0xcc,0xcc,
  0xcc,0xcc,0xcc,0xcc,0xcc,0xcc,0x34,0xff,0xff,0xff,0xff,0xff,0xff,0xff,0xff,0xff,
  0xff,0xff,0xff,0x42,0xff,0xff,0xff,0xff,0xff,0xff,0xff,0xff,0xff,0xff,0xff,0xff,
  0x42,0x17,0x18,0x18,0x06,0x00,0xb0,0xff,0xff,0x81,0x00,0x20,0xf0,0xff,0xe3,0x04,
  0x00,0x71,0xff,0xff,0x5f,0x00,0x00,0xc7,0xff,0xc8,0x00,0x00,0x00,0x13,0x76,0xc9,
  0xe8,0xf8,0xe1,0xbd,0x65,0x02,0x00,0x00,0x00,0x00,0x3f,0xe7,0xff,0xff,0xff,0xff,
  0xff,0xff,0xff,0xbf,0x0f,0x00,0x00,0x1a,0xea,0xff,0xff,0xfe,0xd0,0xbb,0xe1,0xff,
  0xff,0xff,0x97,0x00,0x00,0x7b,0xff,0xff,0xf1,0x48,0x00,0x00,0x04,0xa9,0xff,0xff,
  0xf0,0x07,0x00,0x00,0x1c,0x56,0x4e,0x00,0x00,0x00,0x00,0x3f,0xff,0xff,0xff,0x28,
  0x00,0x00,0x00,0x00,0x00,0x00,0x00,0x00,0x0b,0x83,0xff,0xff,0xff,0x38,0x00,0x00,
  0x00,0x20,0x67,0x9c,0xc9,0xe4,0xfc,0xff,0xff,0xff,0xff,0x39,0x00,0x02,0x8e,0xf8,
  0xff,0xff,0xff,0xff,0xff,0xf6,0xff,0xff,0xff,0x39,0x00,0x82,0xff,0xff,0xff,0xdc,
  0x9c,0x73,0x46,0x2b,0xff,0xff,0xff,0x39,0x00,0xe3,0xff,0xff,0xa1,0x02,0x00,0x00,
  0x00,0x29,0xff,0xff,0xff,0x39,0x04,0xfc,0xff,0xff,0x47,0x00,0x00,0x00,0x00,0x66,
  0xff,0xff,0xff,0x39,0x00,0xf0,0xff,0xff,0x8b,0x00,0x00,0x00,0x33,0xe7,0xff,0xff,
  0xff,0x39,0x00,0xb3,0xff,0xff,0xff,0xc7,0xa2,0xbd,0xf9,0xf0,0xfe,0xff,0xff,0x39,
  0x00,0x2b,0xea,0xff,0xff,0xff,0xff,0xff,0xfa,0x5c,0xfc,0xff,0xff,0x39,0x00,0x00,
  0x20,0x9f,0xe2,0xf9,0xec,0xbb,0x44,0x00,0xfc,0xff,0xff,0x39,0x4f,0xff,0xff,0xff,
  0x13,0x00,0x00,0x00,0x00,0x00,0x00,0x00,0x00,0x00,0x00,0x4f,0xff,0xff,0xff,0x13,
  0x00,0x00,0x00,0x00,0x00,0x00,0x00,0x00,0x00,0x00,0x4f,0xff,0xff,0xff,0x13,0x00,
  0x00,0x00,0x00,0x00,0x00,0x00,0x00,0x00,0x00,0x4f,0xff,0xff,0xff,0x13,0x00,0x00,
  0x00,0x00,0x00,0x00,0x00,0x00,0x00,0x00,0x4f,0xff,0xff,0xff,0x13,0x00,0x00,0x00,
  0x00,0x00,0x00,0x00,0x00,0x00,0x00,0x4f,0xff,0xff,0xff,0x13,0x2d,0xb2,0xef,0xf6,
  0xd8,0x85,0x14,0x00,0x00,0x00,0x4f,0xff,0xff,0xff,0x39,0xed,0xff,0xff,0xff,0xff,
  0xff,0xd9,0x26,0x00,0x00,0x4f,0xff,0xff,0xff,0xcf,0xff,0xf5,0xe4,0xfc,0xff,0xff,
  0xff,0xcb,0x02,0x00,0x4f,0xff,0xff,0xff,0xff,0x85,0x0b,0x00,0x1f,0xbe,0xff,0xff,
  0xff,0x65,0x00,0x4f,0xff,0xff,0xff,0xb6,0x00,0x00,0x00,0x00,0x13,0xf1,0xff,0xff,
  0xb7,0x00,0x4f,0xff,0xff,0xff,0x52,0x00,0x00,0x00,0x00,0x00,0xa0,0xff,0xff,0xf0,
  0x00,0x4f,0xff,0xff,0xff,0x22,0x00,0x00,0x00,0x00,0x00,0x74,0xff,0xff,0xff,0x0b,
  0x4f,0xff,0xff,0xff,0x06,0x00,0x00,0x00,0x00,0x00,0x5e,0xff,0xff,0xff,0x20,0x4f,
  0xff,0xff,0xff,0x23,0x00,0x00,0x00,0x00,0x00,0x76,0xff,0xff,0xff,0x0b,0x4f,0xff,
  0xff,0xff,0x56,0x00,0x00,0x00,0x00,0x00,0xa2,0xff,0xff,0xf0,0x00,0x4f,0xff,0xff,
  0xff,0xbc,0x00,0x00,0x00,0x00,0x16,0xf3,0xff,0xff,0xb6,0x00,0x4f,0xff,0xff,0xff,
  0xff,0x87,0x09,0x00,0x1d,0xbf,0xff,0xff,0xff,0x65,0x00,0x4f,0xff,0xff,0xfd,0xcf,
  0xff,0xf2,0xe0,0xfa,0xff,0xff,0xff,0xcd,0x02,0x00,0x4f,0xff,0xff,0xfc,0x33,0xf0,
  0xff,0xff,0xff,0xff,0xff,0xda,0x27,0x00,0x00,0x4f,0xff,0xff,0xfc,0x00,0x33,0xb6,
  0xf0,0xf6,0xd9,0x88,0x14,0x00,0x00,0x00,0x00,0x00,0x00,0x31,0x9d,0xd9,0xf4,0xf6,
  0xd8,0x94,0x21,0x00,0x00,0x00,0x00,0x00,0x70,0xfa,0xff,0xff,0xff,0xff,0xff,0xff,
  0xf1,0x54,0x00,0x00,0x00,0x62,0xff,0xff,0xff,0xfe,0xdd,0xe7,0xff,0xff,0xff,0xf6,
  0x36,0x00,0x14,0xec,0xff,0xff,0xdb,0x31,0x00,0x00,0x4e,0xf0,0xff,0xff,0xb5,0x00,
  0x6b,0xff,0xff,0xff,0x42,0x00,0x00,0x00,0x00,0x6e,0xff,0xee,0xb6,0x00,0xb3,0xff,
  0xff,0xd3,0x00,0x00,0x00,0x00,0x00,0x0c,0x2e,0x00,0x00,0x00,0xcf,0xff,0xff,0xa9,
  0x00,0x00,0x00,0x00,0x00,0x00,0x00,0x00,0x00,0x00,0xdf,0xff,0xff,0x94,0x00,0x00,
  0x00,0x00,0x00,0x00,0x00,0x00,0x00,0x00,0xcf,0xff,0xff,0xa0,0x00,0x00,0x00,0x00,
  0x00,0x00,0x00,0x00,0x00,0x00,0xb5,0xff,0xff,0xce,0x00,0x00,0x00,0x00,0x00,0x0c,
  0x49,0x0f,0x00,0x00,0x6e,0xff,0xff,0xfe,0x3a,0x00,0x00,0x00,0x00,0x69,0xff,0xfc,
  0xcd,0x02,0x16,0xef,0xff,0xff,0xdd,0x35,0x00,0x00,0x49,0xef,0xff,0xff,0xb6,0x00,
  0x00,0x64,0xff,0xff,0xff,0xfc,0xdd,0xe3,0xff,0xff,0xff,0xf6,0x36,0x00,0x00,0x00,
  0x72,0xfb,0xff,0xff,0xff,0xff,0xff,0xff,0xf2,0x55,0x00,0x00,0x00,0x00,0x00,0x31,
  0x9d,0xda,0xf5,0xf7,0xd9,0x95,0x22,0x00,0x00,0x00,0x00,0x00,0x00,0x00,0x00,0x00,
  0x00,0x00,0x00,0x00,0xd6,0xff,0xff,0x8a,0x00,0x00,0x00,0x00,0x00,0x00,0x00,0x00,
  0x00,0x00,0xd6,0xff,0xff,0x8a,0x00,0x00,0x00,0x00,0x00,0x00,0x00,0x00,0x00,0x00,
  0xd6,0xff,0xff,0x8a,0x00,0x00,0x00,0x00,0x00,0x00,0x00,0x00,0x00,0x00,0xd6,0xff,
  0xff,0x8a,0x00,0x00,0x00,0x00,0x00,0x00,0x00,0x00,0x00,0x00,0xd6,0xff,0xff,0x8a,
  0x00,0x00,0x04,0x6d,0xcd,0xf1,0xf4,0xc7,0x4e,0x00,0xd6,0xff,0xff,0x8a,0x00,0x0d,
  0xb8,0xff,0xff,0xff,0xff,0xff,0xfc,0x59,0xd6,0xff,0xff,0x8a,0x00,0x9b,0xff,0xff,
  0xff,0xff,0xe7,0xef,0xff,0xe9,0xe5,0xff,0xff,0x8a,0x2e,0xfc,0xff,0xff,0xdd,0x38,
  0x00,0x00,0x5c,0xf6,0xff,0xff,0xff,0x8a,0x83,0xff,0xff,0xff,0x41,0x00,0x00,0x00,
  0x00,0x83,0xff,0xff,0xff,0x8a,0xbc,0xff,0xff,0xd1,0x00,0x00,0x00,0x00,0x00,0x17,
  0xfa,0xff,0xff,0x8a,0xd2,0xff,0xff,0xa8,0x00,0x00,0x00,0x00,0x00,0x00,0xe2,0xff,
  0xff,0x8a,0xdf,0xff,0xff,0x95,0x00,0x00,0x00,0x00,0x00,0x00,0xcf,0xff,0xff,0x8a,
  0xd1,0xff,0xff,0xaa,0x00,0x00,0x00,0x00,0x00,0x00,0xe3,0xff,0xff,0x8a,0xbb,0xff,
  0xff,0xd4,0x00,0x00,0x00,0x00,0x00,0x18,0xfb,0xff,0xff,0x8a,0x80,0xff,0xff,0xff,
  0x45,0x00,0x00,0x00,0x00,0x84,0xff,0xff,0xff,0x8a,0x2c,0xfc,0xff,0xff,0xdd,0x37,
  0x00,0x00,0x5b,0xf6,0xff,0xff,0xff,0x8a,0x00,0x98,0xff,0xff,0xff,0xff,0xe4,0xea,
  0xff,0xed,0xe0,0xff,0xff,0x8a,0x00,0x0c,0xb7,0xff,0xff,0xff,0xff,0xff,0xfd,0x5f,
  0xc8,0xff,0xff,0x8a,0x00,0x00,0x04,0x6c,0xcd,0xf1,0xf6,0xc9,0x51,0x00,0xc8,0xff,
  0xff,0x8a,0x00,0x00,0x00,0x30,0xa0,0xda,0xf6,0xee,0xcc,0x7b,0x10,0x00,0x00,0x00,
  0x00,0x00,0x6f,0xfb,0xff,0xff,0xff,0xff,0xff,0xff,0xdc,0x35,0x00,0x00,0x00,0x62,
  0xff,0xff,0xff,0xf3,0xcc,0xd8,0xfc,0xff,0xff,0xe0,0x14,0x00,0x14,0xec,0xff,0xff,
  0xb1,0x13,0x00,0x00,0x42,0xea,0xff,0xff,0x92,0x00,0x6b,0xff,0xff,0xe2,0x0c,0x00,
  0x00,0x00,0x00,0x6a,0xff,0xff,0xe6,0x04,0xb3,0xff,0xff,0x9b,0x00,0x00,0x00,0x00,
  0x00,0x14,0xfc,0xff,0xff,0x29,0xcf,0xff,0xff,0xff,0xff,0xff,0xff,0xff,0xff,0xff,
  0xff,0xff,0xff,0x45,0xde,0xff,0xff,0xff,0xff,0xff,0xff,0xff,0xff,0xff,0xff,0xff,
  0xff,0x59,0xcf,0xff,0xff,0xb3,0x67,0x67,0x67,0x67,0x67,0x67,0x67,0x67,0x67,0x25,
  0xb6,0xff,0xff,0xaa,0x00,0x00,0x00,0x00,0x00,0x00,0x00,0x00,0x00,0x00,0x71,0xff,
  0xff,0xed,0x1a,0x00,0x00,0x00,0x00,0x18,0x88,0x54,0x18,0x00,0x18,0xf0,0xff,0xff,
  0xbc,0x18,0x00,0x00,0x13,0xb8,0xff,0xff,0xe8,0x04,0x00,0x69,0xff,0xff,0xff,0xf6,
  0xc6,0xc6,0xf3,0xff,0xff,0xff,0x72,0x00,0x00,0x00,0x76,0xfb,0xff,0xff,0xff,0xff,
  0xff,0xff,0xfe,0x8c,0x00,0x00,0x00,0x00,0x00,0x31,0x9b,0xd9,0xf3,0xfa,0xe2,0xaa,
  0x40,0x00,0x00,0x00,0x00,0x00,0x00,0x00,0x1f,0x95,0xd1,0xdd,0xca,0x7f,0x00,0x00,
  0x00,0x2c,0xea,0xff,0xff,0xff,0xff,0x9a,0x00,0x00,0x00,0xbc,0xff,0xff,0xff,0xff,
  0xff,0x5c,0x00,0x00,0x0b,0xfc,0xff,0xff,0xa9,0x17,0x1d,0x0c,0x00,0x00,0x2b,0xff,
  0xff,0xff,0x3d,0x00,0x00,0x00,0x00,0x00,0x30,0xff,0xff,0xff,0x30,0x00,0x00,0x00,
  0xc8,0xff,0xff,0xff,0xff,0xff,0xff,0xff,0xff,0x46,0xc8,0xff,0xff,0xff,0xff,0xff,
  0xff,0xff,0xff,0x46,0x95,0xbe,0xc7,0xff,0xff,0xff,0xc7,0xbe,0xbe,0x34,0x00,0x00,
  0x30,0xff,0xff,0xff,0x30,0x00,0x00,0x00,0x00,0x00,0x30,0xff,0xff,0xff,0x30,0x00,
  0x00,0x00,0x00,0x00,0x30,0xff,0xff,0xff,0x30,0x00,0x00,0x00,0x00,0x00,0x30,0xff,
  0xff,0xff,0x30,0x00,0x00,0x00,0x00,0x00,0x30,0xff,0xff,0xff,0x30,0x00,0x00,0x00,
  0x00,0x00,0x30,0xff,0xff,0xff,0x30,0x00,0x00,0x00,0x00,0x00,0x30,0xff,0xff,0xff,
  0x30,0x00,0x00,0x00,0x00,0x00,0x30,0xff,0xff,0xff,0x30,0x00,0x00,0x00,0x00,0x00,
  0x30,0xff,0xff,0xff,0x30,0x00,0x00,0x00,0x00,0x00,0x30,0xff,0xff,0xff,0x30,0x00,
  0x00,0x00,0x00,0x00,0x30,0xff,0xff,0xff,0x30,0x00,0x00,0x00,0x00,0x00,0x30,0xff,
  0xff,0xff,0x30,0x00,0x00,0x00,0x00,0x00,0x02,0x65,0xc9,0xf0,0xf5,0xca,0x54,0x00,
  0xc1,0xff,0xff,0x92,0x00,0x07,0xac,0xff,0xff,0xff,0xff,0xff,0xfd,0x62,0xc1,0xff,
  0xff,0x92,0x00,0x8b,0xff,0xff,0xff,0xff,0xe7,0xef,0xff,0xee,0xd9,0xff,0xff,0x92,
  0x21,0xf7,0xff,0xff,0xe3,0x3f,0x00,0x02,0x60,0xf7,0xff,0xff,0xff,0x92,0x76,0xff,
  0xff,0xff,0x4f,0x00,0x00,0x00,0x00,0x87,0xff,0xff,0xff,0x92,0xb6,0xff,0xff,0xda,
  0x00,0x00,0x00,0x00,0x00,0x1c,0xfb,0xff,0xff,0x92,0xcf,0xff,0xff,0xac,0x00,0x00,
  0x00,0x00,0x00,0x00,0xe2,0xff,0xff,0x92,0xdf,0xff,0xff,0x95,0x00,0x00,0x00,0x00,
  0x00,0x00,0xcc,0xff,0xff,0x92,0xd5,0xff,0xff,0xa4,0x00,0x00,0x00,0x00,0x00,0x00,
  0xdb,0xff,0xff,0x92,0xc0,0xff,0xff,0xc7,0x00,0x00,0x00,0x00,0x00,0x09,0xf5,0xff,
  0xff,0x92,0x8c,0xff,0xff,0xfd,0x30,0x00,0x00,0x00,0x00,0x6d,0xff,0xff,0xff,0x92,
  0x36,0xfe,0xff,0xff,0xca,0x1d,0x00,0x00,0x38,0xe9,0xff,0xff,0xff,0x92,0x00,0xa6,
  0xff,0xff,0xff,0xf6,0xca,0xd1,0xfd,0xef,0xe8,0xff,0xff,0x92,0x00,0x13,0xc2,0xff,
  0xff,0xff,0xff,0xff,0xfe,0x66,0xc8,0xff,0xff,0x92,0x00,0x00,0x07,0x75,0xcf,0xf2,
  0xf6,0xce,0x5c,0x00,0xc8,0xff,0xff,0x92,0x00,0x00,0x00,0x00,0x00,0x00,0x00,0x00,
  0x00,0x00,0xd1,0xff,0xff,0x85,0x00,0x00,0x22,0x49,0x00,0x00,0x00,0x00,0x00,0x0d,
  0xf4,0xff,0xff,0x67,0x28,0xbf,0xfc,0xf8,0x5e,0x00,0x00,0x00,0x0f,0xab,0xff,0xff,
  0xf8,0x1d,0x09,0xd7,0xff,0xff,0xff,0xd7,0xb5,0xbf,0xed,0xff,0xff,0xff,0x95,0x00,
  0x00,0x28,0xd7,0xff,0xff,0xff,0xff,0xff,0xff,0xff,0xfe,0xa3,0x04,0x00,0x00,0x00,
  0x09,0x64,0xbe,0xe0,0xf6,0xf4,0xdd,0xa4,0x46,0x00,0x00,0x00,0x4f,0xff,0xff,0xff,
  0x00,0x00,0x00,0x00,0x00,0x00,0x00,0x00,0x00,0x00,0x4f,0xff,0xff,0xff,0x00,0x00,
  0x00,0x00,0x00,0x00,0x00,0x00,0x00,0x00,0x4f,0xff,0xff,0xff,0x00,0x00,0x00,0x00,
  0x00,0x00,0x00,0x00,0x00,0x00,0x4f,0xff,0xff,0xff,0x00,0x00,0x00,0x00,0x00,0x00,
  0x00,0x00,0x00,0x00,0x4f,0xff,0xff,0xff,0x00,0x00,0x00,0x00,0x00,0x00,0x00,0x00,
  0x00,0x00,0x4f,0xff,0xff,0xff,0x00,0x2c,0xab,0xe8,0xf9,0xde,0x8e,0x0f,0x00,0x00,
  0x4f,0xff,0xff,0xff,0x33,0xeb,0xff,0xff,0xff,0xff,0xff,0xce,0x0d,0x00,0x4f,0xff,
  0xff,0xff,0xc7,0xff,0xfe,0xfc,0xff,0xff,0xff,0xff,0x8e,0x00,0x4f,0xff,0xff,0xff,
  0xf9,0x7c,0x14,0x0c,0x69,0xf6,0xff,0xff,0xe8,0x00,0x4f,0xff,0xff,0xff,0x8e,0x00,
  0x00,0x00,0x00,0x8d,0xff,0xff,0xff,0x20,0x4f,0xff,0xff,0xff,0x38,0x00,0x00,0x00,
  0x00,0x48,0xff,0xff,0xff,0x35,0x4f,0xff,0xff,0xff,0x14,0x00,0x00,0x00,0x00,0x30,
  0xff,0xff,0xff,0x39,0x4f,0xff,0xff,0xff,0x13,0x00,0x00,0x00,0x00,0x30,0xff,0xff,
  0xff,0x39,0x4f,0xff,0xff,0xff,0x13,0x00,0x00,0x00,0x00,0x30,0xff,0xff,0xff,0x39,
  0x4f,0xff,0xff,0xff,0x13,0x00,0x00,0x00,0x00,0x30,0xff,0xff,0xff,0x39,0x4f,0xff,
  0xff,0xff,0x13,0x00,0x00,0x00,0x00,0x30,0xff,0xff,0xff,0x39,0x4f,0xff,0xff,0xff,
  0x13,0x00,0x00,0x00,0x00,0x30,0xff,0xff,0xff,0x39,0x4f,0xff,0xff,0xff,0x13,0x00,
  0x00,0x00,0x00,0x30,0xff,0xff,0xff,0x39,0x4f,0xff,0xff,0xff,0x13,0x00,0x00,0x00,
  0x00,0x30,0xff,0xff,0xff,0x39,0x4f,0xff,0xff,0xff,0x13,0x00,0x00,0x00,0x00,0x30,
  0xff,0xff,0xff,0x39,0x04,0x8b,0xc0,0x6e,0x00,0x6b,0xff,0xff,0xfe,0x3a,0x7d,0xff,
  0xff,0xff,0x4d,0x14,0xc2,0xf5,0xa6,0x02,0x00,0x00,0x00,0x00,0x00,0x00,0x00,0x00,
  0x00,0x00,0x4f,0xff,0xff,0xff,0x13,0x4f,0xff,0xff,0xff,0x13,0x4f,0xff,0xff,0xff,
  0x13,0x4f,0xff,0xff,0xff,0x13,0x4f,0xff,0xff,0xff,0x13,0x4f,0xff,0xff,0xff,0x13,
  0x4f,0xff,0xff,0xff,0x13,0x4f,0xff,0xff,0xff,0x13,0x4f,0xff,0xff,0xff,0x13,0x4f,
  0xff,0xff,0xff,0x13,0x4f,0xff,0xff,0xff,0x13,0x4f,0xff,0xff,0xff,0x13,0x4f,0xff,
  0xff,0xff,0x13,0x4f,0xff,0xff,0xff,0x13,0x4f,0xff,0xff,0xff,0x13,0x00,0x00,0x16,
  0xc4,0xf5,0xa3,0x00,0x00,0x00,0x82,0xff,0xff,0xff,0x48,0x00,0x00,0x6e,0xff,0xff,
  0xfe,0x36,0x00,0x00,0x04,0x8d,0xc0,0x6b,0x00,0x00,0x00,0x00,0x00,0x00,0x00,0x00,
  0x00,0x00,0x53,0xff,0xff,0xff,0x13,0x00,0x00,0x53,0xff,0xff,0xff,0x13,0x00,0x00,
  0x53,0xff,0xff,0xff,0x13,0x00,0x00,0x53,0xff,0xff,0xff,0x13,0x00,0x00,0x53,0xff,
  0xff,0xff,0x13,0x00,0x00,0x53,0xff,0xff,0xff,0x13,0x00,0x00,0x53,0xff,0xff,0xff,
  0x13,0x00,0x00,0x53,0xff,0xff,0xff,0x13,0x00,0x00,0x53,0xff,0xff,0xff,0x13,0x00,
  0x00,0x53,0xff,0xff,0xff,0x13,0x00,0x00,0x53,0xff,0xff,0xff,0x13,0x00,0x00,0x53,
  0xff,0xff,0xff,0x13,0x00,0x00,0x53,0xff,0xff,0xff,0x13,0x00,0x00,0x53,0xff,0xff,
  0xff,0x13,0x00,0x00,0x53,0xff,0xff,0xff,0x13,0x00,0x00,0x53,0xff,0xff,0xff,0x13,
  0x00,0x00,0x5c,0xff,0xff,0xff,0x0b,0x00,0x02,0xa9,0xff,0xff,0xec,0x00,0x7d,0xea,
  0xff,0xff,0xff,0xac,0x00,0x95,0xff,0xff,0xff,0xea,0x28,0x00,0x95,0xfa,0xe2,0xa0,
  0x22,0x00,0x00,0x4f,0xff,0xff,0xff,0x13,0x00,0x00,0x00,0x00,0x00,0x00,0x00,0x00,
  0x00,0x4f,0xff,0xff,0xff,0x13,0x00,0x00,0x00,0x00,0x00,0x00,0x00,0x00,0x00,0x4f,
  0xff,0xff,0xff,0x13,0x00,0x00,0x00,0x00,0x00,0x00,0x00,0x00,0x00,0x4f,0xff,0xff,
  0xff,0x13,0x00,0x00,0x00,0x00,0x00,0x00,0x00,0x00,0x00,0x4f,0xff,0xff,0xff,0x13,
  0x00,0x00,0x00,0x00,0x00,0x00,0x00,0x00,0x00,0x4f,0xff,0xff,0xff,0x13,0x00,0x00,
  0x00,0x28,0xea,0xff,0xff,0xd6,0x12,0x4f,0xff,0xff,0xff,0x13,0x00,0x00,0x13,0xd6,
  0xff,0xff,0xe9,0x27,0x00,0x4f,0xff,0xff,0xff,0x13,0x00,0x04,0xbc,0xff,0xff,0xf6,
  0x41,0x00,0x00,0x4f,0xff,0xff,0xff,0x13,0x00,0x9a,0xff,0xff,0xfe,0x60,0x00,0x00,
  0x00,0x4f,0xff,0xff,0xff,0x13,0x74,0xff,0xff,0xff,0x84,0x00,0x00,0x00,0x00,0x4f,
  0xff,0xff,0xff,0x5d,0xfc,0xff,0xff,0xa9,0x00,0x00,0x00,0x00,0x00,0x4f,0xff,0xff,
  0xff,0xfc,0xff,0xff,0xf1,0x0d,0x00,0x00,0x00,0x00,0x00,0x4f,0xff,0xff,0xff,0xff,
  0xff,0xff,0xff,0x87,0x00,0x00,0x00,0x00,0x00,0x4f,0xff,0xff,0xff,0xfe,0xe3,0xff,
  0xff,0xfa,0x3d,0x00,0x00,0x00,0x00,0x4f,0xff,0xff,0xff,0x81,0x31,0xf6,0xff,0xff,
  0xd7,0x0b,0x00,0x00,0x00,0x4f,0xff,0xff,0xff,0x13,0x00,0x7b,0xff,0xff,0xff,0x95,
  0x00,0x00,0x00,0x4f,0xff,0xff,0xff,0x13,0x00,0x02,0xc5,0xff,0xff,0xfc,0x47,0x00,
  0x00,0x4f,0xff,0xff,0xff,0x13,0x00,0x00,0x28,0xf2,0xff,0xff,0xdf,0x10,0x00,0x4f,
  0xff,0xff,0xff,0x13,0x00,0x00,0x00,0x6e,0xff,0xff,0xff,0xa1,0x00,0x4f,0xff,0xff,
  0xff,0x13,0x00,0x00,0x00,0x00,0xb9,0xff,0xff,0xfe,0x54,0x4f,0xff,0xff,0xff,0x13,
  0x4f,0xff,0xff,0xff,0x13,0x4f,0xff,0xff,0xff,0x13,0x4f,0xff,0xff,0xff,0x13,0x4f,
  0xff,0xff,0xff,0x13,0x4f,0xff,0xff,0xff,0x13,0x4f,0xff,0xff,0xff,0x13,0x4f,0xff,
  0xff,0xff,0x13,0x4f,0xff,0xff,0xff,0x13,0x4f,0xff,0xff,0xff,0x13,0x4f,0xff,0xff,
  0xff,0x13,0x4f,0xff,0xff,0xff,0x13,0x4f,0xff,0xff,0xff,0x13,0x4f,0xff,0xff,0xff,
  0x13,0x4f,0xff,0xff,0xff,0x13,0x4f,0xff,0xff,0xff,0x13,0x4f,0xff,0xff,0xff,0x13,
  0x4f,0xff,0xff,0xff,0x13,0x4f,0xff,0xff,0xff,0x13,0x4f,0xff,0xff,0xff,0x13,0x4f,
  0xff,0xff,0xe1,0x00,0x43,0xbe,0xf1,0xee,0xb0,0x25,0x00,0x00,0x4f,0xbd,0xec,0xf8,
  0xd1,0x67,0x00,0x00,0x4f,0xff,0xff,0xea,0x51,0xf8,0xff,0xff,0xff,0xff,0xda,0x0f,
  0x7a,0xfe,0xff,0xff,0xff,0xff,0xff,0x8e,0x00,0x4f,0xff,0xff,0xf4,0xde,0xf5,0xca,
  0xe3,0xff,0xff,0xff,0x96,0xfa,0xf9,0xcf,0xd6,0xff,0xff,0xff,0xfe,0x35,0x4f,0xff,
  0xff,0xff,0xd9,0x25,0x00,0x04,0x9e,0xff,0xff,0xff,0xf0,0x38,0x00,0x00,0x64,0xff,
  0xff,0xff,0x88,0x4f,0xff,0xff,0xff,0x57,0x00,0x00,0x00,0x10,0xfd,0xff,0xff,0x8f,
  0x00,0x00,0x00,0x00,0xd0,0xff,0xff,0xaa,0x4f,0xff,0xff,0xff,0x21,0x00,0x00,0x00,
  0x00,0xec,0xff,0xff,0x64,0x00,0x00,0x00,0x00,0xb2,0xff,0xff,0xb2,0x4f,0xff,0xff,
  0xff,0x13,0x00,0x00,0x00,0x00,0xeb,0xff,0xff,0x5f,0x00,0x00,0x00,0x00,0xaf,0xff,
  0xff,0xb3,0x4f,0xff,0xff,0xff,0x13,0x00,0x00,0x00,0x00,0xeb,0xff,0xff,0x5f,0x00,
  0x00,0x00,0x00,0xaf,0xff,0xff,0xb3,0x4f,0xff,0xff,0xff,0x13,0x00,0x00,0x00,0x00,
  0xeb,0xff,0xff,0x5f,0x00,0x00,0x00,0x00,0xaf,0xff,0xff,0xb3,0x4f,0xff,0xff,0xff,
  0x13,0x00,0x00,0x00,0x00,0xeb,0xff,0xff,0x5f,0x00,0x00,0x00,0x00,0xaf,0xff,0xff,
  0xb3,0x4f,0xff,0xff,0xff,0x13,0x00,0x00,0x00,0x00,0xeb,0xff,0xff,0x5f,0x00,0x00,
  0x00,0x00,0xaf,0xff,0xff,0xb3,0x4f,0xff,0xff,0xff,0x13,0x00,0x00,0x00,0x00,0xeb,
  0xff,0xff,0x5f,0x00,0x00,0x00,0x00,0xaf,0xff,0xff,0xb3,0x4f,0xff,0xff,0xff,0x13,
  0x00,0x00,0x00,0x00,0xeb,0xff,0xff,0x5f,0x00,0x00,0x00,0x00,0xaf,0xff,0xff,0xb3,
  0x4f,0xff,0xff,0xff,0x13,0x00,0x00,0x00,0x00,0xeb,0xff,0xff,0x5f,0x00,0x00,0x00,
  0x00,0xaf,0xff,0xff,0xb3,0x4f,0xff,0xff,0xff,0x13,0x00,0x00,0x00,0x00,0xeb,0xff,
  0xff,0x5f,0x00,0x00,0x00,0x00,0xaf,0xff,0xff,0xb3,0x4f,0xff,0xff,0xe4,0x00,0x34,
  0xaf,0xe8,0xf9,0xde,0x8e,0x0f,0x00,0x00,0x4f,0xff,0xff,0xe7,0x40,0xf1,0xff,0xff,
  0xff,0xff,0xff,0xce,0x0c,0x00,0x4f,0xff,0xff,0xec,0xd6,0xfe,0xe2,0xda,0xfc,0xff,
  0xff,0xff,0x8c,0x00,0x4f,0xff,0xff,0xff,0xf0,0x4f,0x00,0x00,0x3e,0xec,0xff,0xff,
  0xe5,0x00,0x4f,0xff,0xff,0xff,0x79,0x00,0x00,0x00,0x00,0x7c,0xff,0xff,0xff,0x1b,
  0x4f,0xff,0xff,0xff,0x31,0x00,0x00,0x00,0x00,0x42,0xff,0xff,0xff,0x30,0x4f,0xff,
  0xff,0xff,0x13,0x00,0x00,0x00,0x00,0x30,0xff,0xff,0xff,0x35,0x4f,0xff,0xff,0xff,
  0x13,0x00,0x00,0x00,0x00,0x30,0xff,0xff,0xff,0x35,0x4f,0xff,0xff,0xff,0x13,0x00,
  0x00,0x00,0x00,0x30,0xff,0xff,0xff,0x35,0x4f,0xff,0xff,0xff,0x13,0x00,0x00,0x00,
  0x00,0x30,0xff,0xff,0xff,0x35,0x4f,0xff,0xff,0xff,0x13,0x00,0x00,0x00,0x00,0x30,
  0xff,0xff,0xff,0x35,0x4f,0xff,0xff,0xff,0x13,0x00,0x00,0x00,0x00,0x30,0xff,0xff,
  0xff,0x35,0x4f,0xff,0xff,0xff,0x13,0x00,0x00,0x00,0x00,0x30,0xff,0xff,0xff,0x35,
  0x4f,0xff,0xff,0xff,0x13,0x00,0x00,0x00,0x00,0x30,0xff,0xff,0xff,0x35,0x4f,0xff,
  0xff,0xff,0x13,0x00,0x00,0x00,0x00,0x30,0xff,0xff,0xff,0x35,0x00,0x00,0x00,0x31,
  0x9d,0xd9,0xf4,0xf0,0xd4,0x8a,0x20,0x00,0x00,0x00,0x00,0x00,0x70,0xfa,0xff,0xff,
  0xff,0xff,0xff,0xff,0xef,0x4e,0x00,0x00,0x00,0x62,0xff,0xff,0xff,0xfd,0xe1,0xe6,
  0xff,0xff,0xff,0xf9,0x38,0x00,0x14,0xec,0xff,0xff,0xdf,0x36,0x00,0x00,0x4f,0xf0,
  0xff,0xff,0xcf,0x00,0x6b,0xff,0xff,0xfe,0x3e,0x00,0x00,0x00,0x00,0x66,0xff,0xff,
  0xff,0x3a,0xb3,0xff,0xff,0xcf,0x00,0x00,0x00,0x00,0x00,0x04,0xf0,0xff,0xff,0x88,
  0xcf,0xff,0xff,0xa1,0x00,0x00,0x00,0x00,0x00,0x00,0xc5,0xff,0xff,0xa5,0xdf,0xff,
  0xff,0x92,0x00,0x00,0x00,0x00,0x00,0x00,0xb7,0xff,0xff,0xb7,0xcf,0xff,0xff,0xa0,
  0x00,0x00,0x00,0x00,0x00,0x00,0xc5,0xff,0xff,0xa6,0xb5,0xff,0xff,0xce,0x00,0x00,
  0x00,0x00,0x00,0x02,0xef,0xff,0xff,0x8a,0x6e,0xff,0xff,0xfe,0x3a,0x00,0x00,0x00,
  0x00,0x63,0xff,0xff,0xff,0x3e,0x16,0xef,0xff,0xff,0xdd,0x33,0x00,0x00,0x4c,0xef,
  0xff,0xff,0xd2,0x00,0x00,0x64,0xff,0xff,0xff,0xfc,0xdd,0xe3,0xff,0xff,0xff,0xfa,
  0x3a,0x00,0x00,0x00,0x72,0xfb,0xff,0xff,0xff,0xff,0xff,0xff,0xf0,0x50,0x00,0x00,
  0x00,0x00,0x00,0x31,0x9d,0xda,0xf5,0xf0,0xd5,0x8b,0x20,0x00,0x00,0x00,0x4f,0xff,
  0xff,0xfc,0x00,0x37,0xb8,0xf0,0xf6,0xd8,0x85,0x14,0x00,0x00,0x00,0x4f,0xff,0xff,
  0xfc,0x3b,0xf4,0xff,0xff,0xff,0xff,0xff,0xd9,0x26,0x00,0x00,0x4f,0xff,0xff,0xfe,
  0xdd,0xff,0xd1,0xb9,0xe4,0xff,0xff,0xff,0xcb,0x02,0x00,0x4f,0xff,0xff,0xff,0xfb,
  0x5a,0x00,0x00,0x04,0x9e,0xff,0xff,0xff,0x65,0x00,0x4f,0xff,0xff,0xff,0xa7,0x00,
  0x00,0x00,0x00,0x07,0xea,0xff,0xff,0xb7,0x00,0x4f,0xff,0xff,0xff,0x48,0x00,0x00,
  0x00,0x00,0x00,0x96,0xff,0xff,0xf0,0x00,0x4f,0xff,0xff,0xff,0x1f,0x00,0x00,0x00,
  0x00,0x00,0x71,0xff,0xff,0xff,0x0b,0x4f,0xff,0xff,0xff,0x06,0x00,0x00,0x00,0x00,
  0x00,0x5e,0xff,0xff,0xff,0x20,0x4f,0xff,0xff,0xff,0x26,0x00,0x00,0x00,0x00,0x00,
  0x78,0xff,0xff,0xff,0x0b,0x4f,0xff,0xff,0xff,0x5b,0x00,0x00,0x00,0x00,0x00,0xa6,
  0xff,0xff,0xf0,0x00,0x4f,0xff,0xff,0xff,0xc0,0x00,0x00,0x00,0x00,0x18,0xf6,0xff,
  0xff,0xb6,0x00,0x4f,0xff,0xff,0xff,0xff,0x8b,0x09,0x00,0x1f,0xc2,0xff,0xff,0xff,
  0x65,0x00,0x4f,0xff,0xff,0xff,0xd2,0xff,0xf3,0xe0,0xfb,0xff,0xff,0xff,0xcd,0x02,
  0x00,0x4f,0xff,0xff,0xff,0x3b,0xef,0xff,0xff,0xff,0xff,0xff,0xda,0x27,0x00,0x00,
  0x4f,0xff,0xff,0xff,0x13,0x30,0xb6,0xf0,0xf6,0xd9,0x88,0x14,0x00,0x00,0x00,0x4f,
  0xff,0xff,0xff,0x13,0x00,0x00,0x00,0x00,0x00,0x00,0x00,0x00,0x00,0x00,0x4f,0xff,
  0xff,0xff,0x13,0x00,0x00,0x00,0x00,0x00,0x00,0x00,0x00,0x00,0x00,0x4f,0xff,0xff,
  0xff,0x13,0x00,0x00,0x00,0x00,0x00,0x00,0x00,0x00,0x00,0x00,0x4f,0xff,0xff,0xff,
  0x13,0x00,0x00,0x00,0x00,0x00,0x00,0x00,0x00,0x00,0x00,0x4f,0xff,0xff,0xff,0x13,
  0x00,0x00,0x00,0x00,0x00,0x00,0x00,0x00,0x00,0x00,0x4f,0xff,0xff,0xff,0x13,0x00,
  0x00,0x00,0x00,0x00,0x00,0x00,0x00,0x00,0x00,0x00,0x00,0x04,0x6d,0xcd,0xf1,0xf4,
  0xc7,0x4e,0x00,0xc8,0xff,0xff,0x8a,0x00,0x0d,0xb8,0xff,0xff,0xff,0xff,0xff,0xfc,
  0x59,0xc8,0xff,0xff,0x8a,0x00,0x9b,0xff,0xff,0xff,0xff,0xe7,0xef,0xff,0xe9,0xdd,
  0xff,0xff,0x8a,0x2e,0xfc,0xff,0xff,0xdd,0x38,0x00,0x00,0x5c,0xf6,0xff,0xff,0xff,
  0x8a,0x83,0xff,0xff,0xff,0x41,0x00,0x00,0x00,0x00,0x83,0xff,0xff,0xff,0x8a,0xbc,
  0xff,0xff,0xd1,0x00,0x00,0x00,0x00,0x00,0x17,0xfa,0xff,0xff,0x8a,0xd2,0xff,0xff,
  0xa8,0x00,0x00,0x00,0x00,0x00,0x00,0xe2,0xff,0xff,0x8a,0xdf,0xff,0xff,0x95,0x00,
  0x00,0x00,0x00,0x00,0x00,0xcf,0xff,0xff,0x8a,0xd1,0xff,0xff,0xaa,0x00,0x00,0x00,
  0x00,0x00,0x00,0xe3,0xff,0xff,0x8a,0xbb,0xff,0xff,0xd4,0x00,0x00,0x00,0x00,0x00,
  0x18,0xfb,0xff,0xff,0x8a,0x80,0xff,0xff,0xff,0x45,0x00,0x00,0x00,0x00,0x84,0xff,
  0xff,0xff,0x8a,0x2c,0xfc,0xff,0xff,0xdd,0x37,0x00,0x00,0x5b,0xf6,0xff,0xff,0xff,
  0x8a,0x00,0x98,0xff,0xff,0xff,0xff,0xe4,0xea,0xff,0xea,0xe7,0xff,0xff,0x8a,0x00,
  0x0c,0xb7,0xff,0xff,0xff,0xff,0xff,0xfc,0x5a,0xd6,0xff,0xff,0x8a,0x00,0x00,0x04,
  0x6c,0xcd,0xf1,0xf6,0xc9,0x4f,0x00,0xd6,0xff,0xff,0x8a,0x00,0x00,0x00,0x00,0x00,
  0x00,0x00,0x00,0x00,0x00,0xd6,0xff,0xff,0x8a,0x00,0x00,0x00,0x00,0x00,0x00,0x00,
  0x00,0x00,0x00,0xd6,0xff,0xff,0x8a,0x00,0x00,0x00,0x00,0x00,0x00,0x00,0x00,0x00,
  0x00,0xd6,0xff,0xff,0x8a,0x00,0x00,0x00,0x00,0x00,0x00,0x00,0x00,0x00,0x00,0xd6,
  0xff,0xff,0x8a,0x00,0x00,0x00,0x00,0x00,0x00,0x00,0x00,0x00,0x00,0xd6,0xff,0xff,
  0x8a,0x00,0x00,0x00,0x00,0x00,0x00,0x00,0x00,0x00,0x00,0xd6,0xff,0xff,0x8a,0x00,
  0x00,0x00,0x00,0x00,0x00,0x00,0x02,0x17,0x4f,0xff,0xff,0xf6,0x00,0x66,0xd6,0xfa,
  0xd6,0x4f,0xff,0xff,0xf6,0x6b,0xff,0xff,0xff,0xd6,0x4f,0xff,0xff,0xfb,0xe7,0xff,
  0xfd,0xed,0xd3,0x4f,0xff,0xff,0xff,0xfa,0x7f,0x0f,0x00,0x06,0x4f,0xff,0xff,0xff,
  0x8d,0x00,0x00,0x00,0x00,0x4f,0xff,0xff,0xff,0x35,0x00,0x00,0x00,0x00,0x4f,0xff,
  0xff,0xff,0x13,0x00,0x00,0x00,0x00,0x4f,0xff,0xff,0xff,0x13,0x00,0x00,0x00,0x00,
  0x4f,0xff,0xff,0xff,0x13,0x00,0x00,0x00,0x00,0x4f,0xff,0xff,0xff,0x13,0x00,0x00,
  0x00,0x00,0x4f,0xff,0xff,0xff,0x13,0x00,0x00,0x00,0x00,0x4f,0xff,0xff,0xff,0x13,
  0x00,0x00,0x00,0x00,0x4f,0xff,0xff,0xff,0x13,0x00,0x00,0x00,0x00,0x4f,0xff,0xff,
  0xff,0x13,0x00,0x00,0x00,0x00,0x4f,0xff,0xff,0xff,0x13,0x00,0x00,0x00,0x00,0x00,
  0x00,0x21,0x93,0xd6,0xf1,0xfb,0xea,0xb9,0x54,0x00,0x00,0x00,0x00,0x4f,0xf4,0xff,
  0xff,0xff,0xff,0xff,0xff,0xff,0x8a,0x00,0x00,0x16,0xf0,0xff,0xff,0xfa,0xbb,0xaa,
  0xda,0xff,0xff,0xff,0x5d,0x00,0x69,0xff,0xff,0xfa,0x38,0x00,0x00,0x02,0xa6,0xff,
  0xff,0xae,0x00,0x80,0xff,0xff,0xe5,0x00,0x00,0x00,0x00,0x17,0x52,0x18,0x00,0x00,
  0x59,0xff,0xff,0xff,0xa3,0x33,0x00,0x00,0x00,0x00,0x00,0x00,0x00,0x06,0xd3,0xff,
  0xff,0xff,0xff,0xea,0xba,0x80,0x29,0x00,0x00,0x00,0x00,0x1f,0xb7,0xff,0xff,0xff,
  0xff,0xff,0xff,0xff,0xa7,0x13,0x00,0x00,0x00,0x00,0x2b,0x7f,0xb7,0xe8,0xff,0xff,
  0xff,0xff,0xad,0x00,0x00,0x00,0x00,0x00,0x00,0x00,0x00,0x3a,0xcb,0xff,0xff,0xff,
  0x17,0x3f,0x76,0xa4,0x51,0x00,0x00,0x00,0x00,0x46,0xff,0xff,0xff,0x39,0xbd,0xff,
  0xff,0xda,0x20,0x00,0x00,0x00,0x98,0xff,0xff,0xfb,0x13,0x50,0xfe,0xff,0xff,0xf6,
  0xbe,0xb4,0xde,0xff,0xff,0xff,0xa1,0x00,0x00,0x7f,0xfd,0xff,0xff,0xff,0xff,0xff,
  0xff,0xff,0xb7,0x0c,0x00,0x00,0x00,0x3a,0xa5,0xde,0xf8,0xf8,0xe4,0xb2,0x58,0x00,
  0x00,0x00,0x00,0x00,0x6d,0x8e,0x8e,0x59,0x00,0x00,0x00,0x00,0x00,0xc5,0xff,0xff,
  0xa1,0x00,0x00,0x00,0x00,0x00,0xc5,0xff,0xff,0xa1,0x00,0x00,0x00,0x00,0x00,0xc5,
  0xff,0xff,0xa1,0x00,0x00,0x00,0xc8,0xff,0xff,0xff,0xff,0xff,0xff,0xff,0x5f,0xc8,
  0xff,0xff,0xff,0xff,0xff,0xff,0xff,0x5f,0x95,0xbe,0xee,0xff,0xff,0xe4,0xbe,0xbe,
  0x46,0x00,0x00,0xc5,0xff,0xff,0xa1,0x00,0x00,0x00,0x00,0x00,0xc5,0xff,0xff,0xa1,
  0x00,0x00,0x00,0x00,0x00,0xc5,0xff,0xff,0xa1,0x00,0x00,0x00,0x00,0x00,0xc5,0xff,
  0xff,0xa1,0x00,0x00,0x00,0x00,0x00,0xc5,0xff,0xff,0xa1,0x00,0x00,0x00,0x00,0x00,
  0xc5,0xff,0xff,0xa1,0x00,0x00,0x00,0x00,0x00,0xc5,0xff,0xff,0xa1,0x00,0x00,0x00,
  0x00,0x00,0xc4,0xff,0xff,0xa2,0x00,0x00,0x00,0x00,0x00,0xba,0xff,0xff,0xcc,0x04,
  0x00,0x00,0x00,0x00,0x8a,0xff,0xff,0xff,0xe9,0xe4,0x55,0x00,0x00,0x1d,0xe9,0xff,
  0xff,0xff,0xff,0x87,0x00,0x00,0x00,0x29,0xae,0xeb,0xfc,0xed,0x8b,0x4f,0xff,0xff,
  0xff,0x13,0x00,0x00,0x00,0x00,0x30,0xff,0xff,0xff,0x39,0x4f,0xff,0xff,0xff,0x13,
  0x00,0x00,0x00,0x00,0x30,0xff,0xff,0xff,0x39,0x4f,0xff,0xff,0xff,0x13,0x00,0x00,
  0x00,0x00,0x30,0xff,0xff,0xff,0x39,0x4f,0xff,0xff,0xff,0x13,0x00,0x00,0x00,0x00,
  0x30,0xff,0xff,0xff,0x39,0x4f,0xff,0xff,0xff,0x13,0x00,0x00,0x00,0x00,0x30,0xff,
  0xff,0xff,0x39,0x4f,0xff,0xff,0xff,0x13,0x00,0x00,0x00,0x00,0x30,0xff,0xff,0xff,
  0x39,0x4f,0xff,0xff,0xff,0x13,0x00,0x00,0x00,0x00,0x30,0xff,0xff,0xff,0x39,0x4f,
  0xff,0xff,0xff,0x13,0x00,0x00,0x00,0x00,0x30,0xff,0xff,0xff,0x39,0x4f,0xff,0xff,
  0xff,0x13,0x00,0x00,0x00,0x00,0x33,0xff,0xff,0xff,0x39,0x4c,0xff,0xff,0xff,0x2d,
  0x00,0x00,0x00,0x00,0x53,0xff,0xff,0xff,0x39,0x39,0xff,0xff,0xff,0x73,0x00,0x00,
  0x00,0x00,0xa3,0xff,0xff,0xff,0x39,0x09,0xf6,0xff,0xff,0xed,0x57,0x06,0x14,0x84,
  0xfc,0xff,0xff,0xff,0x39,0x00,0xa4,0xff,0xff,0xff,0xff,0xf9,0xfe,0xff,0xb1,0xff,
  0xff,0xff,0x39,0x00,0x1a,0xdd,0xff,0xff,0xff,0xff,0xff,0xe2,0x25,0xfc,0xff,0xff,
  0x39,0x00,0x00,0x1a,0x99,0xe4,0xfa,0xe5,0xa2,0x23,0x00,0xfa,0xff,0xff,0x39,0x62,
  0xff,0xff,0xff,0x3d,0x00,0x00,0x00,0x00,0x00,0x00,0xe4,0xff,0xff,0xa6,0x0d,0xf2,
  0xff,0xff,0x8e,0x00,0x00,0x00,0x00,0x00,0x3f,0xff,0xff,0xff,0x4e,0x00,0xab,0xff,
  0xff,0xd7,0x00,0x00,0x00,0x00,0x00,0x90,0xff,0xff,0xe7,0x02,0x00,0x54,0xff,0xff,
  0xff,0x2e,0x00,0x00,0x00,0x00,0xd9,0xff,0xff,0x97,0x00,0x00,0x06,0xea,0xff,0xff,
  0x82,0x00,0x00,0x00,0x2f,0xff,0xff,0xff,0x3d,0x00,0x00,0x00,0x9e,0xff,0xff,0xcb,
  0x00,0x00,0x00,0x83,0xff,0xff,0xda,0x00,0x00,0x00,0x00,0x45,0xff,0xff,0xfd,0x21,
  0x00,0x00,0xcd,0xff,0xff,0x88,0x00,0x00,0x00,0x00,0x00,0xe0,0xff,0xff,0x74,0x00,
  0x22,0xfd,0xff,0xfe,0x2c,0x00,0x00,0x00,0x00,0x00,0x90,0xff,0xff,0xbd,0x00,0x73,
  0xff,0xff,0xcc,0x00,0x00,0x00,0x00,0x00,0x00,0x35,0xff,0xff,0xf6,0x0b,0xb9,0xff,
  0xff,0x79,0x00,0x00,0x00,0x00,0x00,0x00,0x00,0xd5,0xff,0xff,0x51,0xf2,0xff,0xfc,
  0x1d,0x00,0x00,0x00,0x00,0x00,0x00,0x00,0x83,0xff,0xff,0xb7,0xff,0xff,0xbe,0x00,
  0x00,0x00,0x00,0x00,0x00,0x00,0x00,0x26,0xfd,0xff,0xfd,0xff,0xff,0x69,0x00,0x00,
  0x00,0x00,0x00,0x00,0x00,0x00,0x00,0xc8,0xff,0xff,0xff,0xf6,0x12,0x00,0x00,0x00,
  0x00,0x00,0x00,0x00,0x00,0x00,0x74,0xff,0xff,0xff,0xb0,0x00,0x00,0x00,0x00,0x00,
  0x5c,0xff,0xff,0xff,0x33,0x00,0x00,0x00,0x00,0xcc,0xff,0xff,0xaa,0x00,0x00,0x00,
  0x00,0x6a,0xff,0xff,0xff,0x2b,0x12,0xfa,0xff,0xff,0x72,0x00,0x00,0x00,0x0d,0xfa,
  0xff,0xff,0xe0,0x00,0x00,0x00,0x00,0xa4,0xff,0xff,0xdd,0x00,0x00,0xc6,0xff,0xff,
  0xac,0x00,0x00,0x00,0x50,0xff,0xff,0xff,0xff,0x23,0x00,0x00,0x00,0xdb,0xff,0xff,
  0x9c,0x00,0x00,0x84,0xff,0xff,0xe3,0x00,0x00,0x00,0x8d,0xff,0xff,0xff,0xff,0x65,
  0x00,0x00,0x1d,0xfe,0xff,0xff,0x55,0x00,0x00,0x3a,0xff,0xff,0xff,0x26,0x00,0x00,
  0xc7,0xff,0xd7,0xf8,0xff,0xa0,0x00,0x00,0x5f,0xff,0xff,0xf7,0x0d,0x00,0x00,0x00,
  0xe8,0xff,0xff,0x67,0x00,0x0b,0xf7,0xff,0xa0,0xce,0xff,0xd6,0x00,0x00,0x9a,0xff,
  0xff,0xbf,0x00,0x00,0x00,0x00,0xa9,0xff,0xff,0x9e,0x00,0x48,0xff,0xff,0x68,0x9b,
  0xff,0xfd,0x16,0x00,0xcf,0xff,0xff,0x7d,0x00,0x00,0x00,0x00,0x64,0xff,0xff,0xd0,
  0x00,0x84,0xff,0xff,0x27,0x60,0xff,0xff,0x54,0x0b,0xf9,0xff,0xff,0x31,0x00,0x00,
  0x00,0x00,0x18,0xfc,0xff,0xfa,0x0b,0xbb,0xff,0xe4,0x00,0x1d,0xfe,0xff,0x8c,0x44,
  0xff,0xff,0xe2,0x00,0x00,0x00,0x00,0x00,0x00,0xcd,0xff,0xff,0x42,0xea,0xff,0xa8,
  0x00,0x00,0xd7,0xff,0xbe,0x79,0xff,0xff,0xa2,0x00,0x00,0x00,0x00,0x00,0x00,0x8b,
  0xff,0xff,0x90,0xff,0xff,0x66,0x00,0x00,0x98,0xff,0xeb,0xa8,0xff,0xff,0x5c,0x00,
  0x00,0x00,0x00,0x00,0x00,0x43,0xff,0xff,0xea,0xff,0xfe,0x1c,0x00,0x00,0x54,0xff,
  0xff,0xea,0xff,0xfa,0x12,0x00,0x00,0x00,0x00,0x00,0x00,0x02,0xed,0xff,0xff,0xff,
  0xd3,0x00,0x00,0x00,0x0d,0xf7,0xff,0xff,0xff,0xc5,0x00,0x00,0x00,0x00,0x00,0x00,
  0x00,0x00,0xb0,0xff,0xff,0xff,0x95,0x00,0x00,0x00,0x00,0xc2,0xff,0xff,0xff,0x83,
  0x00,0x00,0x00,0x00,0x00,0x00,0x00,0x00,0x6b,0xff,0xff,0xff,0x51,0x00,0x00,0x00,
  0x00,0x82,0xff,0xff,0xff,0x39,0x00,0x00,0x00,0x00,0x02,0xcd,0xff,0xff,0xd7,0x06,
  0x00,0x00,0x00,0x0d,0xe4,0xff,0xff,0xac,0x00,0x00,0x3e,0xfc,0xff,0xff,0x76,0x00,
  0x00,0x00,0x8c,0xff,0xff,0xf1,0x20,0x00,0x00,0x00,0x9f,0xff,0xff,0xec,0x13,0x00,
  0x28,0xf7,0xff,0xff,0x79,0x00,0x00,0x00,0x00,0x17,0xeb,0xff,0xff,0x87,0x00,0xa9,
  0xff,0xff,0xd3,0x04,0x00,0x00,0x00,0x00,0x00,0x6c,0xff,0xff,0xef,0x38,0xfc,0xff,
  0xfd,0x43,0x00,0x00,0x00,0x00,0x00,0x00,0x00,0xc9,0xff,0xff,0xe9,0xff,0xff,0xa3,
  0x00,0x00,0x00,0x00,0x00,0x00,0x00,0x00,0x39,0xfc,0xff,0xff,0xff,0xed,0x1a,0x00,
  0x00,0x00,0x00,0x00,0x00,0x00,0x00,0x04,0xdd,0xff,0xff,0xff,0xa9,0x00,0x00,0x00,
  0x00,0x00,0x00,0x00,0x00,0x00,0x77,0xff,0xff,0xff,0xff,0xfb,0x37,0x00,0x00,0x00,
  0x00,0x00,0x00,0x00,0x1f,0xf0,0xff,0xff,0xb2,0xff,0xff,0xc9,0x02,0x00,0x00,0x00,
  0x00,0x00,0x00,0xab,0xff,0xff,0xc0,0x16,0xf0,0xff,0xff,0x70,0x00,0x00,0x00,0x00,
  0x00,0x49,0xfe,0xff,0xff,0x43,0x00,0x84,0xff,0xff,0xee,0x1c,0x00,0x00,0x00,0x07,
  0xd8,0xff,0xff,0xb2,0x00,0x00,0x0d,0xe4,0xff,0xff,0xa9,0x00,0x00,0x00,0x82,0xff,
  0xff,0xf6,0x28,0x00,0x00,0x00,0x62,0xff,0xff,0xfe,0x4b,0x00,0x26,0xf5,0xff,0xff,
  0x8c,0x00,0x00,0x00,0x00,0x00,0xc7,0xff,0xff,0xd9,0x09,0x63,0xff,0xff,0xff,0x3d,
  0x00,0x00,0x00,0x00,0x00,0x00,0xde,0xff,0xff,0xaa,0x0d,0xf3,0xff,0xff,0x8d,0x00,
  0x00,0x00,0x00,0x00,0x39,0xff,0xff,0xff,0x52,0x00,0xac,0xff,0xff,0xd6,0x00,0x00,
  0x00,0x00,0x00,0x8d,0xff,0xff,0xe9,0x04,0x00,0x55,0xff,0xff,0xff,0x2b,0x00,0x00,
  0x00,0x00,0xd7,0xff,0xff,0x9a,0x00,0x00,0x06,0xeb,0xff,0xff,0x7d,0x00,0x00,0x00,
  0x2f,0xff,0xff,0xff,0x40,0x00,0x00,0x00,0x9f,0xff,0xff,0xc7,0x00,0x00,0x00,0x84,
  0xff,0xff,0xdd,0x00,0x00,0x00,0x00,0x46,0xff,0xff,0xfc,0x1a,0x00,0x00,0xd0,0xff,
  0xff,0x8b,0x00,0x00,0x00,0x00,0x00,0xe2,0xff,0xff,0x6c,0x00,0x27,0xfe,0xff,0xff,
  0x2f,0x00,0x00,0x00,0x00,0x00,0x92,0xff,0xff,0xb5,0x00,0x7b,0xff,0xff,0xcf,0x00,
  0x00,0x00,0x00,0x00,0x00,0x37,0xff,0xff,0xf0,0x04,0xc1,0xff,0xff,0x7b,0x00,0x00,
  0x00,0x00,0x00,0x00,0x00,0xd7,0xff,0xff,0x46,0xf8,0xff,0xfc,0x20,0x00,0x00,0x00,
  0x00,0x00,0x00,0x00,0x85,0xff,0xff,0xb3,0xff,0xff,0xbf,0x00,0x00,0x00,0x00,0x00,
  0x00,0x00,0x00,0x29,0xfe,0xff,0xfc,0xff,0xff,0x6a,0x00,0x00,0x00,0x00,0x00,0x00,
  0x00,0x00,0x00,0xcb,0xff,0xff,0xff,0xf6,0x12,0x00,0x00,0x00,0x00,0x00,0x00,0x00,
  0x00,0x00,0x78,0xff,0xff,0xff,0xb1,0x00,0x00,0x00,0x00,0x00,0x00,0x00,0x00,0x00,
  0x00,0x43,0xff,0xff,0xff,0x5a,0x00,0x00,0x00,0x00,0x00,0x00,0x00,0x00,0x00,0x00,
  0x80,0xff,0xff,0xee,0x09,0x00,0x00,0x00,0x00,0x00,0x00,0x00,0x0c,0x00,0x25,0xe2,
  0xff,0xff,0x98,0x00,0x00,0x00,0x00,0x00,0x00,0x00,0x00,0xd0,0xef,0xfc,0xff,0xff,
  0xf7,0x23,0x00,0x00,0x00,0x00,0x00,0x00,0x00,0x1d,0xfd,0xff,0xff,0xff,0xfe,0x64,
  0x00,0x00,0x00,0x00,0x00,0x00,0x00,0x00,0x45,0xe3,0xf9,0xea,0xc1,0x48,0x00,0x00,
  0x00,0x00,0x00,0x00,0x00,0x00,0x46,0xff,0xff,0xff,0xff,0xff,0xff,0xff,0xff,0xff,
  0xff,0xef,0x00,0x46,0xff,0xff,0xff,0xff,0xff,0xff,0xff,0xff,0xff,0xff,0xef,0x00,
  0x42,0xf2,0xf2,0xf2,0xf2,0xf2,0xf2,0xf4,0xff,0xff,0xff,0xcf,0x00,0x00,0x00,0x00,
  0x00,0x00,0x00,0x00,0x98,0xff,0xff,0xf6,0x34,0x00,0x00,0x00,0x00,0x00,0x00,0x00,
  0x59,0xfe,0xff,0xff,0x73,0x00,0x00,0x00,0x00,0x00,0x00,0x00,0x26,0xee,0xff,0xff,
  0xb6,0x00,0x00,0x00,0x00,0x00,0x00,0x00,0x06,0xc9,0xff,0xff,0xe6,0x1a,0x00,0x00,
  0x00,0x00,0x00,0x00,0x00,0x91,0xff,0xff,0xfd,0x4d,0x00,0x00,0x00,0x00,0x00,0x00,
  0x00,0x52,0xfd,0xff,0xff,0x91,0x00,0x00,0x00,0x00,0x00,0x00,0x00,0x21,0xea,0xff,
  0xff,0xce,0x07,0x00,0x00,0x00,0x00,0x00,0x00,0x04,0xc3,0xff,0xff,0xf3,0x2d,0x00,
  0x00,0x00,0x00,0x00,0x00,0x00,0x89,0xff,0xff,0xff,0x69,0x00,0x00,0x00,0x00,0x00,
  0x00,0x00,0x47,0xfc,0xff,0xff,0xff,0xef,0xef,0xef,0xef,0xef,0xef,0xef,0x35,0x83,
  0xff,0xff,0xff,0xff,0xff,0xff,0xff,0xff,0xff,0xff,0xff,0x39,0x83,0xff,0xff,0xff,
  0xff,0xff,0xff,0xff,0xff,0xff,0xff,0xff,0x39,0x00,0x00,0x00,0x00,0x00,0x02,0x54,
  0x8e,0xa8,0x58,0x00,0x00,0x00,0x00,0x23,0xd6,0xff,0xff,0xff,0x7f,0x00,0x00,0x00,
  0x00,0xc7,0xff,0xff,0xff,0xff,0x7f,0x00,0x00,0x00,0x2e,0xff,0xff,0xff,0x97,0x22,
  0x02,0x00,0x00,0x00,0x5c,0xff,0xff,0xe4,0x04,0x00,0x00,0x00,0x00,0x00,0x72,0xff,
  0xff,0xbd,0x00,0x00,0x00,0x00,0x00,0x00,0x77,0xff,0xff,0xb3,0x00,0x00,0x00,0x00,
  0x00,0x00,0x77,0xff,0xff,0xb3,0x00,0x00,0x00,0x00,0x00,0x00,0x7f,0xff,0xff,0xb3,
  0x00,0x00,0x00,0x00,0x00,0x00,0xa4,0xff,0xff,0xa3,0x00,0x00,0x00,0x00,0x14,0x60,
  0xf6,0xff,0xff,0x73,0x00,0x00,0x00,0x42,0xff,0xff,0xff,0xff,0xbe,0x0b,0x00,0x00,
  0x00,0x42,0xff,0xff,0xf0,0x5a,0x00,0x00,0x00,0x00,0x00,0x42,0xff,0xff,0xff,0xf5,
  0x7c,0x00,0x00,0x00,0x00,0x14,0x61,0xa5,0xff,0xff,0xff,0x56,0x00,0x00,0x00,0x00,
  0x00,0x00,0xbe,0xff,0xff,0x98,0x00,0x00,0x00,0x00,0x00,0x00,0x87,0xff,0xff,0xb2,
  0x00,0x00,0x00,0x00,0x00,0x00,0x77,0xff,0xff,0xb3,0x00,0x00,0x00,0x00,0x00,0x00,
  0x77,0xff,0xff,0xb3,0x00,0x00,0x00,0x00,0x00,0x00,0x76,0xff,0xff,0xb7,0x00,0x00,
  0x00,0x00,0x00,0x00,0x6c,0xff,0xff,0xd2,0x00,0x00,0x00,0x00,0x00,0x00,0x49,0xff,
  0xff,0xfe,0x47,0x00,0x00,0x00,0x00,0x00,0x0b,0xec,0xff,0xff,0xfc,0xc7,0x59,0x00,
  0x00,0x00,0x00,0x57,0xfc,0xff,0xff,0xff,0x7f,0x00,0x00,0x00,0x00,0x00,0x35,0xa5,
  0xdb,0xf3,0x7d,0x7f,0x8e,0x8e,0x25,0xe4,0xff,0xff,0x42,0xe4,0xff,0xff,0x42,0xe4,
  0xff,0xff,0x42,0xe4,0xff,0xff,0x42,0xe4,0xff,0xff,0x42,0xe4,0xff,0xff,0x42,0xe4,
  0xff,0xff,0x42,0xe4,0xff,0xff,0x42,0xe4,0xff,0xff,0x42,0xe4,0xff,0xff,0x42,0xe4,
  0xff,0xff,0x42,0xe4,0xff,0xff,0x42,0xe4,0xff,0xff,0x42,0xe4,0xff,0xff,0x42,0xe4,
  0xff,0xff,0x42,0xe4,0xff,0xff,0x42,0xe4,0xff,0xff,0x42,0xe4,0xff,0xff,0x42,0xe4,
  0xff,0xff,0x42,0xe4,0xff,0xff,0x42,0xe4,0xff,0xff,0x42,0xe4,0xff,0xff,0x42,0xe4,
  0xff,0xff,0x42,0xe4,0xff,0xff,0x42,0xe4,0xff,0xff,0x42,0xe4,0xff,0xff,0x42,0xe4,
  0xff,0xff,0x42,0xe4,0xff,0xff,0x42,0xe4,0xff,0xff,0x42,0xe4,0xff,0xff,0x42,0xe4,
  0xff,0xff,0x42,0xe4,0xff,0xff,0x42,0x74,0xa5,0x85,0x43,0x00,0x00,0x00,0x00,0x00,
  0x00,0xa8,0xff,0xff,0xff,0xbc,0x0d,0x00,0x00,0x00,0x00,0xa8,0xff,0xff,0xff,0xff,
  0xa3,0x00,0x00,0x00,0x00,0x06,0x2d,0xb4,0xff,0xff,0xf6,0x09,0x00,0x00,0x00,0x00,
  0x00,0x1b,0xfb,0xff,0xff,0x33,0x00,0x00,0x00,0x00,0x00,0x00,0xe4,0xff,0xff,0x43,
  0x00,0x00,0x00,0x00,0x00,0x00,0xda,0xff,0xff,0x46,0x00,0x00,0x00,0x00,0x00,0x00,
  0xda,0xff,0xff,0x46,0x00,0x00,0x00,0x00,0x00,0x00,0xda,0xff,0xff,0x50,0x00,0x00,
  0x00,0x00,0x00,0x00,0xca,0xff,0xff,0x7d,0x00,0x00,0x00,0x00,0x00,0x00,0x9b,0xff,
  0xff,0xea,0x58,0x17,0x00,0x00,0x00,0x00,0x1c,0xd1,0xff,0xff,0xff,0xff,0x0d,0x00,
  0x00,0x00,0x00,0x04,0x6f,0xfe,0xff,0xff,0x0d,0x00,0x00,0x00,0x07,0xa5,0xfd,0xff,
  0xff,0xff,0x0d,0x00,0x00,0x00,0x85,0xff,0xff,0xf9,0x90,0x55,0x02,0x00,0x00,0x00,
  0xc2,0xff,0xff,0x93,0x00,0x00,0x00,0x00,0x00,0x00,0xd9,0xff,0xff,0x58,0x00,0x00,
  0x00,0x00,0x00,0x00,0xda,0xff,0xff,0x46,0x00,0x00,0x00,0x00,0x00,0x00,0xda,0xff,
  0xff,0x46,0x00,0x00,0x00,0x00,0x00,0x00,0xde,0xff,0xff,0x45,0x00,0x00,0x00,0x00,
  0x00,0x06,0xf6,0xff,0xff,0x3a,0x00,0x00,0x00,0x00,0x00,0x74,0xff,0xff,0xfd,0x14,
  0x00,0x00,0x00,0x77,0xd0,0xff,0xff,0xff,0xc7,0x00,0x00,0x00,0x00,0xa8,0xff,0xff,
  0xff,0xf0,0x34,0x00,0x00,0x00,0x00,0xa4,0xf0,0xd2,0x96,0x21,0x00,0x00,0x00,0x00,
  0x00,0x00,0x00,0x23,0xac,0xe8,0xe1,0x97,0x13,0x00,0x00,0x00,0x22,0x7b,0x7b,0x3f,
  0x00,0x18,0xe3,0xff,0xff,0xff,0xff,0xdc,0x29,0x00,0x00,0x5d,0xff,0xff,0x7d,0x00,
  0x90,0xff,0xff,0xff,0xff,0xff,0xff,0xe7,0x48,0x1c,0xc8,0xff,0xff,0x5c,0x00,0xd2,
  0xff,0xff,0x61,0x18,0xa7,0xff,0xff,0xff,0xff,0xff,0xff,0xf7,0x17,0x00,0xef,0xff,
  0xd6,0x00,0x00,0x00,0x90,0xff,0xff,0xff,0xff,0xff,0x85,0x00,0x00,0x84,0x8a,0x68,
  0x00,0x00,0x00,0x00,0x5d,0xd4,0xf9,0xe0,0x78,0x00,0x00,
};

static const GdiGlyph inter_semibold_2_glyphs[95] = {
  {      0,   0,   0,    0,    0,   419 }, /* ' ' */
  {      0,   5,  20,    2,   20,   535 }, /* '!' */
  {    100,   9,   8,    2,   20,   870 }, /* '"' */
  {    172,  17,  20,    0,   20,  1071 }, /* '#' */
  {    512,  15,  26,    1,   23,  1082 }, /* '$' */
  {    902,  22,  20,    2,   20,  1671 }, /* '%' */
  {   1342,  17,  20,    1,   20,  1103 }, /* '&' */
  {   1682,   4,   8,    2,   20,   542 }, /* ''' */
  {   1714,   7,  25,    2,   21,   621 }, /* '(' */
  {   1889,   8,  25,    0,   21,   621 }, /* ')' */
  {   2089,  12,  12,    1,   20,   898 }, /* '*' */
  {   2233,  14,  14,    2,   15,  1120 }, /* '+' */
  {   2429,   6,   8,    1,    2,   531 }, /* ',' */
  {   2477,  10,   3,    1,   10,   774 }, /* '-' */
  {   2507,   5,   5,    2,    5,   531 }, /* '.' */
  {   2532,  10,  24,    0,   21,   631 }, /* '/' */
  {   2772,  15,  20,    1,   20,  1098 }, /* '0' */
  {   3072,   9,  20,    1,   20,   704 }, /* '1' */
  {   3252,  14,  20,    1,   20,  1037 }, /* '2' */
  {   3532,  15,  20,    1,   20,  1059 }, /* '3' */
  {   3832,  16,  20,    1,   20,  1108 }, /* '4' */
  {   4152,  14,  20,    1,   20,  1019 }, /* '5' */
  {   4432,  15,  20,    1,   20,  1064 }, /* '6' */
  {   4732,  13,  20,    1,   20,   959 }, /* '7' */
  {   4992,  15,  20,    1,   20,  1065 }, /* '8' */
  {   5292,  15,  20,    1,   20,  1064 }, /* '9' */
  {   5592,   5,  15,    2,   15,   531 }, /* ':' */
  {   5667,   6,  20,    1,   14,   548 }, /* ';' */
  {   5787,  13,  16,    2,   16,  1120 }, /* '<' */
  {   5995,  13,   9,    2,   12,  1120 }, /* '=' */
  {   6112,  14,  16,    2,   16,  1120 }, /* '>' */
  {   6336,  12,  20,    1,   20,   904 }, /* '?' */
  {   6576,  24,  26,    1,   20,  1662 }, /* '@' */
  {   7200,  19,  20,    0,   20,  1211 }, /* 'A' */
  {   7580,  15,  20,    1,   20,  1097 }, /* 'B' */
  {   7880,  17,  20,    1,   20,  1226 }, /* 'C' */
  {   8220,  17,  20,    1,   20,  1202 }, /* 'D' */
  {   8560,  14,  20,    1,   20,  1008 }, /* 'E' */
  {   8840,  14,  20,    1,   20,   978 }, /* 'F' */
  {   9120,  18,  20,    1,   20,  1246 }, /* 'G' */
  {   9480,  17,  20,    1,   20,  1241 }, /* 'H' */
  {   9820,   5,  20,    1,   20,   461 }, /* 'I' */
  {   9920,  14,  20,    0,   20,   964 }, /* 'J' */
  {  10200,  17,  20,    1,   20,  1170 }, /* 'K' */
  {  10540,  13,  20,    1,   20,   941 }, /* 'L' */
  {  10800,  22,  20,    1,   20,  1535 }, /* 'M' */
  {  11240,  17,  20,    1,   20,  1263 }, /* 'N' */
  {  11580,  18,  20,    1,   20,  1279 }, /* 'O' */
  {  11940,  15,  20,    1,   20,  1073 }, /* 'P' */
  {  12240,  18,  22,    1,   20,  1286 }, /* 'Q' */
  {  12636,  16,  20,    1,   20,  1086 }, /* 'R' */
  {  12956,  15,  20,    1,   20,  1082 }, /* 'S' */
  {  13256,  16,  20,    1,   20,  1099 }, /* 'T' */
  {  13576,  17,  20,    1,   20,  1224 }, /* 'U' */
  {  13916,  19,  20,    0,   20,  1211 }, /* 'V' */
  {  14296,  26,  20,    0,   20,  1697 }, /* 'W' */
  {  14816,  19,  20,    0,   20,  1198 }, /* 'X' */
  {  15196,  18,  20,    0,   20,  1187 }, /* 'Y' */
  {  15556,  15,  20,    1,   20,  1086 }, /* 'Z' */
  {  15856,   7,  25,    2,   21,   621 }, /* '[' */
  {  16031,  10,  24,    0,   21,   631 }, /* '/' */
  {  16271,   7,  25,    1,   21,   621 }, /* ']' */
  {  16446,  12,   9,    0,   20,   801 }, /* '^' */
  {  16554,  13,   3,    0,    0,   781 }, /* '_' */
  {  16593,   5,   5,    2,   22,   584 }, /* '`' */
  {  16618,  14,  15,    0,   15,   956 }, /* 'a' */
  {  16828,  15,  20,    1,   20,  1038 }, /* 'b' */
  {  17128,  14,  15,    1,   15,   969 }, /* 'c' */
  {  17338,  14,  20,    1,   20,  1038 }, /* 'd' */
  {  17618,  14,  15,    1,   15,   984 }, /* 'e' */
  {  17828,  10,  21,    0,   21,   647 }, /* 'f' */
  {  18038,  14,  21,    1,   15,  1041 }, /* 'g' */
  {  18332,  14,  20,    1,   20,  1019 }, /* 'h' */
  {  18612,   5,  21,    1,   21,   436 }, /* 'i' */
  {  18717,   7,  26,   -1,   20,   436 }, /* 'j' */
  {  18899,  14,  20,    1,   20,   947 }, /* 'k' */
  {  19179,   5,  20,    1,   20,   436 }, /* 'l' */
  {  19279,  21,  15,    1,   15,  1498 }, /* 'm' */
  {  19594,  14,  15,    1,   15,  1018 }, /* 'n' */
  {  19804,  14,  15,    1,   15,  1013 }, /* 'o' */
  {  20014,  15,  21,    1,   15,  1038 }, /* 'p' */
  {  20329,  14,  21,    1,   15,  1038 }, /* 'q' */
  {  20623,   9,  16,    1,   16,   661 }, /* 'r' */
  {  20767,  13,  15,    1,   15,   914 }, /* 's' */
  {  20962,   9,  19,    0,   19,   587 }, /* 't' */
  {  21133,  14,  15,    1,   15,  1019 }, /* 'u' */
  {  21343,  15,  15,    0,   15,   977 }, /* 'v' */
  {  21568,  22,  15,    0,   15,  1397 }, /* 'w' */
  {  21898,  15,  15,    0,   15,   947 }, /* 'x' */
  {  22123,  15,  21,    0,   15,   979 }, /* 'y' */
  {  22438,  13,  15,    1,   15,   942 }, /* 'z' */
  {  22633,  10,  25,    1,   21,   756 }, /* '{' */
  {  22883,   4,  33,    3,   27,   597 }, /* '|' */
  {  23015,  10,  25,    1,   21,   756 }, /* '}' */
  {  23265,  15,   6,    1,   11,  1120 }, /* '~' */
};

const GdiFace g_gdi_faces[GDI_FONT_STYLES][GDI_MAX_SCALE] = {
  {
    { 13, 32, 95, inter_regular_1_glyphs, inter_regular_1_bits },
    { 26, 32, 95, inter_regular_2_glyphs, inter_regular_2_bits },
  },
  {
    { 13, 32, 95, inter_semibold_1_glyphs, inter_semibold_1_bits },
    { 26, 32, 95, inter_semibold_2_glyphs, inter_semibold_2_bits },
  },
};
